{"ensemble_val1_label0.xgb": {"eta": 0.15, "max_depth": 4, "min_child_weight": 3, "best_iteration": 38, "best_ntree_limit": 39, "smooth_f2": 0.1366958798521324, "f2_0.1": 0.625, "f2_0.2": 0.3614457831325301, "greedy_threshold": 0.12, "greedy_f2": 0.6593406593406592}, "ensemble_val1_label1.xgb": {"eta": 0.15, "max_depth": 7, "min_child_weight": 3, "best_iteration": 6, "best_ntree_limit": 7, "smooth_f2": 0.35697361996017685, "f2_0.1": 0.30732779342078154, "f2_0.2": 0.657598197037991, "greedy_threshold": 0.27, "greedy_f2": 0.7239552678045909}, "ensemble_val1_label2.xgb": {"eta": 0.15, "max_depth": 9, "min_child_weight": 5, "best_iteration": 14, "best_ntree_limit": 15, "smooth_f2": 0.9068819549526077, "f2_0.1": 0.9814014949805733, "f2_0.2": 0.9818817671698412, "greedy_threshold": 0.24, "greedy_f2": 0.9823670112874849}, "ensemble_val1_label3.xgb": {"eta": 0.15, "max_depth": 7, "min_child_weight": 3, "best_iteration": 22, "best_ntree_limit": 23, "smooth_f2": 0.12807001506291726, "f2_0.1": 0.32967032967032966, "f2_0.2": 0.2884615384615385, "greedy_threshold": 0.06, "greedy_f2": 0.429042904290429}, "ensemble_val1_label4.xgb": {"eta": 0.15, "max_depth": 6, "min_child_weight": 4, "best_iteration": 23, "best_ntree_limit": 24, "smooth_f2": 0.6283915555370129, "f2_0.1": 0.8257172736779884, "f2_0.2": 0.8293544690603514, "greedy_threshold": 0.16, "greedy_f2": 0.8330982604607429}, "ensemble_val1_label5.xgb": {"eta": 0.15, "max_depth": 6, "min_child_weight": 2, "best_iteration": 26, "best_ntree_limit": 27, "smooth_f2": 0.5294265345351687, "f2_0.1": 0.763046544428773, "f2_0.2": 0.7638043036946812, "greedy_threshold": 0.15, "greedy_f2": 0.7739678786087298}, "ensemble_val1_label6.xgb": {"eta": 0.15, "max_depth": 5, "min_child_weight": 3, "best_iteration": 21, "best_ntree_limit": 22, "smooth_f2": 0.09786206358326942, "f2_0.1": 0.46798029556650245, "f2_0.2": 0.38235294117647056, "greedy_threshold": 0.15, "greedy_f2": 0.5219780219780219}, "ensemble_val1_label7.xgb": {"eta": 0.15, "max_depth": 4, "min_child_weight": 3, "best_iteration": 13, "best_ntree_limit": 14, "smooth_f2": 0.18954683683474172, "f2_0.1": 0.4780970325011775, "f2_0.2": 0.5151915455746368, "greedy_threshold": 0.18, "greedy_f2": 0.5239616613418531}, "ensemble_val1_label8.xgb": {"eta": 0.15, "max_depth": 7, "min_child_weight": 2, "best_iteration": 27, "best_ntree_limit": 28, "smooth_f2": 0.9343449888971935, "f2_0.1": 0.9802535979457373, "f2_0.2": 0.9808264001117296, "greedy_threshold": 0.18, "greedy_f2": 0.9812935005883175}, "ensemble_val1_label9.xgb": {"eta": 0.15, "max_depth": 6, "min_child_weight": 2, "best_iteration": 12, "best_ntree_limit": 13, "smooth_f2": 0.36831488808373913, "f2_0.1": 0.5864035087719298, "f2_0.2": 0.6525934861278649, "greedy_threshold": 0.17, "greedy_f2": 0.6563098052459755}, "ensemble_val1_label10.xgb": {"eta": 0.15, "max_depth": 4, "min_child_weight": 1, "best_iteration": 28, "best_ntree_limit": 29, "smooth_f2": 0.5815626262035967, "f2_0.1": 0.7917343858834456, "f2_0.2": 0.7983296487349545, "greedy_threshold": 0.22, "greedy_f2": 0.8034166872988363}, "ensemble_val1_label11.xgb": {"eta": 0.15, "max_depth": 3, "min_child_weight": 1, "best_iteration": 15, "best_ntree_limit": 16, "smooth_f2": 0.22032066956078483, "f2_0.1": 0.5643513789581205, "f2_0.2": 0.5716207128446537, "greedy_threshold": 0.15, "greedy_f2": 0.5954518252543388}, "ensemble_val1_label12.xgb": {"eta": 0.15, "max_depth": 4, "min_child_weight": 4, "best_iteration": 26, "best_ntree_limit": 27, "smooth_f2": 0.22456475031297282, "f2_0.1": 0.5084745762711864, "f2_0.2": 0.44728434504792325, "greedy_threshold": 0.06, "greedy_f2": 0.5788177339901479}, "ensemble_val2_label0.xgb": {"eta": 0.15, "max_depth": 5, "min_child_weight": 4, "best_iteration": 40, "best_ntree_limit": 41, "smooth_f2": 0.1398935953392336, "f2_0.1": 0.42857142857142855, "f2_0.2": 0.27777777777777773, "greedy_threshold": 0.03, "greedy_f2": 0.5523255813953488}, "ensemble_val2_label1.xgb": {"eta": 0.15, "max_depth": 5, "min_child_weight": 3, "best_iteration": 11, "best_ntree_limit": 12, "smooth_f2": 0.42264338908097515, "f2_0.1": 0.5674149566175458, "f2_0.2": 0.7030157779109247, "greedy_threshold": 0.18, "greedy_f2": 0.7102658645449252}, "ensemble_val2_label2.xgb": {"eta": 0.15, "max_depth": 6, "min_child_weight": 3, "best_iteration": 17, "best_ntree_limit": 18, "smooth_f2": 0.9220036355664563, "f2_0.1": 0.9819034852546917, "f2_0.2": 0.9825029655990509, "greedy_threshold": 0.18, "greedy_f2": 0.9828468667865541}, "ensemble_val2_label3.xgb": {"eta": 0.15, "max_depth": 5, "min_child_weight": 2, "best_iteration": 20, "best_ntree_limit": 21, "smooth_f2": 0.13608029266288832, "f2_0.1": 0.421455938697318, "f2_0.2": 0.3571428571428571, "greedy_threshold": 0.06, "greedy_f2": 0.44673539518900346}, "ensemble_val2_label4.xgb": {"eta": 0.15, "max_depth": 2, "min_child_weight": 1, "best_iteration": 11, "best_ntree_limit": 12, "smooth_f2": 0.5941751826507833, "f2_0.1": 0.7215720994687813, "f2_0.2": 0.8351409978308026, "greedy_threshold": 0.21, "greedy_f2": 0.8366486691294877}, "ensemble_val2_label5.xgb": {"eta": 0.15, "max_depth": 7, "min_child_weight": 1, "best_iteration": 16, "best_ntree_limit": 17, "smooth_f2": 0.514082653932306, "f2_0.1": 0.746955345060893, "f2_0.2": 0.7609785442149589, "greedy_threshold": 0.18, "greedy_f2": 0.7685084511218742}, "ensemble_val2_label6.xgb": {"eta": 0.15, "max_depth": 4, "min_child_weight": 2, "best_iteration": 20, "best_ntree_limit": 21, "smooth_f2": 0.08297036289259846, "f2_0.1": 0.39215686274509803, "f2_0.2": 0.2762430939226519, "greedy_threshold": 0.09, "greedy_f2": 0.4545454545454546}, "ensemble_val2_label7.xgb": {"eta": 0.15, "max_depth": 3, "min_child_weight": 5, "best_iteration": 23, "best_ntree_limit": 24, "smooth_f2": 0.2310506745601314, "f2_0.1": 0.563953488372093, "f2_0.2": 0.49291019581363943, "greedy_threshold": 0.09, "greedy_f2": 0.5702992659514399}, "ensemble_val2_label8.xgb": {"eta": 0.15, "max_depth": 6, "min_child_weight": 5, "best_iteration": 7, "best_ntree_limit": 8, "smooth_f2": 0.835223045091553, "f2_0.1": 0.9781575507940907, "f2_0.2": 0.9789655240776353, "greedy_threshold": 0.28, "greedy_f2": 0.9816024211532335}, "ensemble_val2_label9.xgb": {"eta": 0.15, "max_depth": 3, "min_child_weight": 2, "best_iteration": 25, "best_ntree_limit": 26, "smooth_f2": 0.39639435391188155, "f2_0.1": 0.644425124972832, "f2_0.2": 0.6473988439306358, "greedy_threshold": 0.15, "greedy_f2": 0.6568154402895056}, "ensemble_val2_label10.xgb": {"eta": 0.15, "max_depth": 6, "min_child_weight": 5, "best_iteration": 14, "best_ntree_limit": 15, "smooth_f2": 0.5342344654603263, "f2_0.1": 0.7767094017094017, "f2_0.2": 0.7979468035464302, "greedy_threshold": 0.15, "greedy_f2": 0.8084577114427859}, "ensemble_val2_label11.xgb": {"eta": 0.15, "max_depth": 3, "min_child_weight": 4, "best_iteration": 16, "best_ntree_limit": 17, "smooth_f2": 0.23145251177934242, "f2_0.1": 0.5517057569296375, "f2_0.2": 0.5390835579514826, "greedy_threshold": 0.12, "greedy_f2": 0.5670103092783506}, "ensemble_val2_label12.xgb": {"eta": 0.15, "max_depth": 2, "min_child_weight": 1, "best_iteration": 13, "best_ntree_limit": 14, "smooth_f2": 0.151989588321918, "f2_0.1": 0.6507592190889371, "f2_0.2": 0.625, "greedy_threshold": 0.12, "greedy_f2": 0.6744186046511629}, "ensemble_val3_label0.xgb": {"eta": 0.15, "max_depth": 3, "min_child_weight": 5, "best_iteration": 29, "best_ntree_limit": 30, "smooth_f2": 0.11770694936859788, "f2_0.1": 0.371900826446281, "f2_0.2": 0.44999999999999996, "greedy_threshold": 0.27, "greedy_f2": 0.4838709677419354}, "ensemble_val3_label1.xgb": {"eta": 0.15, "max_depth": 6, "min_child_weight": 1, "best_iteration": 13, "best_ntree_limit": 14, "smooth_f2": 0.39775513381869004, "f2_0.1": 0.6347129069196793, "f2_0.2": 0.7030772366007744, "greedy_threshold": 0.21, "greedy_f2": 0.7060518731988473}, "ensemble_val3_label2.xgb": {"eta": 0.15, "max_depth": 5, "min_child_weight": 4, "best_iteration": 9, "best_ntree_limit": 10, "smooth_f2": 0.8599160951103678,