{"ensemble_val1_label0.xgb": {"eta": 0.05, "max_depth": 3, "min_child_weight": 2, "best_iteration": 2, "best_ntree_limit": 3, "smooth_f2": 0.009124006203884944, "f2_0.1": 0.008591842271863976, "f2_0.2": 0.008591842271863976, "greedy_threshold": 0.45, "greedy_f2": 0.5859375}, "ensemble_val1_label1.xgb": {"eta": 0.05, "max_depth": 5, "min_child_weight": 2, "best_iteration": 11, "best_ntree_limit": 12, "smooth_f2": 0.3148436502106852, "f2_0.1": 0.30732779342078154, "f2_0.2": 0.30732779342078154, "greedy_threshold": 0.35, "greedy_f2": 0.7239552678045909}, "ensemble_val1_label2.xgb": {"eta": 0.05, "max_depth": 9, "min_child_weight": 1, "best_iteration": 24, "best_ntree_limit": 25, "smooth_f2": 0.8376055662513866, "f2_0.1": 0.9798035471742681, "f2_0.2": 0.9819595768198326, "greedy_threshold": 0.21, "greedy_f2": 0.9820952681761653}, "ensemble_val1_label3.xgb": {"eta": 0.05, "max_depth": 3, "min_child_weight": 5, "best_iteration": 30, "best_ntree_limit": 31, "smooth_f2": 0.04882172708987667, "f2_0.1": 0.024988844265952694, "f2_0.2": 0.33333333333333337, "greedy_threshold": 0.12, "greedy_f2": 0.42397660818713456}, "ensemble_val1_label4.xgb": {"eta": 0.05, "max_depth": 8, "min_child_weight": 5, "best_iteration": 21, "best_ntree_limit": 22, "smooth_f2": 0.5737436847393048, "f2_0.1": 0.7242713240644988, "f2_0.2": 0.8129597815074227, "greedy_threshold": 0.27, "greedy_f2": 0.8332158134724768}, "ensemble_val1_label5.xgb": {"eta": 0.05, "max_depth": 6, "min_child_weight": 1, "best_iteration": 10, "best_ntree_limit": 11, "smooth_f2": 0.41401272196430794, "f2_0.1": 0.486964255934182, "f2_0.2": 0.486964255934182, "greedy_threshold": 0.35, "greedy_f2": 0.775623268698061}, "ensemble_val1_label6.xgb": {"eta": 0.05, "max_depth": 5, "min_child_weight": 4, "best_iteration": 12, "best_ntree_limit": 13, "smooth_f2": 0.02075545015572102, "f2_0.1": 0.015291895295493388, "f2_0.2": 0.015291895295493388, "greedy_threshold": 0.27, "greedy_f2": 0.45045045045045046}, "ensemble_val1_label7.xgb": {"eta": 0.05, "max_depth": 5, "min_child_weight": 2, "best_iteration": 19, "best_ntree_limit": 20, "smooth_f2": 0.14491345620196586, "f2_0.1": 0.10738366769333223, "f2_0.2": 0.44807370184254613, "greedy_threshold": 0.27, "greedy_f2": 0.5183515775917579}, "ensemble_val1_label8.xgb": {"eta": 0.05, "max_depth": 10, "min_child_weight": 4, "best_iteration": 12, "best_ntree_limit": 13, "smooth_f2": 0.7464780853002027, "f2_0.1": 0.9777456016819724, "f2_0.2": 0.9777456016819724, "greedy_threshold": 0.35, "greedy_f2": 0.9812310515398117}, "ensemble_val1_label9.xgb": {"eta": 0.05, "max_depth": 6, "min_child_weight": 5, "best_iteration": 26, "best_ntree_limit": 27, "smooth_f2": 0.35511251117598136, "f2_0.1": 0.4219701996742475, "f2_0.2": 0.6355706839697903, "greedy_threshold": 0.24, "greedy_f2": 0.6525911708253358}, "ensemble_val1_label10.xgb": {"eta": 0.05, "max_depth": 5, "min_child_weight": 4, "best_iteration": 41, "best_ntree_limit": 42, "smooth_f2": 0.5040507972958804, "f2_0.1": 0.7663344407530455, "f2_0.2": 0.8009180961584924, "greedy_threshold": 0.21, "greedy_f2": 0.8057851239669421}, "ensemble_val1_label11.xgb": {"eta": 0.05, "max_depth": 7, "min_child_weight": 3, "best_iteration": 43, "best_ntree_limit": 44, "smooth_f2": 0.20145486232743534, "f2_0.1": 0.5321143928738866, "f2_0.2": 0.5537564766839378, "greedy_threshold": 0.15, "greedy_f2": 0.5904377880184333}, "ensemble_val1_label12.xgb": {"eta": 0.05, "max_depth": 6, "min_child_weight": 4, "best_iteration": 28, "best_ntree_limit": 29, "smooth_f2": 0.06432411526900783, "f2_0.1": 0.02934637616718542, "f2_0.2": 0.5, "greedy_threshold": 0.21, "greedy_f2": 0.5084745762711864}, "ensemble_val2_label0.xgb": {"eta": 0.05, "max_depth": 4, "min_child_weight": 2, "best_iteration": 43, "best_ntree_limit": 44, "smooth_f2": 0.030901472850238528, "f2_0.1": 0.5246913580246914, "f2_0.2": 0.27777777777777773, "greedy_threshold": 0.09, "greedy_f2": 0.5588235294117647}, "ensemble_val2_label1.xgb": {"eta": 0.05, "max_depth": 5, "min_child_weight": 4, "best_iteration": 19, "best_ntree_limit": 20, "smooth_f2": 0.35054583948491685, "f2_0.1": 0.29894693085769714, "f2_0.2": 0.5682605682605683, "greedy_threshold": 0.27, "greedy_f2": 0.7093799058084772}, "ensemble_val2_label2.xgb": {"eta": 0.05, "max_depth": 3, "min_child_weight": 1, "best_iteration": 19, "best_ntree_limit": 20, "smooth_f2": 0.8099996681196128, "f2_0.1": 0.9800180938520239, "f2_0.2": 0.9800180938520239, "greedy_threshold": 0.35, "greedy_f2": 0.9825646905331411}, "ensemble_val2_label3.xgb": {"eta": 0.05, "max_depth": 6, "min_child_weight": 1, "best_iteration": 30, "best_ntree_limit": 31, "smooth_f2": 0.055584773510652496, "f2_0.1": 0.0219180533190195, "f2_0.2": 0.37878787878787884, "greedy_threshold": 0.15, "greedy_f2": 0.43046357615894043}, "ensemble_val2_label4.xgb": {"eta": 0.05, "max_depth": 4, "min_child_weight": 4, "best_iteration": 28, "best_ntree_limit": 29, "smooth_f2": 0.5881394954773325, "f2_0.1": 0.7215720994687813, "f2_0.2": 0.8329449053789503, "greedy_threshold": 0.24, "greedy_f2": 0.8360273842350481}, "ensemble_val2_label5.xgb": {"eta": 0.05, "max_depth": 5, "min_child_weight": 3, "best_iteration": 2, "best_ntree_limit": 3, "smooth_f2": 0.37158296856197043, "f2_0.1": 0.49216075963343275, "f2_0.2": 0.49216075963343275, "greedy_threshold": 0.45, "greedy_f2": 0.7639293341098816}, "ensemble_val2_label6.xgb": {"eta": 0.05, "max_depth": 5, "min_child_weight": 4, "best_iteration": 10, "best_ntree_limit": 11, "smooth_f2": 0.019885315797641148, "f2_0.1": 0.016621743036837378, "f2_0.2": 0.016621743036837378, "greedy_threshold": 0.35, "greedy_f2": 0.3968253968253968}, "ensemble_val2_label7.xgb": {"eta": 0.05, "max_depth": 2, "min_child_weight": 1, "best_iteration": 40, "best_ntree_limit": 41, "smooth_f2": 0.17727360054967048, "f2_0.1": 0.500859845227859, "f2_0.2": 0.5174686882003955, "greedy_threshold": 0.15, "greedy_f2": 0.5745792222867091}, "ensemble_val2_label8.xgb": {"eta": 0.05, "max_depth": 3, "min_child_weight": 1, "best_iteration": 24, "best_ntree_limit": 25, "smooth_f2": 0.8317355129908306, "f2_0.1": 0.9781575507940907, "f2_0.2": 0.9799368934928857, "greedy_threshold": 0.35, "greedy_f2": 0.9813903444977983}, "ensemble_val2_label9.xgb": {"eta": 0.05, "max_depth": 2, "min_child_weight": 1, "best_iteration": 16, "best_ntree_limit": 17, "smooth_f2": 0.33905595533842137, "f2_0.1": 0.41631240131179403, "f2_0.2": 0.41631240131179403, "greedy_threshold": 0.3, "greedy_f2": 0.655168135004343}, "ensemble_val2_label10.xgb": {"eta": 0.05, "max_depth": 6, "min_child_weight": 1, "best_iteration": 17, "best_ntree_limit": 18, "smooth_f2": 0.37206353553129107, "f2_0.1": 0.27350974534073125, "f2_0.2": 0.27350974534073125, "greedy_threshold": 0.3, "greedy_f2": 0.8099906629318394}, "ensemble_val2_label11.xgb": {"eta": 0.05, "max_depth": 8, "min_child_weight": 4, "best_iteration": 27, "best_ntree_limit": 28, "smooth_f2": 0.16899593755890294, "f2_0.1": 0.10508757297748124, "f2_0.2": 0.5505142165759226, "greedy_threshold": 0.21, "greedy_f2": 0.5634674922600619}, "ensemble_val2_label12.xgb": {"eta": 0.05, "max_depth": 3, "min_child_weight": 2, "best_iteration": 19, "best_ntree_limit": 20, "smooth_f2": 0.07475050037923114, "f2_0.1": 0.03496194016640113, "f2_0.2": 0.5627306273062731, "greedy_threshold": 0.27, "greedy_f2": 0.6643356643356644}, "ensemble_val3_label0.xgb": {"eta": 0.05, "max_depth": 6, "min_child_weight": 1, "best_iteration": 14, "best_ntree_limit": 15, "smooth_f2": 0.011836882658991618, "f2_0.1": 0.008591842271863976, "f2_0.2": 0.008591842271863976, "greedy_threshold": 0.35, "greedy_f2": 0.43269230769230765}, "ensemble_val3_label1.xgb": {"eta": 0.05, "max_depth": 5, "min_child_weight": 3, "best_iteration": 33, "best_ntree_limit": 34, "smooth_f2": 0.37511092208064883, "f2_0.1": 0.43895747599451307, "f2_0.2": 0.6968190854870775, "greedy_threshold": 0.21, "greedy_f2": 0.7011887970985291}, "ensemble_val3_label2.xgb": {"eta": 0.05, "max_depth": 8, "min_child_weight": 4, "best_iteration": 26,