{"ensemble_val1_label0.xgb": {"eta": 0.15, "max_depth": 2, "min_child_weight": 5, "best_iteration": 10, "best_ntree_limit": 11, "smooth_f2": 0.024154029371854496, "f2_0.1": 0.375, "f2_0.2": 0.5504587155963303, "greedy_threshold": 0.19, "greedy_f2": 0.6578947368421053}, "ensemble_val1_label1.xgb": {"eta": 0.15, "max_depth": 4, "min_child_weight": 2, "best_iteration": 9, "best_ntree_limit": 10, "smooth_f2": 0.3927891123077364, "f2_0.1": 0.30732779342078154, "f2_0.2": 0.7142857142857143, "greedy_threshold": 0.24, "greedy_f2": 0.7245222929936306}, "ensemble_val1_label2.xgb": {"eta": 0.15, "max_depth": 7, "min_child_weight": 2, "best_iteration": 14, "best_ntree_limit": 15, "smooth_f2": 0.9100284533373385, "f2_0.1": 0.9813434307577011, "f2_0.2": 0.981999960482899, "greedy_threshold": 0.3, "greedy_f2": 0.9824873849807065}, "ensemble_val1_label3.xgb": {"eta": 0.1, "max_depth": 10, "min_child_weight": 4, "best_iteration": 30, "best_ntree_limit": 31, "smooth_f2": 0.10760316309047689, "f2_0.1": 0.3345724907063197, "f2_0.2": 0.3294573643410853, "greedy_threshold": 0.06, "greedy_f2": 0.42993630573248404}, "ensemble_val1_label4.xgb": {"eta": 0.1, "max_depth": 5, "min_child_weight": 5, "best_iteration": 7, "best_ntree_limit": 8, "smooth_f2": 0.5485479421905242, "f2_0.1": 0.7242713240644988, "f2_0.2": 0.7242713240644988, "greedy_threshold": 0.3, "greedy_f2": 0.8324357233175667}, "ensemble_val1_label5.xgb": {"eta": 0.1, "max_depth": 3, "min_child_weight": 1, "best_iteration": 34, "best_ntree_limit": 35, "smooth_f2": 0.5075473869466133, "f2_0.1": 0.7634549015950006, "f2_0.2": 0.768177669607545, "greedy_threshold": 0.15, "greedy_f2": 0.7788574793875148}, "ensemble_val1_label6.xgb": {"eta": 0.2, "max_depth": 5, "min_child_weight": 2, "best_iteration": 16, "best_ntree_limit": 17, "smooth_f2": 0.10283489187367416, "f2_0.1": 0.5026455026455027, "f2_0.2": 0.3012048192771084, "greedy_threshold": 0.09, "greedy_f2": 0.5181347150259068}, "ensemble_val1_label7.xgb": {"eta": 0.15, "max_depth": 7, "min_child_weight": 3, "best_iteration": 11, "best_ntree_limit": 12, "smooth_f2": 0.1876125435183058, "f2_0.1": 0.37680660701995866, "f2_0.2": 0.5234070221066319, "greedy_threshold": 0.18, "greedy_f2": 0.5415384615384616}, "ensemble_val1_label8.xgb": {"eta": 0.2, "max_depth": 8, "min_child_weight": 5, "best_iteration": 18, "best_ntree_limit": 19, "smooth_f2": 0.9359602567404365, "f2_0.1": 0.9802360527834726, "f2_0.2": 0.9809142036616011, "greedy_threshold": 0.24, "greedy_f2": 0.9812412692077431}, "ensemble_val1_label9.xgb": {"eta": 0.15, "max_depth": 2, "min_child_weight": 1, "best_iteration": 15, "best_ntree_limit": 16, "smooth_f2": 0.3628881198544659, "f2_0.1": 0.6228155339805824, "f2_0.2": 0.6390078065978343, "greedy_threshold": 0.15, "greedy_f2": 0.6570421734682277}, "ensemble_val1_label10.xgb": {"eta": 0.1, "max_depth": 2, "min_child_weight": 1, "best_iteration": 19, "best_ntree_limit": 20, "smooth_f2": 0.5003114321070068, "f2_0.1": 0.7639956092206366, "f2_0.2": 0.8003359731221502, "greedy_threshold": 0.21, "greedy_f2": 0.8032273603082851}, "ensemble_val1_label11.xgb": {"eta": 0.05, "max_depth": 3, "min_child_weight": 1, "best_iteration": 5, "best_ntree_limit": 6, "smooth_f2": 0.10976806508675918, "f2_0.1": 0.10738366769333223, "f2_0.2": 0.10738366769333223, "greedy_threshold": 0.4, "greedy_f2": 0.6037059175134488}, "ensemble_val1_label12.xgb": {"eta": 0.15, "max_depth": 7, "min_child_weight": 4, "best_iteration": 8, "best_ntree_limit": 9, "smooth_f2": 0.06501298273016298, "f2_0.1": 0.02934637616718542, "f2_0.2": 0.5181347150259067, "greedy_threshold": 0.21, "greedy_f2": 0.5277044854881268}, "ensemble_val2_label0.xgb": {"eta": 0.2, "max_depth": 2, "min_child_weight": 5, "best_iteration": 26, "best_ntree_limit": 27, "smooth_f2": 0.15521346912136208, "f2_0.1": 0.4794520547945206, "f2_0.2": 0.4, "greedy_threshold": 0.06, "greedy_f2": 0.5696202531645569}, "ensemble_val2_label1.xgb": {"eta": 0.1, "max_depth": 6, "min_child_weight": 5, "best_iteration": 12, "best_ntree_limit": 13, "smooth_f2": 0.3850949001967714, "f2_0.1": 0.29894693085769714, "f2_0.2": 0.6852017937219731, "greedy_threshold": 0.24, "greedy_f2": 0.7191847932588673}, "ensemble_val2_label2.xgb": {"eta": 0.2, "max_depth": 5, "min_child_weight": 4, "best_iteration": 19, "best_ntree_limit": 20, "smooth_f2": 0.9377379488503683, "f2_0.1": 0.981748659728792, "f2_0.2": 0.982905138339921, "greedy_threshold": 0.21, "greedy_f2": 0.9829794804886727}, "ensemble_val2_label3.xgb": {"eta": 0.15, "max_depth": 4, "min_child_weight": 2, "best_iteration": 18, "best_ntree_limit": 19, "smooth_f2": 0.10879071400582367, "f2_0.1": 0.4363636363636364, "f2_0.2": 0.3673469387755102, "greedy_threshold": 0.12, "greedy_f2": 0.45283018867924524}, "ensemble_val2_label4.xgb": {"eta": 0.2, "max_depth": 5, "min_child_weight": 4, "best_iteration": 14, "best_ntree_limit": 15, "smooth_f2": 0.6147724071335159, "f2_0.1": 0.8277389596748412, "f2_0.2": 0.8294741919922819, "greedy_threshold": 0.15, "greedy_f2": 0.836873406966865}, "ensemble_val2_label5.xgb": {"eta": 0.1, "max_depth": 8, "min_child_weight": 3, "best_iteration": 58, "best_ntree_limit": 59, "smooth_f2": 0.5232874154073787, "f2_0.1": 0.7587874279337922, "f2_0.2": 0.755831566192063, "greedy_threshold": 0.15, "greedy_f2": 0.7689688715953307}, "ensemble_val2_label6.xgb": {"eta": 0.2, "max_depth": 3, "min_child_weight": 1, "best_iteration": 17, "best_ntree_limit": 18, "smooth_f2": 0.09279091670442251, "f2_0.1": 0.40609137055837563, "f2_0.2": 0.21084337349397592, "greedy_threshold": 0.09, "greedy_f2": 0.42079207920792083}, "ensemble_val2_label7.xgb": {"eta": 0.2, "max_depth": 2, "min_child_weight": 1, "best_iteration": 24, "best_ntree_limit": 25, "smooth_f2": 0.23978390648361156, "f2_0.1": 0.5640589569160999, "f2_0.2": 0.5067567567567568, "greedy_threshold": 0.09, "greedy_f2": 0.5730897009966778}, "ensemble_val2_label8.xgb": {"eta": 0.05, "max_depth": 6, "min_child_weight": 3, "best_iteration": 31, "best_ntree_limit": 32, "smooth_f2": 0.8680716700118501, "f2_0.1": 0.9781575507940907, "f2_0.2": 0.979423378375697, "greedy_threshold": 0.3, "greedy_f2": 0.9819203859110571}, "ensemble_val2_label9.xgb": {"eta": 0.15, "max_depth": 4, "min_child_weight": 2, "best_iteration": 22, "best_ntree_limit": 23, "smooth_f2": 0.41061728109780427, "f2_0.1": 0.6300728407908429, "f2_0.2": 0.6490445859872611, "greedy_threshold": 0.18, "greedy_f2": 0.658641975308642}, "ensemble_val2_label10.xgb": {"eta": 0.2, "max_depth": 2, "min_child_weight": 1, "best_iteration": 9, "best_ntree_limit": 10, "smooth_f2": 0.5090604562463162, "f2_0.1": 0.7794838984858179, "f2_0.2": 0.8108419838523646, "greedy_threshold": 0.21, "greedy_f2": 0.8134137851009515}, "ensemble_val2_label11.xgb": {"eta": 0.1, "max_depth": 4, "min_child_weight": 2, "best_iteration": 11, "best_ntree_limit": 12, "smooth_f2": 0.15517120510886964, "f2_0.1": 0.10508757297748124, "f2_0.2": 0.5771276595744681, "greedy_threshold": 0.21, "greedy_f2": 0.5810736026563365}, "ensemble_val2_label12.xgb": {"eta": 0.1, "max_depth": 5, "min_child_weight": 4, "best_iteration": 2, "best_ntree_limit": 3, "smooth_f2": 0.042735991405996335, "f2_0.1": 0.03496194016640113, "f2_0.2": 0.03496194016640113, "greedy_threshold": 0.4, "greedy_f2": 0.6812933025404156}, "ensemble_val3_label0.xgb": {"eta": 0.15, "max_depth": 4, "min_child_weight": 1, "best_iteration": 14, "best_ntree_limit": 15, "smooth_f2": 0.04255300822404558, "f2_0.1": 0.2459016393442623, "f2_0.2": 0.34883720930232553, "greedy_threshold": 0.46, "greedy_f2": 0.46874999999999994}, "ensemble_val3_label1.xgb": {"eta": 0.1, "max_depth": 4, "min_child_weight": 4, "best_iteration": 21, "best_ntree_limit": 22, "smooth_f2": 0.4160118460223934, "f2_0.1": 0.6679356290015575, "f2_0.2": 0.7151741293532339, "greedy_threshold": 0.21, "greedy_f2": 0.7157762938230384}, "ensemble_val3_label2.xgb": {"eta": 0.1, "max_depth": 4, "min_child_weight": 4, "best_iteration": 15, "best_ntree_limit": 16, "smooth_f2": 0.8696903566958639, "f2_0.1": 0.9804614629356897,