{"ensemble_val1_label0.xgb": {"eta": 0.2, "max_depth": 3, "min_child_weight": 3, "best_iteration": 7, "best_ntree_limit": 8, "smooth_f2": 0.02757451811616283, "f2_0.1": 0.08210890233362143, "f2_0.2": 0.5263157894736842, "greedy_threshold": 0.19, "greedy_f2": 0.603448275862069}, "ensemble_val1_label1.xgb": {"eta": 0.2, "max_depth": 4, "min_child_weight": 5, "best_iteration": 22, "best_ntree_limit": 23, "smooth_f2": 0.48535053575428394, "f2_0.1": 0.7028258887876025, "f2_0.2": 0.7197121151539385, "greedy_threshold": 0.18, "greedy_f2": 0.7237231315322422}, "ensemble_val1_label2.xgb": {"eta": 0.2, "max_depth": 6, "min_child_weight": 2, "best_iteration": 38, "best_ntree_limit": 39, "smooth_f2": 0.9415548223156075, "f2_0.1": 0.9815648192010106, "f2_0.2": 0.982213438735178, "greedy_threshold": 0.24, "greedy_f2": 0.9825223907155143}, "ensemble_val1_label3.xgb": {"eta": 0.2, "max_depth": 7, "min_child_weight": 5, "best_iteration": 19, "best_ntree_limit": 20, "smooth_f2": 0.1651077120412703, "f2_0.1": 0.37906137184115524, "f2_0.2": 0.28957528957528955, "greedy_threshold": 0.06, "greedy_f2": 0.4313099041533547}, "ensemble_val1_label4.xgb": {"eta": 0.2, "max_depth": 8, "min_child_weight": 5, "best_iteration": 7, "best_ntree_limit": 8, "smooth_f2": 0.5952872862609442, "f2_0.1": 0.7483924743986664, "f2_0.2": 0.8314819957419235, "greedy_threshold": 0.21, "greedy_f2": 0.8327519650248827}, "ensemble_val1_label5.xgb": {"eta": 0.2, "max_depth": 2, "min_child_weight": 1, "best_iteration": 18, "best_ntree_limit": 19, "smooth_f2": 0.5088518661395889, "f2_0.1": 0.7614189442156496, "f2_0.2": 0.763754703549273, "greedy_threshold": 0.15, "greedy_f2": 0.7757772530499804}, "ensemble_val1_label6.xgb": {"eta": 0.2, "max_depth": 2, "min_child_weight": 1, "best_iteration": 9, "best_ntree_limit": 10, "smooth_f2": 0.0505481064185688, "f2_0.1": 0.17142857142857143, "f2_0.2": 0.49504950495049505, "greedy_threshold": 0.19, "greedy_f2": 0.5097087378640777}, "ensemble_val1_label7.xgb": {"eta": 0.2, "max_depth": 6, "min_child_weight": 1, "best_iteration": 4, "best_ntree_limit": 5, "smooth_f2": 0.14281984996625918, "f2_0.1": 0.10738366769333223, "f2_0.2": 0.4800936768149882, "greedy_threshold": 0.24, "greedy_f2": 0.5244755244755244}, "ensemble_val1_label8.xgb": {"eta": 0.2, "max_depth": 9, "min_child_weight": 1, "best_iteration": 34, "best_ntree_limit": 35, "smooth_f2": 0.9435571403029084, "f2_0.1": 0.9800373802043982, "f2_0.2": 0.9810328339177556, "greedy_threshold": 0.24, "greedy_f2": 0.9814397639600486}, "ensemble_val1_label9.xgb": {"eta": 0.2, "max_depth": 3, "min_child_weight": 1, "best_iteration": 13, "best_ntree_limit": 14, "smooth_f2": 0.38437061769101655, "f2_0.1": 0.6299700506041515, "f2_0.2": 0.6456911801870103, "greedy_threshold": 0.15, "greedy_f2": 0.6560159176029964}, "ensemble_val1_label10.xgb": {"eta": 0.2, "max_depth": 3, "min_child_weight": 5, "best_iteration": 14, "best_ntree_limit": 15, "smooth_f2": 0.5593575965137387, "f2_0.1": 0.7848568790397045, "f2_0.2": 0.7948654653172058, "greedy_threshold": 0.15, "greedy_f2": 0.8046253914719345}, "ensemble_val1_label11.xgb": {"eta": 0.2, "max_depth": 2, "min_child_weight": 1, "best_iteration": 14, "best_ntree_limit": 15, "smooth_f2": 0.2370811980932404, "f2_0.1": 0.5705786911844241, "f2_0.2": 0.5570745044429255, "greedy_threshold": 0.15, "greedy_f2": 0.602223594811612}, "ensemble_val1_label12.xgb": {"eta": 0.2, "max_depth": 3, "min_child_weight": 3, "best_iteration": 15, "best_ntree_limit": 16, "smooth_f2": 0.21993819027131864, "f2_0.1": 0.43087971274685816, "f2_0.2": 0.5000000000000001, "greedy_threshold": 0.3, "greedy_f2": 0.5817174515235458}, "ensemble_val2_label0.xgb": {"eta": 0.2, "max_depth": 2, "min_child_weight": 3, "best_iteration": 19, "best_ntree_limit": 20, "smooth_f2": 0.17254565649975095, "f2_0.1": 0.5428571428571428, "f2_0.2": 0.5704697986577183, "greedy_threshold": 0.18, "greedy_f2": 0.6209150326797386}, "ensemble_val2_label1.xgb": {"eta": 0.2, "max_depth": 6, "min_child_weight": 2, "best_iteration": 17, "best_ntree_limit": 18, "smooth_f2": 0.46484964070471146, "f2_0.1": 0.6828113619810634, "f2_0.2": 0.6914560267390851, "greedy_threshold": 0.15, "greedy_f2": 0.7124378109452737}, "ensemble_val2_label2.xgb": {"eta": 0.2, "max_depth": 6, "min_child_weight": 3, "best_iteration": 7, "best_ntree_limit": 8, "smooth_f2": 0.8673667806394424, "f2_0.1": 0.9800180938520239, "f2_0.2": 0.9819437592501232, "greedy_threshold": 0.3, "greedy_f2": 0.9827732837562548}, "ensemble_val2_label3.xgb": {"eta": 0.2, "max_depth": 2, "min_child_weight": 2, "best_iteration": 23, "best_ntree_limit": 24, "smooth_f2": 0.17467841700443315, "f2_0.1": 0.3643724696356275, "f2_0.2": 0.3617021276595745, "greedy_threshold": 0.06, "greedy_f2": 0.43956043956043955}, "ensemble_val2_label4.xgb": {"eta": 0.2, "max_depth": 3, "min_child_weight": 1, "best_iteration": 13, "best_ntree_limit": 14, "smooth_f2": 0.6145295784182767, "f2_0.1": 0.8266642415423789, "f2_0.2": 0.8312137063876758, "greedy_threshold": 0.13, "greedy_f2": 0.836585819161788}, "ensemble_val2_label5.xgb": {"eta": 0.2, "max_depth": 6, "min_child_weight": 3, "best_iteration": 14, "best_ntree_limit": 15, "smooth_f2": 0.5222923776487187, "f2_0.1": 0.7431111111111112, "f2_0.2": 0.7672709456148946, "greedy_threshold": 0.21, "greedy_f2": 0.7702942919217854}, "ensemble_val2_label6.xgb": {"eta": 0.2, "max_depth": 3, "min_child_weight": 2, "best_iteration": 7, "best_ntree_limit": 8, "smooth_f2": 0.032885997165501744, "f2_0.1": 0.28901734104046245, "f2_0.2": 0.3021978021978022, "greedy_threshold": 0.12, "greedy_f2": 0.4086538461538462}, "ensemble_val2_label7.xgb": {"eta": 0.2, "max_depth": 6, "min_child_weight": 5, "best_iteration": 18, "best_ntree_limit": 19, "smooth_f2": 0.232693154735905, "f2_0.1": 0.5381855458739109, "f2_0.2": 0.5382165605095541, "greedy_threshold": 0.15, "greedy_f2": 0.572429906542056}, "ensemble_val2_label8.xgb": {"eta": 0.2, "max_depth": 2, "min_child_weight": 1, "best_iteration": 25, "best_ntree_limit": 26, "smooth_f2": 0.9254011632857777, "f2_0.1": 0.9804622349297116, "f2_0.2": 0.981444243136162, "greedy_threshold": 0.27, "greedy_f2": 0.9818972048327285}, "ensemble_val2_label9.xgb": {"eta": 0.2, "max_depth": 5, "min_child_weight": 1, "best_iteration": 9, "best_ntree_limit": 10, "smooth_f2": 0.36182677242783345, "f2_0.1": 0.5798512747875354, "f2_0.2": 0.6457472128272579, "greedy_threshold": 0.18, "greedy_f2": 0.6539804889798868}, "ensemble_val2_label10.xgb": {"eta": 0.2, "max_depth": 6, "min_child_weight": 1, "best_iteration": 9, "best_ntree_limit": 10, "smooth_f2": 0.49676812269701426, "f2_0.1": 0.7738597972972973, "f2_0.2": 0.8121240166589543, "greedy_threshold": 0.21, "greedy_f2": 0.8135750813575081}, "ensemble_val2_label11.xgb": {"eta": 0.2, "max_depth": 4, "min_child_weight": 5, "best_iteration": 13, "best_ntree_limit": 14, "smooth_f2": 0.2303924780602148, "f2_0.1": 0.5355329949238579, "f2_0.2": 0.5503355704697988, "greedy_threshold": 0.15, "greedy_f2": 0.5696969696969697}, "ensemble_val2_label12.xgb": {"eta": 0.2, "max_depth": 6, "min_child_weight": 5, "best_iteration": 6, "best_ntree_limit": 7, "smooth_f2": 0.09943697328448993, "f2_0.1": 0.03496194016640113, "f2_0.2": 0.6744186046511629, "greedy_threshold": 0.2, "greedy_f2": 0.6744186046511629}, "ensemble_val3_label0.xgb": {"eta": 0.2, "max_depth": 7, "min_child_weight": 4, "best_iteration": 22, "best_ntree_limit": 23, "smooth_f2": 0.13849758915680574, "f2_0.1": 0.41284403669724773, "f2_0.2": 0.46391752577319584, "greedy_threshold": 0.2, "greedy_f2": 0.46391752577319584}, "ensemble_val3_label1.xgb": {"eta": 0.2, "max_depth": 2, "min_child_weight": 1, "best_iteration": 17, "best_ntree_limit": 18, "smooth_f2": 0.4478314737731277, "f2_0.1": 0.6937889371342271, "f2_0.2": 0.7020692567567568, "greedy_threshold": 0.18, "greedy_f2": 0.7111756168359942}, "ensemble_val3_label2.xgb": {"eta": 0.2, "max_depth": 7, "min_child_weight": 2, "best_iteration": 17, "best_ntree_limit": 18, "smooth_f2": 0.9313103203296127,