{"ensemble_val1_label0.xgb": {"eta": 0.1, "max_depth": 2, "min_child_weight": 5, "best_iteration": 8, "best_ntree_limit": 9, "smooth_f2": 0.01415540697752572, "f2_0.1": 0.008591842271863976, "f2_0.2": 0.4411764705882352, "greedy_threshold": 0.29, "greedy_f2": 0.6074766355140185}, "ensemble_val1_label1.xgb": {"eta": 0.1, "max_depth": 5, "min_child_weight": 2, "best_iteration": 15, "best_ntree_limit": 16, "smooth_f2": 0.4028419130928323, "f2_0.1": 0.30732779342078154, "f2_0.2": 0.712663259511641, "greedy_threshold": 0.25, "greedy_f2": 0.7245222929936306}, "ensemble_val1_label2.xgb": {"eta": 0.1, "max_depth": 7, "min_child_weight": 3, "best_iteration": 40, "best_ntree_limit": 41, "smooth_f2": 0.9387821724811867, "f2_0.1": 0.981672552230267, "f2_0.2": 0.9822592753565924, "greedy_threshold": 0.24, "greedy_f2": 0.9823916523388865}, "ensemble_val1_label3.xgb": {"eta": 0.1, "max_depth": 9, "min_child_weight": 5, "best_iteration": 34, "best_ntree_limit": 35, "smooth_f2": 0.14552469280814945, "f2_0.1": 0.37234042553191493, "f2_0.2": 0.35849056603773594, "greedy_threshold": 0.06, "greedy_f2": 0.4516129032258065}, "ensemble_val1_label4.xgb": {"eta": 0.1, "max_depth": 6, "min_child_weight": 1, "best_iteration": 24, "best_ntree_limit": 25, "smooth_f2": 0.6073661182610419, "f2_0.1": 0.8192846311658193, "f2_0.2": 0.830685321318473, "greedy_threshold": 0.19, "greedy_f2": 0.8325458325458326}, "ensemble_val1_label5.xgb": {"eta": 0.1, "max_depth": 3, "min_child_weight": 4, "best_iteration": 30, "best_ntree_limit": 31, "smooth_f2": 0.5058537063344863, "f2_0.1": 0.760537285780454, "f2_0.2": 0.7679007323026852, "greedy_threshold": 0.15, "greedy_f2": 0.7772758519100462}, "ensemble_val1_label6.xgb": {"eta": 0.1, "max_depth": 2, "min_child_weight": 4, "best_iteration": 19, "best_ntree_limit": 20, "smooth_f2": 0.04605212572291201, "f2_0.1": 0.1318565400843882, "f2_0.2": 0.46798029556650245, "greedy_threshold": 0.18, "greedy_f2": 0.4929577464788732}, "ensemble_val1_label7.xgb": {"eta": 0.1, "max_depth": 5, "min_child_weight": 2, "best_iteration": 8, "best_ntree_limit": 9, "smooth_f2": 0.13978358272551233, "f2_0.1": 0.10738366769333223, "f2_0.2": 0.2520576131687243, "greedy_threshold": 0.3, "greedy_f2": 0.531496062992126}, "ensemble_val1_label8.xgb": {"eta": 0.1, "max_depth": 8, "min_child_weight": 1, "best_iteration": 30, "best_ntree_limit": 31, "smooth_f2": 0.9227143910668162, "f2_0.1": 0.9784615384615385, "f2_0.2": 0.9806497849976111, "greedy_threshold": 0.27, "greedy_f2": 0.9813307802776449}, "ensemble_val1_label9.xgb": {"eta": 0.1, "max_depth": 3, "min_child_weight": 1, "best_iteration": 18, "best_ntree_limit": 19, "smooth_f2": 0.3746766364272593, "f2_0.1": 0.5698389951951446, "f2_0.2": 0.6465984346779048, "greedy_threshold": 0.18, "greedy_f2": 0.6585818730416619}, "ensemble_val1_label10.xgb": {"eta": 0.1, "max_depth": 3, "min_child_weight": 4, "best_iteration": 16, "best_ntree_limit": 17, "smooth_f2": 0.4793165655972097, "f2_0.1": 0.706, "f2_0.2": 0.8003857280617165, "greedy_threshold": 0.18, "greedy_f2": 0.8030411023996199}, "ensemble_val1_label11.xgb": {"eta": 0.1, "max_depth": 2, "min_child_weight": 1, "best_iteration": 52, "best_ntree_limit": 53, "smooth_f2": 0.27288827777209346, "f2_0.1": 0.5771428571428571, "f2_0.2": 0.5410183875530411, "greedy_threshold": 0.12, "greedy_f2": 0.5983162958508719}, "ensemble_val1_label12.xgb": {"eta": 0.1, "max_depth": 5, "min_child_weight": 1, "best_iteration": 28, "best_ntree_limit": 29, "smooth_f2": 0.18921514826737423, "f2_0.1": 0.3958691910499139, "f2_0.2": 0.5000000000000001, "greedy_threshold": 0.3, "greedy_f2": 0.5726256983240223}, "ensemble_val2_label0.xgb": {"eta": 0.1, "max_depth": 6, "min_child_weight": 2, "best_iteration": 4, "best_ntree_limit": 5, "smooth_f2": 0.015811036112676976, "f2_0.1": 0.012173128944995492, "f2_0.2": 0.012173128944995492, "greedy_threshold": 0.35, "greedy_f2": 0.6291390728476821}, "ensemble_val2_label1.xgb": {"eta": 0.1, "max_depth": 6, "min_child_weight": 2, "best_iteration": 37, "best_ntree_limit": 38, "smooth_f2": 0.4796318303256611, "f2_0.1": 0.68202430618538, "f2_0.2": 0.7023169218038892, "greedy_threshold": 0.18, "greedy_f2": 0.7121119902617163}, "ensemble_val2_label2.xgb": {"eta": 0.1, "max_depth": 4, "min_child_weight": 3, "best_iteration": 19, "best_ntree_limit": 20, "smooth_f2": 0.8911877640330829, "f2_0.1": 0.9800566438517819, "f2_0.2": 0.982303331950781, "greedy_threshold": 0.27, "greedy_f2": 0.9828138596630012}, "ensemble_val2_label3.xgb": {"eta": 0.1, "max_depth": 4, "min_child_weight": 2, "best_iteration": 34, "best_ntree_limit": 35, "smooth_f2": 0.12109094694487356, "f2_0.1": 0.41353383458646614, "f2_0.2": 0.3571428571428571, "greedy_threshold": 0.09, "greedy_f2": 0.4411764705882352}, "ensemble_val2_label4.xgb": {"eta": 0.1, "max_depth": 5, "min_child_weight": 5, "best_iteration": 23, "best_ntree_limit": 24, "smooth_f2": 0.6092055664940514, "f2_0.1": 0.8157261299812785, "f2_0.2": 0.832895177094785, "greedy_threshold": 0.16, "greedy_f2": 0.8375980092962111}, "ensemble_val2_label5.xgb": {"eta": 0.1, "max_depth": 6, "min_child_weight": 3, "best_iteration": 23, "best_ntree_limit": 24, "smooth_f2": 0.48385622313423515, "f2_0.1": 0.7233319167020825, "f2_0.2": 0.7636718750000001, "greedy_threshold": 0.23, "greedy_f2": 0.7698823998405422}, "ensemble_val2_label6.xgb": {"eta": 0.1, "max_depth": 6, "min_child_weight": 4, "best_iteration": 18, "best_ntree_limit": 19, "smooth_f2": 0.03743437906464945, "f2_0.1": 0.36290322580645157, "f2_0.2": 0.3055555555555555, "greedy_threshold": 0.12, "greedy_f2": 0.42857142857142855}, "ensemble_val2_label7.xgb": {"eta": 0.1, "max_depth": 3, "min_child_weight": 3, "best_iteration": 30, "best_ntree_limit": 31, "smooth_f2": 0.22084398294795032, "f2_0.1": 0.559681697612732, "f2_0.2": 0.5218525766470973, "greedy_threshold": 0.12, "greedy_f2": 0.575070821529745}, "ensemble_val2_label8.xgb": {"eta": 0.1, "max_depth": 5, "min_child_weight": 4, "best_iteration": 9, "best_ntree_limit": 10, "smooth_f2": 0.8004864058563362, "f2_0.1": 0.9781575507940907, "f2_0.2": 0.9781575507940907, "greedy_threshold": 0.36, "greedy_f2": 0.9820378381611211}, "ensemble_val2_label9.xgb": {"eta": 0.1, "max_depth": 7, "min_child_weight": 5, "best_iteration": 19, "best_ntree_limit": 20, "smooth_f2": 0.35492408538489495, "f2_0.1": 0.522504892367906, "f2_0.2": 0.6481702941879933, "greedy_threshold": 0.18, "greedy_f2": 0.6544953496383051}, "ensemble_val2_label10.xgb": {"eta": 0.1, "max_depth": 6, "min_child_weight": 3, "best_iteration": 19, "best_ntree_limit": 20, "smooth_f2": 0.504061896387542, "f2_0.1": 0.7645833333333334, "f2_0.2": 0.8117483811285847, "greedy_threshold": 0.21, "greedy_f2": 0.8153310104529617}, "ensemble_val2_label11.xgb": {"eta": 0.1, "max_depth": 4, "min_child_weight": 4, "best_iteration": 4, "best_ntree_limit": 5, "smooth_f2": 0.11659804113939114, "f2_0.1": 0.10508757297748124, "f2_0.2": 0.10508757297748124, "greedy_threshold": 0.35, "greedy_f2": 0.5657978385251112}, "ensemble_val2_label12.xgb": {"eta": 0.1, "max_depth": 2, "min_child_weight": 1, "best_iteration": 16, "best_ntree_limit": 17, "smooth_f2": 0.1071198740136845, "f2_0.1": 0.43969849246231163, "f2_0.2": 0.6064356435643563, "greedy_threshold": 0.15, "greedy_f2": 0.6612529002320187}, "ensemble_val3_label0.xgb": {"eta": 0.1, "max_depth": 5, "min_child_weight": 3, "best_iteration": 17, "best_ntree_limit": 18, "smooth_f2": 0.026676955578036895, "f2_0.1": 0.2272727272727272, "f2_0.2": 0.38793103448275856, "greedy_threshold": 0.3, "greedy_f2": 0.44999999999999996}, "ensemble_val3_label1.xgb": {"eta": 0.1, "max_depth": 3, "min_child_weight": 1, "best_iteration": 4, "best_ntree_limit": 5, "smooth_f2": 0.28575040685189723, "f2_0.1": 0.2955288227522425, "f2_0.2": 0.2955288227522425, "greedy_threshold": 0.35, "greedy_f2": 0.7135513057783262}, "ensemble_val3_label2.xgb": {"eta": 0.1, "max_depth": 4, "min_child_weight": 2, "best_iteration": 22, "best_ntree_limit": 23, "smooth_f2": 0.9049159757318259,