{"ensemble_val1_label0.xgb": {"eta": 0.25, "max_depth": 4, "min_child_weight": 2, "best_iteration": 5, "best_ntree_limit": 6, "smooth_f2": 0.026486250873734594, "f2_0.1": 0.008591842271863976, "f2_0.2": 0.6521739130434783, "greedy_threshold": 0.22, "greedy_f2": 0.6696428571428572}, "ensemble_val1_label1.xgb": {"eta": 0.2, "max_depth": 4, "min_child_weight": 1, "best_iteration": 19, "best_ntree_limit": 20, "smooth_f2": 0.46662622465577486, "f2_0.1": 0.7111274871039056, "f2_0.2": 0.7096114519427402, "greedy_threshold": 0.16, "greedy_f2": 0.7236190853296377}, "ensemble_val1_label2.xgb": {"eta": 0.25, "max_depth": 3, "min_child_weight": 2, "best_iteration": 40, "best_ntree_limit": 41, "smooth_f2": 0.9464974450804237, "f2_0.1": 0.9816495659037094, "f2_0.2": 0.9823140005928267, "greedy_threshold": 0.17, "greedy_f2": 0.9825167917819043}, "ensemble_val1_label3.xgb": {"eta": 0.2, "max_depth": 7, "min_child_weight": 2, "best_iteration": 29, "best_ntree_limit": 30, "smooth_f2": 0.2335079203530844, "f2_0.1": 0.36630036630036633, "f2_0.2": 0.326923076923077, "greedy_threshold": 0.05, "greedy_f2": 0.4560810810810811}, "ensemble_val1_label4.xgb": {"eta": 0.15, "max_depth": 5, "min_child_weight": 2, "best_iteration": 39, "best_ntree_limit": 40, "smooth_f2": 0.6275184548309257, "f2_0.1": 0.8267105142961543, "f2_0.2": 0.8282707486247308, "greedy_threshold": 0.16, "greedy_f2": 0.8333333333333333}, "ensemble_val1_label5.xgb": {"eta": 0.1, "max_depth": 7, "min_child_weight": 4, "best_iteration": 21, "best_ntree_limit": 22, "smooth_f2": 0.4981936560108143, "f2_0.1": 0.7401025097207494, "f2_0.2": 0.771815446339017, "greedy_threshold": 0.17, "greedy_f2": 0.7767464582315583}, "ensemble_val1_label6.xgb": {"eta": 0.1, "max_depth": 3, "min_child_weight": 2, "best_iteration": 51, "best_ntree_limit": 52, "smooth_f2": 0.16041361657003228, "f2_0.1": 0.3968253968253968, "f2_0.2": 0.29411764705882354, "greedy_threshold": 0.06, "greedy_f2": 0.5147058823529411}, "ensemble_val1_label7.xgb": {"eta": 0.15, "max_depth": 3, "min_child_weight": 4, "best_iteration": 16, "best_ntree_limit": 17, "smooth_f2": 0.20588038921689447, "f2_0.1": 0.5018106570098293, "f2_0.2": 0.5102717031146454, "greedy_threshold": 0.16, "greedy_f2": 0.5305367057371994}, "ensemble_val1_label8.xgb": {"eta": 0.2, "max_depth": 6, "min_child_weight": 4, "best_iteration": 26, "best_ntree_limit": 27, "smooth_f2": 0.9419614002290952, "f2_0.1": 0.9799729525476315, "f2_0.2": 0.9808593360582195, "greedy_threshold": 0.26, "greedy_f2": 0.981650826611293}, "ensemble_val1_label9.xgb": {"eta": 0.25, "max_depth": 3, "min_child_weight": 1, "best_iteration": 6, "best_ntree_limit": 7, "smooth_f2": 0.3728754268637036, "f2_0.1": 0.5568378534333526, "f2_0.2": 0.6422937273068736, "greedy_threshold": 0.17, "greedy_f2": 0.6577731577731577}, "ensemble_val1_label10.xgb": {"eta": 0.2, "max_depth": 4, "min_child_weight": 1, "best_iteration": 11, "best_ntree_limit": 12, "smooth_f2": 0.5260065589324099, "f2_0.1": 0.7819582955575701, "f2_0.2": 0.804050756466569, "greedy_threshold": 0.21, "greedy_f2": 0.8061349693251534}, "ensemble_val1_label11.xgb": {"eta": 0.15, "max_depth": 5, "min_child_weight": 4, "best_iteration": 11, "best_ntree_limit": 12, "smooth_f2": 0.19442105791362724, "f2_0.1": 0.5190905190905191, "f2_0.2": 0.5922693266832918, "greedy_threshold": 0.19, "greedy_f2": 0.6039239730226855}, "ensemble_val1_label12.xgb": {"eta": 0.15, "max_depth": 9, "min_child_weight": 2, "best_iteration": 34, "best_ntree_limit": 35, "smooth_f2": 0.2565589178922454, "f2_0.1": 0.4216867469879518, "f2_0.2": 0.4084967320261438, "greedy_threshold": 0.05, "greedy_f2": 0.5613577023498694}, "ensemble_val2_label0.xgb": {"eta": 0.15, "max_depth": 3, "min_child_weight": 2, "best_iteration": 10, "best_ntree_limit": 11, "smooth_f2": 0.028130770521226443, "f2_0.1": 0.41463414634146345, "f2_0.2": 0.44827586206896547, "greedy_threshold": 0.16, "greedy_f2": 0.5519480519480519}, "ensemble_val2_label1.xgb": {"eta": 0.1, "max_depth": 8, "min_child_weight": 2, "best_iteration": 31, "best_ntree_limit": 32, "smooth_f2": 0.4849957213224765, "f2_0.1": 0.6825251601097896, "f2_0.2": 0.7057119205298013, "greedy_threshold": 0.17, "greedy_f2": 0.7131345688960515}, "ensemble_val2_label2.xgb": {"eta": 0.25, "max_depth": 7, "min_child_weight": 1, "best_iteration": 28, "best_ntree_limit": 29, "smooth_f2": 0.9436371070543842, "f2_0.1": 0.9828393135725431, "f2_0.2": 0.9818761005915989, "greedy_threshold": 0.13, "greedy_f2": 0.9832437559279166}, "ensemble_val2_label3.xgb": {"eta": 0.1, "max_depth": 5, "min_child_weight": 2, "best_iteration": 4, "best_ntree_limit": 5, "smooth_f2": 0.02875921150292087, "f2_0.1": 0.0219180533190195, "f2_0.2": 0.0219180533190195, "greedy_threshold": 0.35, "greedy_f2": 0.4878048780487805}, "ensemble_val2_label4.xgb": {"eta": 0.2, "max_depth": 6, "min_child_weight": 2, "best_iteration": 4, "best_ntree_limit": 5, "smooth_f2": 0.560009241824683, "f2_0.1": 0.7215720994687813, "f2_0.2": 0.8031866266161682, "greedy_threshold": 0.26, "greedy_f2": 0.8353306076413366}, "ensemble_val2_label5.xgb": {"eta": 0.15, "max_depth": 9, "min_child_weight": 2, "best_iteration": 11, "best_ntree_limit": 12, "smooth_f2": 0.5099480943215301, "f2_0.1": 0.7051597051597052, "f2_0.2": 0.7620619357343946, "greedy_threshold": 0.23, "greedy_f2": 0.7678978116645212}, "ensemble_val2_label6.xgb": {"eta": 0.1, "max_depth": 4, "min_child_weight": 4, "best_iteration": 35, "best_ntree_limit": 36, "smooth_f2": 0.09027447953110208, "f2_0.1": 0.38860103626943004, "f2_0.2": 0.26315789473684215, "greedy_threshold": 0.08, "greedy_f2": 0.4773869346733668}, "ensemble_val2_label7.xgb": {"eta": 0.25, "max_depth": 4, "min_child_weight": 4, "best_iteration": 19, "best_ntree_limit": 20, "smooth_f2": 0.2528249387482392, "f2_0.1": 0.5711147721032399, "f2_0.2": 0.5062872270019856, "greedy_threshold": 0.12, "greedy_f2": 0.5803830528148577}, "ensemble_val2_label8.xgb": {"eta": 0.15, "max_depth": 9, "min_child_weight": 4, "best_iteration": 32, "best_ntree_limit": 33, "smooth_f2": 0.939695164298316, "f2_0.1": 0.9810025860354087, "f2_0.2": 0.9813969254082507, "greedy_threshold": 0.18, "greedy_f2": 0.981785208951952}, "ensemble_val2_label9.xgb": {"eta": 0.25, "max_depth": 6, "min_child_weight": 1, "best_iteration": 7, "best_ntree_limit": 8, "smooth_f2": 0.3882623772850867, "f2_0.1": 0.5924604263885076, "f2_0.2": 0.6600218791783153, "greedy_threshold": 0.2, "greedy_f2": 0.6600218791783153}, "ensemble_val2_label10.xgb": {"eta": 0.15, "max_depth": 4, "min_child_weight": 1, "best_iteration": 33, "best_ntree_limit": 34, "smooth_f2": 0.5924005553302069, "f2_0.1": 0.7977272727272726, "f2_0.2": 0.8003339694656488, "greedy_threshold": 0.13, "greedy_f2": 0.8101851851851851}, "ensemble_val2_label11.xgb": {"eta": 0.1, "max_depth": 4, "min_child_weight": 1, "best_iteration": 16, "best_ntree_limit": 17, "smooth_f2": 0.17947570428268572, "f2_0.1": 0.45058689890193115, "f2_0.2": 0.5520504731861199, "greedy_threshold": 0.16, "greedy_f2": 0.5864022662889519}, "ensemble_val2_label12.xgb": {"eta": 0.25, "max_depth": 3, "min_child_weight": 1, "best_iteration": 10, "best_ntree_limit": 11, "smooth_f2": 0.20258736434656502, "f2_0.1": 0.6182212581344902, "f2_0.2": 0.6030150753768845, "greedy_threshold": 0.12, "greedy_f2": 0.6536697247706422}, "ensemble_val3_label0.xgb": {"eta": 0.25, "max_depth": 4, "min_child_weight": 2, "best_iteration": 17, "best_ntree_limit": 18, "smooth_f2": 0.122188862916404, "f2_0.1": 0.40322580645161293, "f2_0.2": 0.4807692307692307, "greedy_threshold": 0.22, "greedy_f2": 0.505050505050505}, "ensemble_val3_label1.xgb": {"eta": 0.2, "max_depth": 5, "min_child_weight": 4, "best_iteration": 8, "best_ntree_limit": 9, "smooth_f2": 0.3821317355070532, "f2_0.1": 0.5864972669522824, "f2_0.2": 0.7064555420219244, "greedy_threshold": 0.22, "greedy_f2": 0.7113231024471175}, "ensemble_val3_label2.xgb": {"eta": 0.2, "max_depth": 4, "min_child_weight": 1, "best_iteration": 37, "best_ntree_limit": 38, "smooth_f2": 0.9357377049501944,