{"ensemble_val1_label0.xgb": {"eta": 0.25, "max_depth": 4, "min_child_weight": 2, "best_iteration": 5, "best_ntree_limit": 6, "smooth_f2": 0.026486250873734594, "f2_0.1": 0.008591842271863976, "f2_0.2": 0.6521739130434783, "greedy_threshold": 0.22, "greedy_f2": 0.6696428571428572}, "ensemble_val1_label1.xgb": {"eta": 0.2, "max_depth": 4, "min_child_weight": 1, "best_iteration": 19, "best_ntree_limit": 20, "smooth_f2": 0.46662622465577486, "f2_0.1": 0.7111274871039056, "f2_0.2": 0.7096114519427402, "greedy_threshold": 0.16, "greedy_f2": 0.7236190853296377}, "ensemble_val1_label2.xgb": {"eta": 0.25, "max_depth": 3, "min_child_weight": 2, "best_iteration": 40, "best_ntree_limit": 41, "smooth_f2": 0.9464974450804237, "f2_0.1": 0.9816495659037094, "f2_0.2": 0.9823140005928267, "greedy_threshold": 0.17, "greedy_f2": 0.9825167917819043}, "ensemble_val1_label3.xgb": {"eta": 0.2, "max_depth": 7, "min_child_weight": 2, "best_iteration": 29, "best_ntree_limit": 30, "smooth_f2": 0.2335079203530844, "f2_0.1": 0.36630036630036633, "f2_0.2": 0.326923076923077, "greedy_threshold": 0.05, "greedy_f2": 0.4560810810810811}, "ensemble_val1_label4.xgb": {"eta": 0.15, "max_depth": 5, "min_child_weight": 2, "best_iteration": 39, "best_ntree_limit": 40, "smooth_f2": 0.6275184548309257, "f2_0.1": 0.8267105142961543, "f2_0.2": 0.8282707486247308, "greedy_threshold": 0.16, "greedy_f2": 0.8333333333333333}, "ensemble_val1_label5.xgb": {"eta": 0.1, "max_depth": 7, "min_child_weight": 4, "best_iteration": 21, "best_ntree_limit": 22, "smooth_f2": 0.4981936560108143, "f2_0.1": 0.7401025097207494, "f2_0.2": 0.771815446339017, "greedy_threshold": 0.17, "greedy_f2": 0.7767464582315583}, "ensemble_val1_label6.xgb": {"eta": 0.1, "max_depth": 3, "min_child_weight": 2, "best_iteration": 51, "best_ntree_limit": 52, "smooth_f2": 0.16041361657003228, "f2_0.1": 0.3968253968253968, "f2_0.2": 0.29411764705882354, "greedy_threshold": 0.06, "greedy_f2": 0.5147058823529411}, "ensemble_val1_label7.xgb": {"eta": 0.15, "max_depth": 3, "min_child_weight": 4, "best_iteration": 16, "best_ntree_limit": 17, "smooth_f2": 0.20588038921689447, "f2_0.1": 0.5018106570098293, "f2_0.2": 0.5102717031146454, "greedy_threshold": 0.16, "greedy_f2": 0.5305367057371994}, "ensemble_val1_label8.xgb": {"eta": 0.2, "max_depth": 6, "min_child_weight": 4, "best_iteration": 26, "best_ntree_limit": 27, "smooth_f2": 0.9419614002290952, "f2_0.1": 0.9799729525476315, "f2_0.2": 0.9808593360582195, "greedy_threshold": 0.26, "greedy_f2": 0.981650826611293}, "ensemble_val1_label9.xgb": {"eta": 0.25, "max_depth": 3, "min_child_weight": 1, "best_iteration": 6, "best_ntree_limit": 7, "smooth_f2": 0.3728754268637036, "f2_0.1": 0.5568378534333526, "f2_0.2": 0.6422937273068736, "greedy_threshold": 0.17, "greedy_f2": 0.6577731577731577}, "ensemble_val1_label10.xgb": {"eta": 0.2, "max_depth": 4, "min_child_weight": 1, "best_iteration": 11, "best_ntree_limit": 12, "smooth_f2": 0.5260065589324099, "f2_0.1": 0.7819582955575701, "f2_0.2": 0.804050756466569, "greedy_threshold": 0.21, "greedy_f2": 0.8061349693251534}, "ensemble_val1_label11.xgb": {"eta": 0.15, "max_depth": 5, "min_child_weight": 4, "best_iteration": 11, "best_ntree_limit": 12, "smooth_f2": 0.19442105791362724, "f2_0.1": 0.5190905190905191, "f2_0.2": 0.5922693266832918, "greedy_threshold": 0.19, "greedy_f2": 0.6039239730226855}, "ensemble_val1_label12.xgb": {"eta": 0.15, "max_depth": 9, "min_child_weight": 2, "best_iteration": 34, "best_ntree_limit": 35, "smooth_f2": 0.2565589178922454, "f2_0.1": 0.4216867469879518, "f2_0.2": 0.4084967320261438, "greedy_threshold": 0.05, "greedy_f2": 0.5613577023498694}, "ensemble_val2_label0.xgb": {"eta": 0.15, "max_depth": 3, "min_child_weight": 2, "best_iteration": 10, "best_ntree_limit": 11, "smooth_f2": 0.028130770521226443, "f2_0.1": 0.41463414634146345, "f2_0.2": 0.44827586206896547, "greedy_threshold": 0.16, "greedy_f2": 0.5519480519480519}, "ensemble_val2_label1.xgb": {"eta": 0.1, "max_depth": 8, "min_child_weight": 2, "best_iteration": 31, "best_ntree_limit": 32, "smooth_f2": 0.4849957213224765, "f2_0.1": 0.6825251601097896, "f2_0.2": 0.7057119205298013, "greedy_threshold": 0.17, "greedy_f2": 0.7131345688960515}}