{"ensemble_val1_label0.xgb": {"eta": 0.15, "max_depth": 4, "min_child_weight": 3, "best_iteration": 11, "best_ntree_limit": 12, "smooth_f2": 0.03035521181487888, "f2_0.1": 0.33472803347280333, "f2_0.2": 0.4736842105263158, "greedy_threshold": 0.15, "greedy_f2": 0.6756756756756757}, "ensemble_val1_label1.xgb": {"eta": 0.13, "max_depth": 3, "min_child_weight": 1, "best_iteration": 9, "best_ntree_limit": 10, "smooth_f2": 0.37884187815787473, "f2_0.1": 0.30732779342078154, "f2_0.2": 0.6914798206278028, "greedy_threshold": 0.27, "greedy_f2": 0.7246085909273383}, "ensemble_val1_label2.xgb": {"eta": 0.13, "max_depth": 5, "min_child_weight": 3, "best_iteration": 30, "best_ntree_limit": 31, "smooth_f2": 0.9334858733929444, "f2_0.1": 0.981781576298285, "f2_0.2": 0.9820140330072141, "greedy_threshold": 0.27, "greedy_f2": 0.9824290632791165}, "ensemble_val1_label3.xgb": {"eta": 0.13, "max_depth": 2, "min_child_weight": 1, "best_iteration": 28, "best_ntree_limit": 29, "smooth_f2": 0.13355793850615294, "f2_0.1": 0.339622641509434, "f2_0.2": 0.3294573643410853, "greedy_threshold": 0.03, "greedy_f2": 0.40935672514619875}, "ensemble_val1_label4.xgb": {"eta": 0.17, "max_depth": 6, "min_child_weight": 2, "best_iteration": 35, "best_ntree_limit": 36, "smooth_f2": 0.6259139429896485, "f2_0.1": 0.8297784505297922, "f2_0.2": 0.8290316413344805, "greedy_threshold": 0.15, "greedy_f2": 0.8338818882828664}, "ensemble_val1_label5.xgb": {"eta": 0.13, "max_depth": 4, "min_child_weight": 1, "best_iteration": 11, "best_ntree_limit": 12, "smooth_f2": 0.48488000239614387, "f2_0.1": 0.486964255934182, "f2_0.2": 0.7742870952150798, "greedy_threshold": 0.21, "greedy_f2": 0.7771260997067448}, "ensemble_val1_label6.xgb": {"eta": 0.15, "max_depth": 6, "min_child_weight": 3, "best_iteration": 32, "best_ntree_limit": 33, "smooth_f2": 0.15862957034660724, "f2_0.1": 0.48717948717948717, "f2_0.2": 0.35928143712574856, "greedy_threshold": 0.09, "greedy_f2": 0.4975124378109453}, "ensemble_val1_label7.xgb": {"eta": 0.15, "max_depth": 3, "min_child_weight": 1, "best_iteration": 7, "best_ntree_limit": 8, "smooth_f2": 0.15186863628668074, "f2_0.1": 0.10738366769333223, "f2_0.2": 0.4994419642857144, "greedy_threshold": 0.27, "greedy_f2": 0.5326460481099655}, "ensemble_val1_label8.xgb": {"eta": 0.13, "max_depth": 5, "min_child_weight": 3, "best_iteration": 17, "best_ntree_limit": 18, "smooth_f2": 0.9061371347019249, "f2_0.1": 0.9794859562287554, "f2_0.2": 0.980689132904203, "greedy_threshold": 0.24, "greedy_f2": 0.9812273071858915}, "ensemble_val1_label9.xgb": {"eta": 0.17, "max_depth": 3, "min_child_weight": 1, "best_iteration": 7, "best_ntree_limit": 8, "smooth_f2": 0.3626323677324173, "f2_0.1": 0.4219701996742475, "f2_0.2": 0.6500668449197862, "greedy_threshold": 0.21, "greedy_f2": 0.6572715721381541}, "ensemble_val1_label10.xgb": {"eta": 0.17, "max_depth": 6, "min_child_weight": 2, "best_iteration": 12, "best_ntree_limit": 13, "smooth_f2": 0.5125722738790596, "f2_0.1": 0.7853703279064436, "f2_0.2": 0.8042895442359249, "greedy_threshold": 0.19, "greedy_f2": 0.8054342552159146}, "ensemble_val1_label11.xgb": {"eta": 0.13, "max_depth": 2, "min_child_weight": 1, "best_iteration": 21, "best_ntree_limit": 22, "smooth_f2": 0.23368290984067505, "f2_0.1": 0.5804268610098907, "f2_0.2": 0.5661016949152542, "greedy_threshold": 0.15, "greedy_f2": 0.6065178032589017}, "ensemble_val1_label12.xgb": {"eta": 0.15, "max_depth": 3, "min_child_weight": 3, "best_iteration": 14, "best_ntree_limit": 15, "smooth_f2": 0.10862805651249897, "f2_0.1": 0.5243902439024389, "f2_0.2": 0.474006116207951, "greedy_threshold": 0.12, "greedy_f2": 0.5702917771883289}, "ensemble_val2_label0.xgb": {"eta": 0.13, "max_depth": 2, "min_child_weight": 2, "best_iteration": 31, "best_ntree_limit": 32, "smooth_f2": 0.08995949717085473, "f2_0.1": 0.4761904761904762, "f2_0.2": 0.40441176470588236, "greedy_threshold": 0.06, "greedy_f2": 0.5555555555555555}, "ensemble_val2_label1.xgb": {"eta": 0.17, "max_depth": 4, "min_child_weight": 2, "best_iteration": 13, "best_ntree_limit": 14, "smooth_f2": 0.46049180989838967, "f2_0.1": 0.6614026150449992, "f2_0.2": 0.7055340004084133, "greedy_threshold": 0.18, "greedy_f2": 0.7134328358208957}, "ensemble_val2_label2.xgb": {"eta": 0.17, "max_depth": 5, "min_child_weight": 1, "best_iteration": 22, "best_ntree_limit": 23, "smooth_f2": 0.9380731760287226, "f2_0.1": 0.9820072207863949, "f2_0.2": 0.9821658065919293, "greedy_threshold": 0.17, "greedy_f2": 0.9827852004110997}, "ensemble_val2_label3.xgb": {"eta": 0.13, "max_depth": 7, "min_child_weight": 1, "best_iteration": 26, "best_ntree_limit": 27, "smooth_f2": 0.17754564031273826, "f2_0.1": 0.4646840148698885, "f2_0.2": 0.42168674698795183, "greedy_threshold": 0.12, "greedy_f2": 0.4789272030651341}, "ensemble_val2_label4.xgb": {"eta": 0.17, "max_depth": 4, "min_child_weight": 2, "best_iteration": 16, "best_ntree_limit": 17, "smooth_f2": 0.6216594299020681, "f2_0.1": 0.8269853578433608, "f2_0.2": 0.8322125084061869, "greedy_threshold": 0.15, "greedy_f2": 0.8356119177823873}, "ensemble_val2_label5.xgb": {"eta": 0.15, "max_depth": 4, "min_child_weight": 1, "best_iteration": 1, "best_ntree_limit": 2, "smooth_f2": 0.38796235769485976, "f2_0.1": 0.49216075963343275, "f2_0.2": 0.49216075963343275, "greedy_threshold": 0.4, "greedy_f2": 0.7683419988445985}, "ensemble_val2_label6.xgb": {"eta": 0.15, "max_depth": 3, "min_child_weight": 3, "best_iteration": 29, "best_ntree_limit": 30, "smooth_f2": 0.1120036521958841, "f2_0.1": 0.3125, "f2_0.2": 0.2542372881355932, "greedy_threshold": 0.06, "greedy_f2": 0.4347826086956522}, "ensemble_val2_label7.xgb": {"eta": 0.17, "max_depth": 2, "min_child_weight": 1, "best_iteration": 7, "best_ntree_limit": 8, "smooth_f2": 0.15498441635250934, "f2_0.1": 0.11418169783220256, "f2_0.2": 0.5670407560543413, "greedy_threshold": 0.21, "greedy_f2": 0.5731707317073171}, "ensemble_val2_label8.xgb": {"eta": 0.13, "max_depth": 4, "min_child_weight": 3, "best_iteration": 48, "best_ntree_limit": 49, "smooth_f2": 0.940525105302762, "f2_0.1": 0.9805616838590424, "f2_0.2": 0.9812693035767657, "greedy_threshold": 0.21, "greedy_f2": 0.9814257528349642}, "ensemble_val2_label9.xgb": {"eta": 0.13, "max_depth": 2, "min_child_weight": 1, "best_iteration": 14, "best_ntree_limit": 15, "smooth_f2": 0.3772065426984501, "f2_0.1": 0.5751050420168067, "f2_0.2": 0.6495807251683005, "greedy_threshold": 0.21, "greedy_f2": 0.6544691061787643}, "ensemble_val2_label10.xgb": {"eta": 0.15, "max_depth": 3, "min_child_weight": 3, "best_iteration": 19, "best_ntree_limit": 20, "smooth_f2": 0.5657105814761034, "f2_0.1": 0.7938441098317095, "f2_0.2": 0.7958313595452391, "greedy_threshold": 0.15, "greedy_f2": 0.8126594018084861}, "ensemble_val2_label11.xgb": {"eta": 0.15, "max_depth": 5, "min_child_weight": 2, "best_iteration": 18, "best_ntree_limit": 19, "smooth_f2": 0.25934369856115214, "f2_0.1": 0.5369127516778524, "f2_0.2": 0.5488621151271754, "greedy_threshold": 0.15, "greedy_f2": 0.5715158924205379}, "ensemble_val2_label12.xgb": {"eta": 0.17, "max_depth": 2, "min_child_weight": 1, "best_iteration": 9, "best_ntree_limit": 10, "smooth_f2": 0.11764471818331429, "f2_0.1": 0.40767386091127095, "f2_0.2": 0.6403940886699506, "greedy_threshold": 0.18, "greedy_f2": 0.676959619952494}, "ensemble_val3_label0.xgb": {"eta": 0.15, "max_depth": 3, "min_child_weight": 1, "best_iteration": 12, "best_ntree_limit": 13, "smooth_f2": 0.02585421461242619, "f2_0.1": 0.28169014084507044, "f2_0.2": 0.3875968992248061, "greedy_threshold": 0.28, "greedy_f2": 0.44117647058823534}, "ensemble_val3_label1.xgb": {"eta": 0.13, "max_depth": 5, "min_child_weight": 2, "best_iteration": 8, "best_ntree_limit": 9, "smooth_f2": 0.3482022289625629, "f2_0.1": 0.2955288227522425, "f2_0.2": 0.6667871340802313, "greedy_threshold": 0.24, "greedy_f2": 0.7039274924471299}, "ensemble_val3_label2.xgb": {"eta": 0.13, "max_depth": 5, "min_child_weight": 2, "best_iteration": 13, "best_ntree_limit": 14,