{"ensemble_val1_label0.xgb": {"eta": 0.2, "max_depth": 6, "min_child_weight": 1, "best_iteration": 1, "best_ntree_limit": 2, "smooth_f2": 0.01139601017576151, "f2_0.1": 0.008591842271863976, "f2_0.2": 0.008591842271863976, "greedy_threshold": 0.4, "greedy_f2": 0.6306306306306305}, "ensemble_val1_label1.xgb": {"eta": 0.1, "max_depth": 5, "min_child_weight": 3, "best_iteration": 10, "best_ntree_limit": 11, "smooth_f2": 0.3600092812558764, "f2_0.1": 0.30732779342078154, "f2_0.2": 0.6646874484578592, "greedy_threshold": 0.27, "greedy_f2": 0.7275754014884449}, "ensemble_val1_label2.xgb": {"eta": 0.2, "max_depth": 7, "min_child_weight": 1, "best_iteration": 16, "best_ntree_limit": 17, "smooth_f2": 0.9269063377952592, "f2_0.1": 0.9818784792135498, "f2_0.2": 0.982344102178813, "greedy_threshold": 0.24, "greedy_f2": 0.9826109319670023}, "ensemble_val1_label3.xgb": {"eta": 0.15, "max_depth": 8, "min_child_weight": 3, "best_iteration": 17, "best_ntree_limit": 18, "smooth_f2": 0.11059711376515143, "f2_0.1": 0.35714285714285715, "f2_0.2": 0.35185185185185186, "greedy_threshold": 0.06, "greedy_f2": 0.4227405247813411}, "ensemble_val1_label4.xgb": {"eta": 0.2, "max_depth": 7, "min_child_weight": 2, "best_iteration": 8, "best_ntree_limit": 9, "smooth_f2": 0.5864378340861455, "f2_0.1": 0.7739912534037461, "f2_0.2": 0.8327125430673247, "greedy_threshold": 0.22, "greedy_f2": 0.8336076753045196}, "ensemble_val1_label5.xgb": {"eta": 0.05, "max_depth": 2, "min_child_weight": 1, "best_iteration": 33, "best_ntree_limit": 34, "smooth_f2": 0.4718250906887155, "f2_0.1": 0.6472612990122718, "f2_0.2": 0.7750996209544173, "greedy_threshold": 0.21, "greedy_f2": 0.777712437518377}, "ensemble_val1_label6.xgb": {"eta": 0.2, "max_depth": 2, "min_child_weight": 1, "best_iteration": 16, "best_ntree_limit": 17, "smooth_f2": 0.0919137539242355, "f2_0.1": 0.46948356807511743, "f2_0.2": 0.4261363636363636, "greedy_threshold": 0.12, "greedy_f2": 0.4926108374384236}, "ensemble_val1_label7.xgb": {"eta": 0.2, "max_depth": 6, "min_child_weight": 2, "best_iteration": 19, "best_ntree_limit": 20, "smooth_f2": 0.2266654933965653, "f2_0.1": 0.5166163141993957, "f2_0.2": 0.46215429403202324, "greedy_threshold": 0.12, "greedy_f2": 0.5306380290587492}, "ensemble_val1_label8.xgb": {"eta": 0.1, "max_depth": 9, "min_child_weight": 3, "best_iteration": 25, "best_ntree_limit": 26, "smooth_f2": 0.9149243861965939, "f2_0.1": 0.9795853459757092, "f2_0.2": 0.9803472125331367, "greedy_threshold": 0.3, "greedy_f2": 0.9812533690031744}, "ensemble_val1_label9.xgb": {"eta": 0.1, "max_depth": 3, "min_child_weight": 1, "best_iteration": 12, "best_ntree_limit": 13, "smooth_f2": 0.3599495178571945, "f2_0.1": 0.4219701996742475, "f2_0.2": 0.6516536118363794, "greedy_threshold": 0.21, "greedy_f2": 0.656497175141243}, "ensemble_val1_label10.xgb": {"eta": 0.15, "max_depth": 3, "min_child_weight": 1, "best_iteration": 12, "best_ntree_limit": 13, "smooth_f2": 0.5060987453118573, "f2_0.1": 0.7632501095050371, "f2_0.2": 0.794790652385589, "greedy_threshold": 0.18, "greedy_f2": 0.803314121037464}, "ensemble_val1_label11.xgb": {"eta": 0.05, "max_depth": 4, "min_child_weight": 4, "best_iteration": 31, "best_ntree_limit": 32, "smooth_f2": 0.18049185525471412, "f2_0.1": 0.10738366769333223, "f2_0.2": 0.5951696377228292, "greedy_threshold": 0.21, "greedy_f2": 0.6039076376554173}, "ensemble_val1_label12.xgb": {"eta": 0.05, "max_depth": 5, "min_child_weight": 5, "best_iteration": 17, "best_ntree_limit": 18, "smooth_f2": 0.057363852793810795, "f2_0.1": 0.02934637616718542, "f2_0.2": 0.02934637616718542, "greedy_threshold": 0.4, "greedy_f2": 0.5823863636363636}, "ensemble_val2_label0.xgb": {"eta": 0.15, "max_depth": 3, "min_child_weight": 5, "best_iteration": 2, "best_ntree_limit": 3, "smooth_f2": 0.015391702897551002, "f2_0.1": 0.012173128944995492, "f2_0.2": 0.012173128944995492, "greedy_threshold": 0.36, "greedy_f2": 0.6291390728476821}, "ensemble_val2_label1.xgb": {"eta": 0.15, "max_depth": 4, "min_child_weight": 4, "best_iteration": 13, "best_ntree_limit": 14, "smooth_f2": 0.4368234506278324, "f2_0.1": 0.6221020092735704, "f2_0.2": 0.7107552392249901, "greedy_threshold": 0.21, "greedy_f2": 0.7137121060028105}, "ensemble_val2_label2.xgb": {"eta": 0.05, "max_depth": 9, "min_child_weight": 3, "best_iteration": 46, "best_ntree_limit": 47, "smooth_f2": 0.8940191985198654, "f2_0.1": 0.9809191871455577, "f2_0.2": 0.9819894543515612, "greedy_threshold": 0.25, "greedy_f2": 0.9829338712229078}, "ensemble_val2_label3.xgb": {"eta": 0.2, "max_depth": 6, "min_child_weight": 2, "best_iteration": 10, "best_ntree_limit": 11, "smooth_f2": 0.06071011289626641, "f2_0.1": 0.4301075268817205, "f2_0.2": 0.3629032258064517, "greedy_threshold": 0.09, "greedy_f2": 0.48442906574394456}, "ensemble_val2_label4.xgb": {"eta": 0.1, "max_depth": 5, "min_child_weight": 1, "best_iteration": 35, "best_ntree_limit": 36, "smooth_f2": 0.6253654145118307, "f2_0.1": 0.8291388304200603, "f2_0.2": 0.8306047765793528, "greedy_threshold": 0.15, "greedy_f2": 0.8373070204428497}, "ensemble_val2_label5.xgb": {"eta": 0.05, "max_depth": 4, "min_child_weight": 5, "best_iteration": 40, "best_ntree_limit": 41, "smooth_f2": 0.4580646567768277, "f2_0.1": 0.692590520342099, "f2_0.2": 0.7613701784686242, "greedy_threshold": 0.21, "greedy_f2": 0.7662149080348499}, "ensemble_val2_label6.xgb": {"eta": 0.15, "max_depth": 6, "min_child_weight": 3, "best_iteration": 5, "best_ntree_limit": 6, "smooth_f2": 0.02441531679736386, "f2_0.1": 0.016621743036837378, "f2_0.2": 0.28901734104046245, "greedy_threshold": 0.29, "greedy_f2": 0.45918367346938777}, "ensemble_val2_label7.xgb": {"eta": 0.15, "max_depth": 4, "min_child_weight": 2, "best_iteration": 32, "best_ntree_limit": 33, "smooth_f2": 0.23444885681666033, "f2_0.1": 0.5577136514983352, "f2_0.2": 0.5073431241655542, "greedy_threshold": 0.09, "greedy_f2": 0.5700586041555675}, "ensemble_val2_label8.xgb": {"eta": 0.2, "max_depth": 4, "min_child_weight": 1, "best_iteration": 16, "best_ntree_limit": 17, "smooth_f2": 0.8998390715692269, "f2_0.1": 0.9795112856519499, "f2_0.2": 0.9808426832179519, "greedy_threshold": 0.3, "greedy_f2": 0.9820360475317012}, "ensemble_val2_label9.xgb": {"eta": 0.15, "max_depth": 4, "min_child_weight": 5, "best_iteration": 29, "best_ntree_limit": 30, "smooth_f2": 0.3708438831909489, "f2_0.1": 0.6381034297387377, "f2_0.2": 0.6518938417933523, "greedy_threshold": 0.18, "greedy_f2": 0.6583897667419112}, "ensemble_val2_label10.xgb": {"eta": 0.05, "max_depth": 4, "min_child_weight": 1, "best_iteration": 22, "best_ntree_limit": 23, "smooth_f2": 0.41495616853899636, "f2_0.1": 0.27350974534073125, "f2_0.2": 0.7910839160839161, "greedy_threshold": 0.27, "greedy_f2": 0.8151922186197312}, "ensemble_val2_label11.xgb": {"eta": 0.1, "max_depth": 9, "min_child_weight": 2, "best_iteration": 45, "best_ntree_limit": 46, "smooth_f2": 0.3059830914068068, "f2_0.1": 0.5533596837944664, "f2_0.2": 0.5294906166219839, "greedy_threshold": 0.12, "greedy_f2": 0.5657041838538597}, "ensemble_val2_label12.xgb": {"eta": 0.1, "max_depth": 3, "min_child_weight": 1, "best_iteration": 16, "best_ntree_limit": 17, "smooth_f2": 0.11986670866225177, "f2_0.1": 0.5637707948243993, "f2_0.2": 0.6388206388206388, "greedy_threshold": 0.18, "greedy_f2": 0.6834532374100719}, "ensemble_val3_label0.xgb": {"eta": 0.2, "max_depth": 6, "min_child_weight": 1, "best_iteration": 19, "best_ntree_limit": 20, "smooth_f2": 0.17002533202377745, "f2_0.1": 0.39823008849557523, "f2_0.2": 0.43269230769230765, "greedy_threshold": 0.39, "greedy_f2": 0.4838709677419354}, "ensemble_val3_label1.xgb": {"eta": 0.05, "max_depth": 2, "min_child_weight": 1, "best_iteration": 14, "best_ntree_limit": 15, "smooth_f2": 0.3027014917537237, "f2_0.1": 0.2955288227522425, "f2_0.2": 0.2955288227522425, "greedy_threshold": 0.3, "greedy_f2": 0.7147189648200567}, "ensemble_val3_label2.xgb": {"eta": 0.05, "max_depth": 7, "min_child_weight": 1, "best_iteration": 43, "best_ntree_limit": 44,