{"ensemble_val1_label0.xgb": {"eta": 0.15, "max_depth": 2, "min_child_weight": 1, "best_iteration": 2, "best_ntree_limit": 3, "smooth_f2": 0.01057417727882798, "f2_0.1": 0.008591842271863976, "f2_0.2": 0.008591842271863976, "greedy_threshold": 0.35, "greedy_f2": 0.5952380952380952}}