{"ensemble_val1_label0.xgb": {"eta": 0.15, "max_depth": 2, "min_child_weight": 1, "best_iteration": 2, "best_ntree_limit": 3, "smooth_f2": 0.01057417727882798, "f2_0.1": 0.008591842271863976, "f2_0.2": 0.008591842271863976, "greedy_threshold": 0.35, "greedy_f2": 0.5952380952380952}, "ensemble_val1_label1.xgb": {"eta": 0.15, "max_depth": 6, "min_child_weight": 4, "best_iteration": 7, "best_ntree_limit": 8, "smooth_f2": 0.37563702617460865, "f2_0.1": 0.30732779342078154, "f2_0.2": 0.6896854682832542, "greedy_threshold": 0.28, "greedy_f2": 0.724754065448705}, "ensemble_val1_label2.xgb": {"eta": 0.15, "max_depth": 7, "min_child_weight": 4, "best_iteration": 25, "best_ntree_limit": 26, "smooth_f2": 0.9306743915708942, "f2_0.1": 0.9817549956559515, "f2_0.2": 0.9825400905621576, "greedy_threshold": 0.21, "greedy_f2": 0.982575502857934}, "ensemble_val1_label3.xgb": {"eta": 0.15, "max_depth": 8, "min_child_weight": 3, "best_iteration": 17, "best_ntree_limit": 18, "smooth_f2": 0.11059711376515143, "f2_0.1": 0.35714285714285715, "f2_0.2": 0.35185185185185186, "greedy_threshold": 0.06, "greedy_f2": 0.4227405247813411}, "ensemble_val1_label4.xgb": {"eta": 0.15, "max_depth": 6, "min_child_weight": 4, "best_iteration": 34, "best_ntree_limit": 35, "smooth_f2": 0.6243295140583894, "f2_0.1": 0.8294708824744159, "f2_0.2": 0.8301462854957453, "greedy_threshold": 0.15, "greedy_f2": 0.8334507869391591}, "ensemble_val1_label5.xgb": {"eta": 0.15, "max_depth": 2, "min_child_weight": 1, "best_iteration": 14, "best_ntree_limit": 15, "smooth_f2": 0.4929257562758871, "f2_0.1": 0.7464285714285714, "f2_0.2": 0.774549796040195, "greedy_threshold": 0.18, "greedy_f2": 0.7768846191549849}, "ensemble_val1_label6.xgb": {"eta": 0.15, "max_depth": 2, "min_child_weight": 4, "best_iteration": 21, "best_ntree_limit": 22, "smooth_f2": 0.0815857492364368, "f2_0.1": 0.4524886877828055, "f2_0.2": 0.39548022598870053, "greedy_threshold": 0.12, "greedy_f2": 0.4878048780487805}, "ensemble_val1_label7.xgb": {"eta": 0.15, "max_depth": 7, "min_child_weight": 4, "best_iteration": 24, "best_ntree_limit": 25, "smooth_f2": 0.25578496138428836, "f2_0.1": 0.5208333333333333, "f2_0.2": 0.48530416951469585, "greedy_threshold": 0.12, "greedy_f2": 0.5287009063444109}, "ensemble_val1_label8.xgb": {"eta": 0.15, "max_depth": 7, "min_child_weight": 2, "best_iteration": 26, "best_ntree_limit": 27, "smooth_f2": 0.9343559315983677, "f2_0.1": 0.9801990049751244, "f2_0.2": 0.9807753669432034, "greedy_threshold": 0.24, "greedy_f2": 0.9812021072796935}, "ensemble_val1_label9.xgb": {"eta": 0.15, "max_depth": 3, "min_child_weight": 1, "best_iteration": 30, "best_ntree_limit": 31, "smooth_f2": 0.38160005070130576, "f2_0.1": 0.6488507643242054, "f2_0.2": 0.6411238825031929, "greedy_threshold": 0.12, "greedy_f2": 0.6558321807284463}, "ensemble_val1_label10.xgb": {"eta": 0.15, "max_depth": 3, "min_child_weight": 1, "best_iteration": 12, "best_ntree_limit": 13, "smooth_f2": 0.5060987453118573, "f2_0.1": 0.7632501095050371, "f2_0.2": 0.794790652385589, "greedy_threshold": 0.18, "greedy_f2": 0.803314121037464}, "ensemble_val1_label11.xgb": {"eta": 0.15, "max_depth": 3, "min_child_weight": 4, "best_iteration": 11, "best_ntree_limit": 12, "smooth_f2": 0.18770772258625004, "f2_0.1": 0.4974916387959866, "f2_0.2": 0.5838509316770186, "greedy_threshold": 0.18, "greedy_f2": 0.5997659449970743}, "ensemble_val1_label12.xgb": {"eta": 0.15, "max_depth": 5, "min_child_weight": 3, "best_iteration": 25, "best_ntree_limit": 26, "smooth_f2": 0.2494660938187442, "f2_0.1": 0.39497307001795334, "f2_0.2": 0.48009367681498827, "greedy_threshold": 0.36, "greedy_f2": 0.5769230769230771}, "ensemble_val2_label0.xgb": {"eta": 0.15, "max_depth": 3, "min_child_weight": 5, "best_iteration": 2, "best_ntree_limit": 3, "smooth_f2": 0.015391702897551002, "f2_0.1": 0.012173128944995492, "f2_0.2": 0.012173128944995492, "greedy_threshold": 0.36, "greedy_f2": 0.6291390728476821}, "ensemble_val2_label1.xgb": {"eta": 0.15, "max_depth": 4, "min_child_weight": 4, "best_iteration": 13, "best_ntree_limit": 14, "smooth_f2": 0.4368234506278324, "f2_0.1": 0.6221020092735704, "f2_0.2": 0.7107552392249901, "greedy_threshold": 0.21, "greedy_f2": 0.7137121060028105}, "ensemble_val2_label2.xgb": {"eta": 0.15, "max_depth": 4, "min_child_weight": 2, "best_iteration": 26, "best_ntree_limit": 27, "smooth_f2": 0.930350018746497, "f2_0.1": 0.9817837709959785, "f2_0.2": 0.9824145425805177, "greedy_threshold": 0.24, "greedy_f2": 0.9829161229090047}, "ensemble_val2_label3.xgb": {"eta": 0.15, "max_depth": 5, "min_child_weight": 4, "best_iteration": 17, "best_ntree_limit": 18, "smooth_f2": 0.08573405965970071, "f2_0.1": 0.3861003861003861, "f2_0.2": 0.37815126050420167, "greedy_threshold": 0.06, "greedy_f2": 0.4692556634304207}, "ensemble_val2_label4.xgb": {"eta": 0.15, "max_depth": 5, "min_child_weight": 1, "best_iteration": 34, "best_ntree_limit": 35, "smooth_f2": 0.630070041284888, "f2_0.1": 0.8306129017426089, "f2_0.2": 0.830600829395313, "greedy_threshold": 0.14, "greedy_f2": 0.8364759121334968}, "ensemble_val2_label5.xgb": {"eta": 0.15, "max_depth": 2, "min_child_weight": 1, "best_iteration": 16, "best_ntree_limit": 17, "smooth_f2": 0.4726424479682777, "f2_0.1": 0.7225360424922014, "f2_0.2": 0.7631375579598144, "greedy_threshold": 0.21, "greedy_f2": 0.7652266978011286}, "ensemble_val2_label6.xgb": {"eta": 0.15, "max_depth": 6, "min_child_weight": 3, "best_iteration": 5, "best_ntree_limit": 6, "smooth_f2": 0.02441531679736386, "f2_0.1": 0.016621743036837378, "f2_0.2": 0.28901734104046245, "greedy_threshold": 0.29, "greedy_f2": 0.45918367346938777}, "ensemble_val2_label7.xgb": {"eta": 0.15, "max_depth": 4, "min_child_weight": 2, "best_iteration": 32, "best_ntree_limit": 33, "smooth_f2": 0.23444885681666033, "f2_0.1": 0.5577136514983352, "f2_0.2": 0.5073431241655542, "greedy_threshold": 0.09, "greedy_f2": 0.5700586041555675}, "ensemble_val2_label8.xgb": {"eta": 0.15, "max_depth": 4, "min_child_weight": 1, "best_iteration": 28, "best_ntree_limit": 29, "smooth_f2": 0.9127296253397998, "f2_0.1": 0.979703589072079, "f2_0.2": 0.9808583878862647, "greedy_threshold": 0.3, "greedy_f2": 0.9818935949589214}, "ensemble_val2_label9.xgb": {"eta": 0.15, "max_depth": 4, "min_child_weight": 5, "best_iteration": 29, "best_ntree_limit": 30, "smooth_f2": 0.3708438831909489, "f2_0.1": 0.6381034297387377, "f2_0.2": 0.6518938417933523, "greedy_threshold": 0.18, "greedy_f2": 0.6583897667419112}, "ensemble_val2_label10.xgb": {"eta": 0.15, "max_depth": 7, "min_child_weight": 2, "best_iteration": 31, "best_ntree_limit": 32, "smooth_f2": 0.5999851995698812, "f2_0.1": 0.8013976555455367, "f2_0.2": 0.7992388201712655, "greedy_threshold": 0.13, "greedy_f2": 0.8133916244822825}, "ensemble_val2_label11.xgb": {"eta": 0.15, "max_depth": 7, "min_child_weight": 3, "best_iteration": 27, "best_ntree_limit": 28, "smooth_f2": 0.28277140276120155, "f2_0.1": 0.5384199134199134, "f2_0.2": 0.5497037524687294, "greedy_threshold": 0.15, "greedy_f2": 0.5649546827794563}, "ensemble_val2_label12.xgb": {"eta": 0.15, "max_depth": 3, "min_child_weight": 2, "best_iteration": 16, "best_ntree_limit": 17, "smooth_f2": 0.19403960934571896, "f2_0.1": 0.6597222222222222, "f2_0.2": 0.6030150753768845, "greedy_threshold": 0.12, "greedy_f2": 0.6818181818181817}, "ensemble_val3_label0.xgb": {"eta": 0.15, "max_depth": 7, "min_child_weight": 1, "best_iteration": 22, "best_ntree_limit": 23, "smooth_f2": 0.09813207928278707, "f2_0.1": 0.4017857142857143, "f2_0.2": 0.45454545454545453, "greedy_threshold": 0.26, "greedy_f2": 0.47872340425531906}, "ensemble_val3_label1.xgb": {"eta": 0.15, "max_depth": 4, "min_child_weight": 2, "best_iteration": 5, "best_ntree_limit": 6, "smooth_f2": 0.3265119136038459, "f2_0.1": 0.2955288227522425, "f2_0.2": 0.4522640480087289, "greedy_threshold": 0.27, "greedy_f2": 0.7129780309194467}, "ensemble_val3_label2.xgb": {"eta": 0.15, "max_depth": 4, "min_child_weight": 2, "best_iteration": 8, "best_ntree_limit": 9,