{"ensemble_val1_label0.xgb": {"eta": 0.2, "max_depth": 6, "min_child_weight": 1, "best_iteration": 16, "best_ntree_limit": 17, "smooth_f2": 0.08803587961854052, "f2_0.1": 0.5909090909090909, "f2_0.2": 0.44444444444444436, "greedy_threshold": 0.12, "greedy_f2": 0.6250000000000001}, "ensemble_val1_label1.xgb": {"eta": 0.2, "max_depth": 3, "min_child_weight": 4, "best_iteration": 10, "best_ntree_limit": 11, "smooth_f2": 0.43081109710574855, "f2_0.1": 0.6588330632090762, "f2_0.2": 0.7176891006551518, "greedy_threshold": 0.19, "greedy_f2": 0.7201807820789938}, "ensemble_val1_label2.xgb": {"eta": 0.2, "max_depth": 10, "min_child_weight": 3, "best_iteration": 12, "best_ntree_limit": 13, "smooth_f2": 0.920255960135695, "f2_0.1": 0.9817428204875159, "f2_0.2": 0.9826178093298265, "greedy_threshold": 0.2, "greedy_f2": 0.9826178093298265}, "ensemble_val1_label3.xgb": {"eta": 0.2, "max_depth": 2, "min_child_weight": 1, "best_iteration": 20, "best_ntree_limit": 21, "smooth_f2": 0.13153041840273175, "f2_0.1": 0.35580524344569286, "f2_0.2": 0.31007751937984496, "greedy_threshold": 0.05, "greedy_f2": 0.40816326530612246}, "ensemble_val1_label4.xgb": {"eta": 0.2, "max_depth": 5, "min_child_weight": 1, "best_iteration": 2, "best_ntree_limit": 3, "smooth_f2": 0.5380803568197601, "f2_0.1": 0.7242713240644988, "f2_0.2": 0.7242713240644988, "greedy_threshold": 0.36, "greedy_f2": 0.8323814962878354}, "ensemble_val1_label5.xgb": {"eta": 0.2, "max_depth": 3, "min_child_weight": 1, "best_iteration": 26, "best_ntree_limit": 27, "smooth_f2": 0.5247933610597729, "f2_0.1": 0.7641509433962265, "f2_0.2": 0.7677425924040322, "greedy_threshold": 0.15, "greedy_f2": 0.7765170202269364}, "ensemble_val1_label6.xgb": {"eta": 0.2, "max_depth": 3, "min_child_weight": 5, "best_iteration": 11, "best_ntree_limit": 12, "smooth_f2": 0.0586367865726394, "f2_0.1": 0.44176706827309237, "f2_0.2": 0.34285714285714286, "greedy_threshold": 0.12, "greedy_f2": 0.4794520547945206}, "ensemble_val1_label7.xgb": {"eta": 0.2, "max_depth": 7, "min_child_weight": 5, "best_iteration": 6, "best_ntree_limit": 7, "smooth_f2": 0.15848406271610105, "f2_0.1": 0.10738366769333223, "f2_0.2": 0.5118829981718465, "greedy_threshold": 0.22, "greedy_f2": 0.5274936061381075}, "ensemble_val1_label8.xgb": {"eta": 0.2, "max_depth": 9, "min_child_weight": 3, "best_iteration": 29, "best_ntree_limit": 30, "smooth_f2": 0.9410065705915828, "f2_0.1": 0.9804019199745067, "f2_0.2": 0.9806582965727858, "greedy_threshold": 0.18, "greedy_f2": 0.9811881583147143}, "ensemble_val1_label9.xgb": {"eta": 0.2, "max_depth": 3, "min_child_weight": 1, "best_iteration": 18, "best_ntree_limit": 19, "smooth_f2": 0.372673563163648, "f2_0.1": 0.642039987169892, "f2_0.2": 0.6323229750382069, "greedy_threshold": 0.15, "greedy_f2": 0.6527977044476326}, "ensemble_val1_label10.xgb": {"eta": 0.2, "max_depth": 5, "min_child_weight": 3, "best_iteration": 19, "best_ntree_limit": 20, "smooth_f2": 0.5645199132104102, "f2_0.1": 0.7883720930232558, "f2_0.2": 0.7992106561420819, "greedy_threshold": 0.15, "greedy_f2": 0.8038507821901323}, "ensemble_val1_label11.xgb": {"eta": 0.2, "max_depth": 3, "min_child_weight": 2, "best_iteration": 8, "best_ntree_limit": 9, "smooth_f2": 0.18781102174601902, "f2_0.1": 0.5303370786516854, "f2_0.2": 0.5824315722469764, "greedy_threshold": 0.18, "greedy_f2": 0.6025562994522214}, "ensemble_val1_label12.xgb": {"eta": 0.2, "max_depth": 3, "min_child_weight": 5, "best_iteration": 24, "best_ntree_limit": 25, "smooth_f2": 0.2580606126668194, "f2_0.1": 0.5162241887905605, "f2_0.2": 0.47468354430379744, "greedy_threshold": 0.06, "greedy_f2": 0.5753424657534246}, "ensemble_val2_label0.xgb": {"eta": 0.2, "max_depth": 2, "min_child_weight": 2, "best_iteration": 19, "best_ntree_limit": 20, "smooth_f2": 0.10982114885244307, "f2_0.1": 0.49668874172185434, "f2_0.2": 0.4166666666666667, "greedy_threshold": 0.09, "greedy_f2": 0.5844155844155844}, "ensemble_val2_label1.xgb": {"eta": 0.2, "max_depth": 5, "min_child_weight": 1, "best_iteration": 17, "best_ntree_limit": 18, "smooth_f2": 0.4939334253441947, "f2_0.1": 0.6891468583010871, "f2_0.2": 0.6919411642842345, "greedy_threshold": 0.15, "greedy_f2": 0.7099191480970224}, "ensemble_val2_label2.xgb": {"eta": 0.2, "max_depth": 6, "min_child_weight": 4, "best_iteration": 11, "best_ntree_limit": 12, "smooth_f2": 0.9135556146847386, "f2_0.1": 0.9821692735556915, "f2_0.2": 0.9827183928500811, "greedy_threshold": 0.18, "greedy_f2": 0.982905138339921}, "ensemble_val2_label3.xgb": {"eta": 0.2, "max_depth": 7, "min_child_weight": 3, "best_iteration": 10, "best_ntree_limit": 11, "smooth_f2": 0.08060979010810244, "f2_0.1": 0.41818181818181815, "f2_0.2": 0.35564853556485354, "greedy_threshold": 0.09, "greedy_f2": 0.4452054794520548}, "ensemble_val2_label4.xgb": {"eta": 0.2, "max_depth": 2, "min_child_weight": 4, "best_iteration": 19, "best_ntree_limit": 20, "smooth_f2": 0.6260790230083659, "f2_0.1": 0.8304959970553049, "f2_0.2": 0.8318494634005487, "greedy_threshold": 0.15, "greedy_f2": 0.836557516278192}, "ensemble_val2_label5.xgb": {"eta": 0.2, "max_depth": 4, "min_child_weight": 5, "best_iteration": 17, "best_ntree_limit": 18, "smooth_f2": 0.5190955944351743, "f2_0.1": 0.7583156730857827, "f2_0.2": 0.7618187292984041, "greedy_threshold": 0.15, "greedy_f2": 0.7673721851744467}, "ensemble_val2_label6.xgb": {"eta": 0.2, "max_depth": 3, "min_child_weight": 4, "best_iteration": 11, "best_ntree_limit": 12, "smooth_f2": 0.04720661731259272, "f2_0.1": 0.4298642533936652, "f2_0.2": 0.3142857142857142, "greedy_threshold": 0.11, "greedy_f2": 0.430622009569378}, "ensemble_val2_label7.xgb": {"eta": 0.2, "max_depth": 2, "min_child_weight": 1, "best_iteration": 10, "best_ntree_limit": 11, "smooth_f2": 0.18689716553729965, "f2_0.1": 0.5498458376156218, "f2_0.2": 0.4916943521594685, "greedy_threshold": 0.13, "greedy_f2": 0.5677233429394813}, "ensemble_val2_label8.xgb": {"eta": 0.2, "max_depth": 6, "min_child_weight": 5, "best_iteration": 12, "best_ntree_limit": 13, "smooth_f2": 0.9181648967606397, "f2_0.1": 0.979412114720933, "f2_0.2": 0.981767878824068, "greedy_threshold": 0.2, "greedy_f2": 0.981767878824068}, "ensemble_val2_label9.xgb": {"eta": 0.2, "max_depth": 3, "min_child_weight": 1, "best_iteration": 13, "best_ntree_limit": 14, "smooth_f2": 0.39627937689951725, "f2_0.1": 0.633399312428378, "f2_0.2": 0.6520902795588612, "greedy_threshold": 0.18, "greedy_f2": 0.6592101974506374}, "ensemble_val2_label10.xgb": {"eta": 0.2, "max_depth": 9, "min_child_weight": 4, "best_iteration": 9, "best_ntree_limit": 10, "smooth_f2": 0.5073880931495832, "f2_0.1": 0.7538619979402678, "f2_0.2": 0.8019199250760947, "greedy_threshold": 0.18, "greedy_f2": 0.8083487084870847}, "ensemble_val2_label11.xgb": {"eta": 0.2, "max_depth": 2, "min_child_weight": 2, "best_iteration": 18, "best_ntree_limit": 19, "smooth_f2": 0.2485803585008491, "f2_0.1": 0.5612798264642083, "f2_0.2": 0.5465587044534413, "greedy_threshold": 0.12, "greedy_f2": 0.5689655172413792}, "ensemble_val2_label12.xgb": {"eta": 0.2, "max_depth": 5, "min_child_weight": 2, "best_iteration": 11, "best_ntree_limit": 12, "smooth_f2": 0.1905703758025, "f2_0.1": 0.5996131528046421, "f2_0.2": 0.656934306569343, "greedy_threshold": 0.17, "greedy_f2": 0.6872037914691943}, "ensemble_val3_label0.xgb": {"eta": 0.2, "max_depth": 2, "min_child_weight": 3, "best_iteration": 25, "best_ntree_limit": 26, "smooth_f2": 0.15184352340472562, "f2_0.1": 0.3333333333333333, "f2_0.2": 0.39823008849557523, "greedy_threshold": 0.27, "greedy_f2": 0.43269230769230765}, "ensemble_val3_label1.xgb": {"eta": 0.2, "max_depth": 2, "min_child_weight": 1, "best_iteration": 35, "best_ntree_limit": 36, "smooth_f2": 0.43813845604812474, "f2_0.1": 0.6842006739049046, "f2_0.2": 0.6916912695065374, "greedy_threshold": 0.18, "greedy_f2": 0.7039636663914121}, "ensemble_val3_label2.xgb": {"eta": 0.2, "max_depth": 5, "min_child_weight": 2, "best_iteration": 37, "best_ntree_limit": 38, "smooth_f2": 0.9325926957442309,