{"ensemble_val1_label0.xgb": {"eta": 0.05, "max_depth": 2, "min_child_weight": 5, "best_iteration": 16, "best_ntree_limit": 17, "smooth_f2": 0.013400286243701131, "f2_0.1": 0.008591842271863976, "f2_0.2": 0.008591842271863976, "greedy_threshold": 0.3, "greedy_f2": 0.6074766355140185}, "ensemble_val1_label1.xgb": {"eta": 0.05, "max_depth": 5, "min_child_weight": 1, "best_iteration": 34, "best_ntree_limit": 35, "smooth_f2": 0.41307617196759516, "f2_0.1": 0.535183349851338, "f2_0.2": 0.7145593869731801, "greedy_threshold": 0.24, "greedy_f2": 0.7222443294866693}, "ensemble_val1_label2.xgb": {"eta": 0.05, "max_depth": 8, "min_child_weight": 2, "best_iteration": 46, "best_ntree_limit": 47, "smooth_f2": 0.9085479929537726, "f2_0.1": 0.980108321024126, "f2_0.2": 0.9821886971288653, "greedy_threshold": 0.24, "greedy_f2": 0.9824762431594128}, "ensemble_val1_label3.xgb": {"eta": 0.05, "max_depth": 5, "min_child_weight": 4, "best_iteration": 57, "best_ntree_limit": 58, "smooth_f2": 0.1132376663823298, "f2_0.1": 0.39518900343642616, "f2_0.2": 0.35580524344569286, "greedy_threshold": 0.09, "greedy_f2": 0.43478260869565216}, "ensemble_val1_label4.xgb": {"eta": 0.05, "max_depth": 6, "min_child_weight": 2, "best_iteration": 2, "best_ntree_limit": 3, "smooth_f2": 0.4804071780055542, "f2_0.1": 0.7242713240644988, "f2_0.2": 0.7242713240644988, "greedy_threshold": 0.46, "greedy_f2": 0.8325746322296229}, "ensemble_val1_label5.xgb": {"eta": 0.05, "max_depth": 5, "min_child_weight": 2, "best_iteration": 25, "best_ntree_limit": 26, "smooth_f2": 0.45863581876831594, "f2_0.1": 0.486964255934182, "f2_0.2": 0.7588579931181996, "greedy_threshold": 0.24, "greedy_f2": 0.7775580820563519}, "ensemble_val1_label6.xgb": {"eta": 0.05, "max_depth": 3, "min_child_weight": 5, "best_iteration": 7, "best_ntree_limit": 8, "smooth_f2": 0.018621176267268273, "f2_0.1": 0.015291895295493388, "f2_0.2": 0.015291895295493388, "greedy_threshold": 0.4, "greedy_f2": 0.47619047619047616}, "ensemble_val1_label7.xgb": {"eta": 0.05, "max_depth": 6, "min_child_weight": 5, "best_iteration": 21, "best_ntree_limit": 22, "smooth_f2": 0.14745024875576138, "f2_0.1": 0.10738366769333223, "f2_0.2": 0.4875717017208413, "greedy_threshold": 0.27, "greedy_f2": 0.5321158690176323}, "ensemble_val1_label8.xgb": {"eta": 0.05, "max_depth": 8, "min_child_weight": 2, "best_iteration": 33, "best_ntree_limit": 34, "smooth_f2": 0.8732892865920281, "f2_0.1": 0.9777456016819724, "f2_0.2": 0.9798110392839383, "greedy_threshold": 0.42, "greedy_f2": 0.9813196263925278}, "ensemble_val1_label9.xgb": {"eta": 0.05, "max_depth": 3, "min_child_weight": 1, "best_iteration": 34, "best_ntree_limit": 35, "smooth_f2": 0.3681570955765676, "f2_0.1": 0.520033137520711, "f2_0.2": 0.6498877466619402, "greedy_threshold": 0.18, "greedy_f2": 0.6569879109705117}, "ensemble_val1_label10.xgb": {"eta": 0.05, "max_depth": 3, "min_child_weight": 4, "best_iteration": 34, "best_ntree_limit": 35, "smooth_f2": 0.48206821843171177, "f2_0.1": 0.7244582043343654, "f2_0.2": 0.8000966884215615, "greedy_threshold": 0.18, "greedy_f2": 0.8024251069900142}, "ensemble_val1_label11.xgb": {"eta": 0.05, "max_depth": 4, "min_child_weight": 3, "best_iteration": 35, "best_ntree_limit": 36, "smooth_f2": 0.1984200976211533, "f2_0.1": 0.475, "f2_0.2": 0.5885997521685253, "greedy_threshold": 0.21, "greedy_f2": 0.5975842339478703}, "ensemble_val1_label12.xgb": {"eta": 0.05, "max_depth": 4, "min_child_weight": 1, "best_iteration": 57, "best_ntree_limit": 58, "smooth_f2": 0.18900545430596424, "f2_0.1": 0.39012738853503176, "f2_0.2": 0.4820627802690583, "greedy_threshold": 0.3, "greedy_f2": 0.564516129032258}, "ensemble_val2_label0.xgb": {"eta": 0.05, "max_depth": 3, "min_child_weight": 4, "best_iteration": 28, "best_ntree_limit": 29, "smooth_f2": 0.027768400263709265, "f2_0.1": 0.012173128944995492, "f2_0.2": 0.5937500000000001, "greedy_threshold": 0.21, "greedy_f2": 0.6209150326797386}, "ensemble_val2_label1.xgb": {"eta": 0.05, "max_depth": 6, "min_child_weight": 5, "best_iteration": 16, "best_ntree_limit": 17, "smooth_f2": 0.33965207390260393, "f2_0.1": 0.29894693085769714, "f2_0.2": 0.29894693085769714, "greedy_threshold": 0.3, "greedy_f2": 0.7127279936558287}, "ensemble_val2_label2.xgb": {"eta": 0.05, "max_depth": 5, "min_child_weight": 2, "best_iteration": 43, "best_ntree_limit": 44, "smooth_f2": 0.8996022242455346, "f2_0.1": 0.9810967805454365, "f2_0.2": 0.982285680431305, "greedy_threshold": 0.27, "greedy_f2": 0.9827149750810853}, "ensemble_val2_label3.xgb": {"eta": 0.05, "max_depth": 3, "min_child_weight": 4, "best_iteration": 44, "best_ntree_limit": 45, "smooth_f2": 0.07112144363449566, "f2_0.1": 0.3548387096774193, "f2_0.2": 0.36885245901639346, "greedy_threshold": 0.15, "greedy_f2": 0.42968749999999994}, "ensemble_val2_label4.xgb": {"eta": 0.05, "max_depth": 5, "min_child_weight": 2, "best_iteration": 22, "best_ntree_limit": 23, "smooth_f2": 0.5682583177226916, "f2_0.1": 0.7215720994687813, "f2_0.2": 0.8156581409856519, "greedy_threshold": 0.24, "greedy_f2": 0.8363806844819505}, "ensemble_val2_label5.xgb": {"eta": 0.05, "max_depth": 5, "min_child_weight": 5, "best_iteration": 39, "best_ntree_limit": 40, "smooth_f2": 0.48172431275778016, "f2_0.1": 0.6927807059575148, "f2_0.2": 0.7590743230266948, "greedy_threshold": 0.24, "greedy_f2": 0.7704559028469042}, "ensemble_val2_label6.xgb": {"eta": 0.05, "max_depth": 8, "min_child_weight": 4, "best_iteration": 29, "best_ntree_limit": 30, "smooth_f2": 0.029811418477509084, "f2_0.1": 0.016621743036837378, "f2_0.2": 0.36458333333333337, "greedy_threshold": 0.18, "greedy_f2": 0.42288557213930345}, "ensemble_val2_label7.xgb": {"eta": 0.05, "max_depth": 4, "min_child_weight": 3, "best_iteration": 24, "best_ntree_limit": 25, "smooth_f2": 0.15587669678790655, "f2_0.1": 0.11418169783220256, "f2_0.2": 0.5564430244941426, "greedy_threshold": 0.21, "greedy_f2": 0.5726256983240223}, "ensemble_val2_label8.xgb": {"eta": 0.05, "max_depth": 6, "min_child_weight": 3, "best_iteration": 6, "best_ntree_limit": 7, "smooth_f2": 0.665571956798025, "f2_0.1": 0.9781575507940907, "f2_0.2": 0.9781575507940907, "greedy_threshold": 0.45, "greedy_f2": 0.9817724952137843}, "ensemble_val2_label9.xgb": {"eta": 0.05, "max_depth": 2, "min_child_weight": 1, "best_iteration": 24, "best_ntree_limit": 25, "smooth_f2": 0.34125275424833024, "f2_0.1": 0.41631240131179403, "f2_0.2": 0.6356916578669483, "greedy_threshold": 0.24, "greedy_f2": 0.6560455536709473}, "ensemble_val2_label10.xgb": {"eta": 0.05, "max_depth": 2, "min_child_weight": 1, "best_iteration": 12, "best_ntree_limit": 13, "smooth_f2": 0.3337015518267676, "f2_0.1": 0.27350974534073125, "f2_0.2": 0.27350974534073125, "greedy_threshold": 0.35, "greedy_f2": 0.8146262439250173}, "ensemble_val2_label11.xgb": {"eta": 0.05, "max_depth": 4, "min_child_weight": 4, "best_iteration": 22, "best_ntree_limit": 23, "smooth_f2": 0.14667768259431657, "f2_0.1": 0.10508757297748124, "f2_0.2": 0.5320813771517997, "greedy_threshold": 0.24, "greedy_f2": 0.5670731707317074}, "ensemble_val2_label12.xgb": {"eta": 0.05, "max_depth": 2, "min_child_weight": 1, "best_iteration": 22, "best_ntree_limit": 23, "smooth_f2": 0.07327672993906617, "f2_0.1": 0.03496194016640113, "f2_0.2": 0.6506849315068494, "greedy_threshold": 0.21, "greedy_f2": 0.6597222222222222}, "ensemble_val3_label0.xgb": {"eta": 0.05, "max_depth": 4, "min_child_weight": 3, "best_iteration": 40, "best_ntree_limit": 41, "smooth_f2": 0.03216168287018109, "f2_0.1": 0.24456521739130432, "f2_0.2": 0.40909090909090906, "greedy_threshold": 0.29, "greedy_f2": 0.44999999999999996}, "ensemble_val3_label1.xgb": {"eta": 0.05, "max_depth": 10, "min_child_weight": 2, "best_iteration": 37, "best_ntree_limit": 38, "smooth_f2": 0.3988130905162164, "f2_0.1": 0.5959128878281623, "f2_0.2": 0.7090982449061932, "greedy_threshold": 0.21, "greedy_f2": 0.712239050347933}, "ensemble_val3_label2.xgb": {"eta": 0.05, "max_depth": 7, "min_child_weight": 4, "best_iteration": 46, "best_ntree_limit": 47,