{"ensemble_val1_label0.xgb": {"eta": 0.05, "max_depth": 6, "min_child_weight": 4, "best_iteration": 55, "best_ntree_limit": 56, "smooth_f2": 0.04450352336874252, "f2_0.1": 0.6422018348623852, "f2_0.2": 0.4545454545454545, "greedy_threshold": 0.12, "greedy_f2": 0.6862745098039215}, "ensemble_val1_label1.xgb": {"eta": 0.05, "max_depth": 4, "min_child_weight": 3, "best_iteration": 21, "best_ntree_limit": 22, "smooth_f2": 0.35925628112598634, "f2_0.1": 0.30732779342078154, "f2_0.2": 0.6577266922094509, "greedy_threshold": 0.27, "greedy_f2": 0.7250098775187673}, "ensemble_val1_label2.xgb": {"eta": 0.05, "max_depth": 5, "min_child_weight": 5, "best_iteration": 11, "best_ntree_limit": 12, "smooth_f2": 0.7385038902783595, "f2_0.1": 0.9798035471742681, "f2_0.2": 0.9798035471742681, "greedy_threshold": 0.35, "greedy_f2": 0.9823068264844691}, "ensemble_val1_label3.xgb": {"eta": 0.05, "max_depth": 3, "min_child_weight": 3, "best_iteration": 41, "best_ntree_limit": 42, "smooth_f2": 0.06940366820599526, "f2_0.1": 0.37542662116040953, "f2_0.2": 0.339622641509434, "greedy_threshold": 0.09, "greedy_f2": 0.42622950819672134}, "ensemble_val1_label4.xgb": {"eta": 0.05, "max_depth": 4, "min_child_weight": 1, "best_iteration": 6, "best_ntree_limit": 7, "smooth_f2": 0.505881780269089, "f2_0.1": 0.7242713240644988, "f2_0.2": 0.7242713240644988, "greedy_threshold": 0.4, "greedy_f2": 0.8331366532924239}, "ensemble_val1_label5.xgb": {"eta": 0.05, "max_depth": 4, "min_child_weight": 5, "best_iteration": 45, "best_ntree_limit": 46, "smooth_f2": 0.5050701625742662, "f2_0.1": 0.7415929203539824, "f2_0.2": 0.7701149425287355, "greedy_threshold": 0.18, "greedy_f2": 0.7752433389047292}, "ensemble_val1_label6.xgb": {"eta": 0.05, "max_depth": 5, "min_child_weight": 4, "best_iteration": 16, "best_ntree_limit": 17, "smooth_f2": 0.02332236453333515, "f2_0.1": 0.015291895295493388, "f2_0.2": 0.015291895295493388, "greedy_threshold": 0.27, "greedy_f2": 0.5147058823529411}, "ensemble_val1_label7.xgb": {"eta": 0.05, "max_depth": 2, "min_child_weight": 1, "best_iteration": 27, "best_ntree_limit": 28, "smooth_f2": 0.1533808981484867, "f2_0.1": 0.10738366769333223, "f2_0.2": 0.5049620548744892, "greedy_threshold": 0.24, "greedy_f2": 0.5226364846870838}, "ensemble_val1_label8.xgb": {"eta": 0.05, "max_depth": 6, "min_child_weight": 1, "best_iteration": 18, "best_ntree_limit": 19, "smooth_f2": 0.7994045299669208, "f2_0.1": 0.9777456016819724, "f2_0.2": 0.9777456016819724, "greedy_threshold": 0.27, "greedy_f2": 0.9807320620877917}, "ensemble_val1_label9.xgb": {"eta": 0.05, "max_depth": 5, "min_child_weight": 5, "best_iteration": 30, "best_ntree_limit": 31, "smooth_f2": 0.3590660687336547, "f2_0.1": 0.4219701996742475, "f2_0.2": 0.6514183204395111, "greedy_threshold": 0.21, "greedy_f2": 0.657182352263564}, "ensemble_val1_label10.xgb": {"eta": 0.05, "max_depth": 2, "min_child_weight": 1, "best_iteration": 24, "best_ntree_limit": 25, "smooth_f2": 0.40163304550241236, "f2_0.1": 0.2645559623806447, "f2_0.2": 0.7877184912603494, "greedy_threshold": 0.27, "greedy_f2": 0.8017387104564115}, "ensemble_val1_label11.xgb": {"eta": 0.05, "max_depth": 3, "min_child_weight": 1, "best_iteration": 18, "best_ntree_limit": 19, "smooth_f2": 0.14131976994450207, "f2_0.1": 0.10738366769333223, "f2_0.2": 0.46507284273440413, "greedy_threshold": 0.27, "greedy_f2": 0.5966081162931556}, "ensemble_val1_label12.xgb": {"eta": 0.05, "max_depth": 2, "min_child_weight": 1, "best_iteration": 57, "best_ntree_limit": 58, "smooth_f2": 0.13262858550361464, "f2_0.1": 0.5102040816326531, "f2_0.2": 0.4166666666666667, "greedy_threshold": 0.06, "greedy_f2": 0.556872037914692}, "ensemble_val2_label0.xgb": {"eta": 0.05, "max_depth": 6, "min_child_weight": 1, "best_iteration": 18, "best_ntree_limit": 19, "smooth_f2": 0.01695963654197192, "f2_0.1": 0.012173128944995492, "f2_0.2": 0.4761904761904762, "greedy_threshold": 0.21, "greedy_f2": 0.5182926829268293}, "ensemble_val2_label1.xgb": {"eta": 0.05, "max_depth": 2, "min_child_weight": 1, "best_iteration": 40, "best_ntree_limit": 41, "smooth_f2": 0.4234497101308782, "f2_0.1": 0.62578125, "f2_0.2": 0.7048371174728528, "greedy_threshold": 0.21, "greedy_f2": 0.709014758675708}, "ensemble_val2_label2.xgb": {"eta": 0.05, "max_depth": 6, "min_child_weight": 3, "best_iteration": 60, "best_ntree_limit": 61, "smooth_f2": 0.927394489023367, "f2_0.1": 0.9819526627218934, "f2_0.2": 0.9822046465645081, "greedy_threshold": 0.18, "greedy_f2": 0.9826069769740093}, "ensemble_val2_label3.xgb": {"eta": 0.05, "max_depth": 7, "min_child_weight": 1, "best_iteration": 30, "best_ntree_limit": 31, "smooth_f2": 0.05790635960595018, "f2_0.1": 0.0219180533190195, "f2_0.2": 0.4259259259259259, "greedy_threshold": 0.21, "greedy_f2": 0.4323308270676692}, "ensemble_val2_label4.xgb": {"eta": 0.05, "max_depth": 6, "min_child_weight": 4, "best_iteration": 34, "best_ntree_limit": 35, "smooth_f2": 0.5970643039125267, "f2_0.1": 0.7579700715679897, "f2_0.2": 0.8349441327613031, "greedy_threshold": 0.21, "greedy_f2": 0.8362947168917318}, "ensemble_val2_label5.xgb": {"eta": 0.05, "max_depth": 6, "min_child_weight": 2, "best_iteration": 35, "best_ntree_limit": 36, "smooth_f2": 0.4873862474428563, "f2_0.1": 0.7004694075752671, "f2_0.2": 0.7612691042754886, "greedy_threshold": 0.24, "greedy_f2": 0.767219708396179}, "ensemble_val2_label6.xgb": {"eta": 0.05, "max_depth": 7, "min_child_weight": 5, "best_iteration": 59, "best_ntree_limit": 60, "smooth_f2": 0.07180164953716148, "f2_0.1": 0.3619909502262444, "f2_0.2": 0.2777777777777778, "greedy_threshold": 0.09, "greedy_f2": 0.44052863436123346}, "ensemble_val2_label7.xgb": {"eta": 0.05, "max_depth": 3, "min_child_weight": 4, "best_iteration": 23, "best_ntree_limit": 24, "smooth_f2": 0.15042170872163813, "f2_0.1": 0.11418169783220256, "f2_0.2": 0.5502392344497609, "greedy_threshold": 0.21, "greedy_f2": 0.5661971830985916}, "ensemble_val2_label8.xgb": {"eta": 0.05, "max_depth": 2, "min_child_weight": 1, "best_iteration": 29, "best_ntree_limit": 30, "smooth_f2": 0.858126152643443, "f2_0.1": 0.9781575507940907, "f2_0.2": 0.9781575507940907, "greedy_threshold": 0.3, "greedy_f2": 0.981436851435059}, "ensemble_val2_label9.xgb": {"eta": 0.05, "max_depth": 3, "min_child_weight": 1, "best_iteration": 25, "best_ntree_limit": 26, "smooth_f2": 0.3616202326751994, "f2_0.1": 0.41631240131179403, "f2_0.2": 0.6399870382372002, "greedy_threshold": 0.24, "greedy_f2": 0.6535395022952405}, "ensemble_val2_label10.xgb": {"eta": 0.05, "max_depth": 5, "min_child_weight": 5, "best_iteration": 19, "best_ntree_limit": 20, "smooth_f2": 0.3923062248640316, "f2_0.1": 0.27350974534073125, "f2_0.2": 0.7550644567219152, "greedy_threshold": 0.3, "greedy_f2": 0.809084457061746}, "ensemble_val2_label11.xgb": {"eta": 0.05, "max_depth": 5, "min_child_weight": 5, "best_iteration": 13, "best_ntree_limit": 14, "smooth_f2": 0.12771674953265313, "f2_0.1": 0.10508757297748124, "f2_0.2": 0.10508757297748124, "greedy_threshold": 0.3, "greedy_f2": 0.5648414985590778}, "ensemble_val2_label12.xgb": {"eta": 0.05, "max_depth": 3, "min_child_weight": 1, "best_iteration": 4, "best_ntree_limit": 5, "smooth_f2": 0.041065007162649644, "f2_0.1": 0.03496194016640113, "f2_0.2": 0.03496194016640113, "greedy_threshold": 0.4, "greedy_f2": 0.6704545454545454}, "ensemble_val3_label0.xgb": {"eta": 0.05, "max_depth": 2, "min_child_weight": 2, "best_iteration": 19, "best_ntree_limit": 20, "smooth_f2": 0.013164787162129217, "f2_0.1": 0.008591842271863976, "f2_0.2": 0.2941176470588235, "greedy_threshold": 0.35, "greedy_f2": 0.47872340425531906}, "ensemble_val3_label1.xgb": {"eta": 0.05, "max_depth": 6, "min_child_weight": 2, "best_iteration": 29, "best_ntree_limit": 30, "smooth_f2": 0.36683470687265374, "f2_0.1": 0.2955288227522425, "f2_0.2": 0.6889272692381501, "greedy_threshold": 0.24, "greedy_f2": 0.7051020408163264}, "ensemble_val3_label2.xgb": {"eta": 0.05, "max_depth": 5, "min_child_weight": 1, "best_iteration": 30, "best_ntree_limit": 31,