{"ensemble_val1_label0.xgb": {"eta": 0.2, "max_depth": 2, "min_child_weight": 5, "best_iteration": 8, "best_ntree_limit": 9, "smooth_f2": 0.026939676373732752, "f2_0.1": 0.48022598870056504, "f2_0.2": 0.49504950495049505, "greedy_threshold": 0.19, "greedy_f2": 0.6074766355140185}, "ensemble_val1_label1.xgb": {"eta": 0.2, "max_depth": 5, "min_child_weight": 3, "best_iteration": 13, "best_ntree_limit": 14, "smooth_f2": 0.45200243025922754, "f2_0.1": 0.6975920679886686, "f2_0.2": 0.71685303514377, "greedy_threshold": 0.18, "greedy_f2": 0.7228442349243762}, "ensemble_val1_label2.xgb": {"eta": 0.2, "max_depth": 7, "min_child_weight": 1, "best_iteration": 15, "best_ntree_limit": 16, "smooth_f2": 0.9324904211397284, "f2_0.1": 0.9817603979549537, "f2_0.2": 0.9822522629352939, "greedy_threshold": 0.24, "greedy_f2": 0.9824394874228762}, "ensemble_val1_label3.xgb": {"eta": 0.2, "max_depth": 5, "min_child_weight": 1, "best_iteration": 10, "best_ntree_limit": 11, "smooth_f2": 0.06468935791317378, "f2_0.1": 0.40849673202614384, "f2_0.2": 0.3195488721804511, "greedy_threshold": 0.09, "greedy_f2": 0.4420731707317074}, "ensemble_val1_label4.xgb": {"eta": 0.2, "max_depth": 2, "min_child_weight": 1, "best_iteration": 2, "best_ntree_limit": 3, "smooth_f2": 0.5295704648806319, "f2_0.1": 0.7242713240644988, "f2_0.2": 0.7242713240644988, "greedy_threshold": 0.33, "greedy_f2": 0.8319152958971451}, "ensemble_val1_label5.xgb": {"eta": 0.2, "max_depth": 4, "min_child_weight": 5, "best_iteration": 7, "best_ntree_limit": 8, "smooth_f2": 0.4776080347181328, "f2_0.1": 0.6179536268878961, "f2_0.2": 0.7750952986022872, "greedy_threshold": 0.2, "greedy_f2": 0.7750952986022872}, "ensemble_val1_label6.xgb": {"eta": 0.2, "max_depth": 7, "min_child_weight": 1, "best_iteration": 45, "best_ntree_limit": 46, "smooth_f2": 0.2572073286125539, "f2_0.1": 0.41899441340782123, "f2_0.2": 0.3254437869822485, "greedy_threshold": 0.06, "greedy_f2": 0.5208333333333334}, "ensemble_val1_label7.xgb": {"eta": 0.2, "max_depth": 5, "min_child_weight": 2, "best_iteration": 19, "best_ntree_limit": 20, "smooth_f2": 0.25534369798350204, "f2_0.1": 0.495049504950495, "f2_0.2": 0.4927636113025499, "greedy_threshold": 0.16, "greedy_f2": 0.530690537084399}, "ensemble_val1_label8.xgb": {"eta": 0.2, "max_depth": 7, "min_child_weight": 5, "best_iteration": 32, "best_ntree_limit": 33, "smooth_f2": 0.936572903021587, "f2_0.1": 0.9804565446693335, "f2_0.2": 0.980648379052369, "greedy_threshold": 0.15, "greedy_f2": 0.9811910976508798}, "ensemble_val1_label9.xgb": {"eta": 0.2, "max_depth": 5, "min_child_weight": 5, "best_iteration": 12, "best_ntree_limit": 13, "smooth_f2": 0.37317732589248764, "f2_0.1": 0.6304016268429079, "f2_0.2": 0.6348600508905852, "greedy_threshold": 0.15, "greedy_f2": 0.6578641228478361}, "ensemble_val1_label10.xgb": {"eta": 0.2, "max_depth": 4, "min_child_weight": 4, "best_iteration": 12, "best_ntree_limit": 13, "smooth_f2": 0.5414953220090932, "f2_0.1": 0.7851902796882164, "f2_0.2": 0.7972609439960869, "greedy_threshold": 0.18, "greedy_f2": 0.8026188166828321}, "ensemble_val1_label11.xgb": {"eta": 0.2, "max_depth": 3, "min_child_weight": 3, "best_iteration": 24, "best_ntree_limit": 25, "smooth_f2": 0.270457307515194, "f2_0.1": 0.587905935050392, "f2_0.2": 0.546657381615599, "greedy_threshold": 0.12, "greedy_f2": 0.6}, "ensemble_val1_label12.xgb": {"eta": 0.2, "max_depth": 6, "min_child_weight": 2, "best_iteration": 23, "best_ntree_limit": 24, "smooth_f2": 0.24260476959710367, "f2_0.1": 0.47687861271676296, "f2_0.2": 0.42071197411003225, "greedy_threshold": 0.06, "greedy_f2": 0.5333333333333333}, "ensemble_val2_label0.xgb": {"eta": 0.2, "max_depth": 7, "min_child_weight": 3, "best_iteration": 17, "best_ntree_limit": 18, "smooth_f2": 0.09278489264873999, "f2_0.1": 0.544871794871795, "f2_0.2": 0.41984732824427473, "greedy_threshold": 0.12, "greedy_f2": 0.5704697986577183}, "ensemble_val2_label1.xgb": {"eta": 0.2, "max_depth": 4, "min_child_weight": 1, "best_iteration": 20, "best_ntree_limit": 21, "smooth_f2": 0.4788775276498154, "f2_0.1": 0.6942392909896603, "f2_0.2": 0.7013859722805544, "greedy_threshold": 0.15, "greedy_f2": 0.7117153138744502}, "ensemble_val2_label2.xgb": {"eta": 0.2, "max_depth": 3, "min_child_weight": 5, "best_iteration": 51, "best_ntree_limit": 52, "smooth_f2": 0.9452904399771672, "f2_0.1": 0.9823824179292929, "f2_0.2": 0.9825789484091674, "greedy_threshold": 0.18, "greedy_f2": 0.9830005930025697}, "ensemble_val2_label3.xgb": {"eta": 0.2, "max_depth": 6, "min_child_weight": 2, "best_iteration": 3, "best_ntree_limit": 4, "smooth_f2": 0.03393951166144522, "f2_0.1": 0.0219180533190195, "f2_0.2": 0.0219180533190195, "greedy_threshold": 0.26, "greedy_f2": 0.43887147335423204}, "ensemble_val2_label4.xgb": {"eta": 0.2, "max_depth": 5, "min_child_weight": 4, "best_iteration": 8, "best_ntree_limit": 9, "smooth_f2": 0.593793379109673, "f2_0.1": 0.7883993876509611, "f2_0.2": 0.8355916892502259, "greedy_threshold": 0.2, "greedy_f2": 0.8355916892502259}, "ensemble_val2_label5.xgb": {"eta": 0.2, "max_depth": 8, "min_child_weight": 2, "best_iteration": 26, "best_ntree_limit": 27, "smooth_f2": 0.5322459004325458, "f2_0.1": 0.7576319940614271, "f2_0.2": 0.754083575508568, "greedy_threshold": 0.15, "greedy_f2": 0.7655386405507612}, "ensemble_val2_label6.xgb": {"eta": 0.2, "max_depth": 3, "min_child_weight": 2, "best_iteration": 13, "best_ntree_limit": 14, "smooth_f2": 0.06248096573722046, "f2_0.1": 0.40404040404040403, "f2_0.2": 0.23391812865497078, "greedy_threshold": 0.09, "greedy_f2": 0.4455445544554455}, "ensemble_val2_label7.xgb": {"eta": 0.2, "max_depth": 2, "min_child_weight": 1, "best_iteration": 17, "best_ntree_limit": 18, "smooth_f2": 0.23087535285056582, "f2_0.1": 0.5574912891986062, "f2_0.2": 0.47865013774104687, "greedy_threshold": 0.09, "greedy_f2": 0.5717488789237669}, "ensemble_val2_label8.xgb": {"eta": 0.2, "max_depth": 4, "min_child_weight": 4, "best_iteration": 30, "best_ntree_limit": 31, "smooth_f2": 0.9423399859656935, "f2_0.1": 0.9803629280702801, "f2_0.2": 0.9817478978201092, "greedy_threshold": 0.21, "greedy_f2": 0.9818439094387756}, "ensemble_val2_label9.xgb": {"eta": 0.2, "max_depth": 4, "min_child_weight": 5, "best_iteration": 16, "best_ntree_limit": 17, "smooth_f2": 0.4009254656376619, "f2_0.1": 0.6342539115824843, "f2_0.2": 0.6479814862432502, "greedy_threshold": 0.18, "greedy_f2": 0.6568113772455089}, "ensemble_val2_label10.xgb": {"eta": 0.2, "max_depth": 5, "min_child_weight": 2, "best_iteration": 6, "best_ntree_limit": 7, "smooth_f2": 0.44740460261948295, "f2_0.1": 0.27350974534073125, "f2_0.2": 0.8046892783974504, "greedy_threshold": 0.25, "greedy_f2": 0.8133521391631406}, "ensemble_val2_label11.xgb": {"eta": 0.2, "max_depth": 3, "min_child_weight": 5, "best_iteration": 8, "best_ntree_limit": 9, "smooth_f2": 0.1884052673133705, "f2_0.1": 0.4783505154639176, "f2_0.2": 0.5472636815920398, "greedy_threshold": 0.17, "greedy_f2": 0.5671296296296295}, "ensemble_val2_label12.xgb": {"eta": 0.2, "max_depth": 5, "min_child_weight": 4, "best_iteration": 42, "best_ntree_limit": 43, "smooth_f2": 0.4036665271438988, "f2_0.1": 0.6682027649769586, "f2_0.2": 0.625, "greedy_threshold": 0.1, "greedy_f2": 0.6682027649769586}, "ensemble_val3_label0.xgb": {"eta": 0.2, "max_depth": 2, "min_child_weight": 1, "best_iteration": 13, "best_ntree_limit": 14, "smooth_f2": 0.04265506551568161, "f2_0.1": 0.2631578947368421, "f2_0.2": 0.41666666666666663, "greedy_threshold": 0.27, "greedy_f2": 0.44999999999999996}, "ensemble_val3_label1.xgb": {"eta": 0.2, "max_depth": 4, "min_child_weight": 4, "best_iteration": 7, "best_ntree_limit": 8, "smooth_f2": 0.37690495903526355, "f2_0.1": 0.4306441654661453, "f2_0.2": 0.7012934518997577, "greedy_threshold": 0.21, "greedy_f2": 0.7067101774423824}, "ensemble_val3_label2.xgb": {"eta": 0.2, "max_depth": 6, "min_child_weight": 1, "best_iteration": 12, "best_ntree_limit": 13, "smooth_f2": 0.9145562309700442, "f2_0.1": 0.9809411533549464,