{"ensemble_val1_label0.xgb": {"eta": 0.15, "max_depth": 7, "min_child_weight": 3, "best_iteration": 8, "best_ntree_limit": 9, "smooth_f2": 0.02026089525922384, "f2_0.1": 0.008591842271863976, "f2_0.2": 0.6000000000000001, "greedy_threshold": 0.21, "greedy_f2": 0.6198347107438016}, "ensemble_val1_label1.xgb": {"eta": 0.15, "max_depth": 5, "min_child_weight": 3, "best_iteration": 9, "best_ntree_limit": 10, "smooth_f2": 0.4023784293777906, "f2_0.1": 0.30732779342078154, "f2_0.2": 0.7066641707225758, "greedy_threshold": 0.24, "greedy_f2": 0.7232704402515725}, "ensemble_val1_label2.xgb": {"eta": 0.15, "max_depth": 4, "min_child_weight": 4, "best_iteration": 33, "best_ntree_limit": 34, "smooth_f2": 0.9401223269359258, "f2_0.1": 0.9820177256666862, "f2_0.2": 0.9819098457888494, "greedy_threshold": 0.24, "greedy_f2": 0.9823936696340259}, "ensemble_val1_label3.xgb": {"eta": 0.15, "max_depth": 3, "min_child_weight": 4, "best_iteration": 9, "best_ntree_limit": 10, "smooth_f2": 0.04655299855025848, "f2_0.1": 0.024988844265952694, "f2_0.2": 0.3358208955223881, "greedy_threshold": 0.13, "greedy_f2": 0.41401273885350315}, "ensemble_val1_label4.xgb": {"eta": 0.15, "max_depth": 4, "min_child_weight": 1, "best_iteration": 6, "best_ntree_limit": 7, "smooth_f2": 0.5734022899416198, "f2_0.1": 0.7242713240644988, "f2_0.2": 0.807384535096112, "greedy_threshold": 0.28, "greedy_f2": 0.8329006372433326}, "ensemble_val1_label5.xgb": {"eta": 0.15, "max_depth": 4, "min_child_weight": 3, "best_iteration": 10, "best_ntree_limit": 11, "smooth_f2": 0.4898120246502384, "f2_0.1": 0.6643545279383428, "f2_0.2": 0.7693430656934307, "greedy_threshold": 0.21, "greedy_f2": 0.7751823378671399}, "ensemble_val1_label6.xgb": {"eta": 0.15, "max_depth": 4, "min_child_weight": 4, "best_iteration": 21, "best_ntree_limit": 22, "smooth_f2": 0.09775080566704929, "f2_0.1": 0.4439252336448598, "f2_0.2": 0.35911602209944743, "greedy_threshold": 0.12, "greedy_f2": 0.4702970297029703}, "ensemble_val1_label7.xgb": {"eta": 0.15, "max_depth": 6, "min_child_weight": 1, "best_iteration": 29, "best_ntree_limit": 30, "smooth_f2": 0.2533961041241777, "f2_0.1": 0.5114320096269553, "f2_0.2": 0.48111190306486107, "greedy_threshold": 0.12, "greedy_f2": 0.5301587301587302}, "ensemble_val1_label8.xgb": {"eta": 0.15, "max_depth": 9, "min_child_weight": 1, "best_iteration": 9, "best_ntree_limit": 10, "smooth_f2": 0.8640940251173235, "f2_0.1": 0.9777456016819724, "f2_0.2": 0.9804331799071473, "greedy_threshold": 0.32, "greedy_f2": 0.9813252289358981}, "ensemble_val1_label9.xgb": {"eta": 0.15, "max_depth": 4, "min_child_weight": 2, "best_iteration": 13, "best_ntree_limit": 14, "smooth_f2": 0.37348653183020253, "f2_0.1": 0.600840720095038, "f2_0.2": 0.6510001227144435, "greedy_threshold": 0.18, "greedy_f2": 0.6536602616998705}, "ensemble_val1_label10.xgb": {"eta": 0.15, "max_depth": 7, "min_child_weight": 4, "best_iteration": 30, "best_ntree_limit": 31, "smooth_f2": 0.57743019662317, "f2_0.1": 0.7897196261682244, "f2_0.2": 0.7882994546355974, "greedy_threshold": 0.15, "greedy_f2": 0.8049311094996374}, "ensemble_val1_label11.xgb": {"eta": 0.15, "max_depth": 2, "min_child_weight": 1, "best_iteration": 21, "best_ntree_limit": 22, "smooth_f2": 0.23481223548829394, "f2_0.1": 0.5795072788353863, "f2_0.2": 0.5450236966824645, "greedy_threshold": 0.12, "greedy_f2": 0.5955839628123184}, "ensemble_val1_label12.xgb": {"eta": 0.15, "max_depth": 3, "min_child_weight": 3, "best_iteration": 33, "best_ntree_limit": 34, "smooth_f2": 0.22725711381042718, "f2_0.1": 0.4747774480712166, "f2_0.2": 0.42483660130718953, "greedy_threshold": 0.06, "greedy_f2": 0.5509641873278237}, "ensemble_val2_label0.xgb": {"eta": 0.15, "max_depth": 2, "min_child_weight": 1, "best_iteration": 22, "best_ntree_limit": 23, "smooth_f2": 0.06345348694071307, "f2_0.1": 0.5263157894736842, "f2_0.2": 0.2439024390243902, "greedy_threshold": 0.09, "greedy_f2": 0.576923076923077}, "ensemble_val2_label1.xgb": {"eta": 0.15, "max_depth": 5, "min_child_weight": 3, "best_iteration": 13, "best_ntree_limit": 14, "smooth_f2": 0.43046506494809356, "f2_0.1": 0.6364797955598148, "f2_0.2": 0.7034764826175869, "greedy_threshold": 0.18, "greedy_f2": 0.7104477611940299}, "ensemble_val2_label2.xgb": {"eta": 0.15, "max_depth": 8, "min_child_weight": 5, "best_iteration": 31, "best_ntree_limit": 32, "smooth_f2": 0.9449217545635489, "f2_0.1": 0.9817977439457285, "f2_0.2": 0.982472780445393, "greedy_threshold": 0.24, "greedy_f2": 0.9828561259194812}, "ensemble_val2_label3.xgb": {"eta": 0.15, "max_depth": 3, "min_child_weight": 5, "best_iteration": 15, "best_ntree_limit": 16, "smooth_f2": 0.08631822522947856, "f2_0.1": 0.4428044280442805, "f2_0.2": 0.3974895397489539, "greedy_threshold": 0.09, "greedy_f2": 0.44802867383512546}, "ensemble_val2_label4.xgb": {"eta": 0.15, "max_depth": 4, "min_child_weight": 2, "best_iteration": 15, "best_ntree_limit": 16, "smooth_f2": 0.6159078071144577, "f2_0.1": 0.8205728697531977, "f2_0.2": 0.8329749103942652, "greedy_threshold": 0.18, "greedy_f2": 0.8364153627311522}, "ensemble_val2_label5.xgb": {"eta": 0.15, "max_depth": 4, "min_child_weight": 5, "best_iteration": 14, "best_ntree_limit": 15, "smooth_f2": 0.5088720025736114, "f2_0.1": 0.7406595334151903, "f2_0.2": 0.7591700265512834, "greedy_threshold": 0.18, "greedy_f2": 0.7643589247727711}, "ensemble_val2_label6.xgb": {"eta": 0.15, "max_depth": 4, "min_child_weight": 2, "best_iteration": 15, "best_ntree_limit": 16, "smooth_f2": 0.04902834193935589, "f2_0.1": 0.35377358490566035, "f2_0.2": 0.3055555555555555, "greedy_threshold": 0.06, "greedy_f2": 0.38934426229508196}, "ensemble_val2_label7.xgb": {"eta": 0.15, "max_depth": 2, "min_child_weight": 1, "best_iteration": 12, "best_ntree_limit": 13, "smooth_f2": 0.1743405309298134, "f2_0.1": 0.49408783783783783, "f2_0.2": 0.5245901639344261, "greedy_threshold": 0.15, "greedy_f2": 0.5753504672897196}, "ensemble_val2_label8.xgb": {"eta": 0.15, "max_depth": 5, "min_child_weight": 3, "best_iteration": 53, "best_ntree_limit": 54, "smooth_f2": 0.9399548268966736, "f2_0.1": 0.9802227914457614, "f2_0.2": 0.9813800657174152, "greedy_threshold": 0.24, "greedy_f2": 0.9818243418299222}, "ensemble_val2_label9.xgb": {"eta": 0.15, "max_depth": 2, "min_child_weight": 1, "best_iteration": 14, "best_ntree_limit": 15, "smooth_f2": 0.37035660063362236, "f2_0.1": 0.6133593369088249, "f2_0.2": 0.6530534833733722, "greedy_threshold": 0.18, "greedy_f2": 0.6554878048780488}, "ensemble_val2_label10.xgb": {"eta": 0.15, "max_depth": 2, "min_child_weight": 1, "best_iteration": 8, "best_ntree_limit": 9, "smooth_f2": 0.4327533710369925, "f2_0.1": 0.27350974534073125, "f2_0.2": 0.7985091484074993, "greedy_threshold": 0.24, "greedy_f2": 0.8104969809568044}, "ensemble_val2_label11.xgb": {"eta": 0.15, "max_depth": 6, "min_child_weight": 3, "best_iteration": 2, "best_ntree_limit": 3, "smooth_f2": 0.11496916202411712, "f2_0.1": 0.10508757297748124, "f2_0.2": 0.10508757297748124, "greedy_threshold": 0.36, "greedy_f2": 0.5711610486891384}, "ensemble_val2_label12.xgb": {"eta": 0.15, "max_depth": 6, "min_child_weight": 3, "best_iteration": 5, "best_ntree_limit": 6, "smooth_f2": 0.06772706569549217, "f2_0.1": 0.03496194016640113, "f2_0.2": 0.5138662316476346, "greedy_threshold": 0.3, "greedy_f2": 0.6744186046511629}, "ensemble_val3_label0.xgb": {"eta": 0.15, "max_depth": 3, "min_child_weight": 1, "best_iteration": 26, "best_ntree_limit": 27, "smooth_f2": 0.09929877253464771, "f2_0.1": 0.3571428571428571, "f2_0.2": 0.41284403669724773, "greedy_threshold": 0.23, "greedy_f2": 0.43269230769230765}, "ensemble_val3_label1.xgb": {"eta": 0.15, "max_depth": 7, "min_child_weight": 2, "best_iteration": 21, "best_ntree_limit": 22, "smooth_f2": 0.4318024555568323, "f2_0.1": 0.67907995618839, "f2_0.2": 0.6910147333471675, "greedy_threshold": 0.15, "greedy_f2": 0.700119000396668}, "ensemble_val3_label2.xgb": {"eta": 0.15, "max_depth": 6, "min_child_weight": 4, "best_iteration": 15, "best_ntree_limit": 16,