{"ensemble_val1_label0.xgb": {"eta": 0.05, "max_depth": 3, "min_child_weight": 4, "best_iteration": 11, "best_ntree_limit": 12, "smooth_f2": 0.011432854753061215, "f2_0.1": 0.008591842271863976, "f2_0.2": 0.008591842271863976, "greedy_threshold": 0.35, "greedy_f2": 0.5963302752293579}, "ensemble_val1_label1.xgb": {"eta": 0.05, "max_depth": 5, "min_child_weight": 3, "best_iteration": 2, "best_ntree_limit": 3, "smooth_f2": 0.2606971002814631, "f2_0.1": 0.30732779342078154, "f2_0.2": 0.30732779342078154, "greedy_threshold": 0.45, "greedy_f2": 0.7099391480730223}, "ensemble_val1_label2.xgb": {"eta": 0.05, "max_depth": 10, "min_child_weight": 4, "best_iteration": 4, "best_ntree_limit": 5, "smooth_f2": 0.6431188090433293, "f2_0.1": 0.9798035471742681, "f2_0.2": 0.9798035471742681, "greedy_threshold": 0.45, "greedy_f2": 0.98220112726194}, "ensemble_val1_label3.xgb": {"eta": 0.05, "max_depth": 5, "min_child_weight": 1, "best_iteration": 22, "best_ntree_limit": 23, "smooth_f2": 0.03662595469775327, "f2_0.1": 0.024988844265952694, "f2_0.2": 0.3993055555555556, "greedy_threshold": 0.21, "greedy_f2": 0.4049295774647887}, "ensemble_val1_label4.xgb": {"eta": 0.05, "max_depth": 7, "min_child_weight": 1, "best_iteration": 56, "best_ntree_limit": 57, "smooth_f2": 0.6142276127783148, "f2_0.1": 0.8170971489856108, "f2_0.2": 0.8272855796418472, "greedy_threshold": 0.18, "greedy_f2": 0.8308716650255544}, "ensemble_val1_label5.xgb": {"eta": 0.05, "max_depth": 8, "min_child_weight": 3, "best_iteration": 19, "best_ntree_limit": 20, "smooth_f2": 0.4503340737391227, "f2_0.1": 0.486964255934182, "f2_0.2": 0.7064945878434638, "greedy_threshold": 0.3, "greedy_f2": 0.7691549156887881}, "ensemble_val1_label6.xgb": {"eta": 0.05, "max_depth": 3, "min_child_weight": 5, "best_iteration": 15, "best_ntree_limit": 16, "smooth_f2": 0.018140438965636572, "f2_0.1": 0.015291895295493388, "f2_0.2": 0.015291895295493388, "greedy_threshold": 0.24, "greedy_f2": 0.43010752688172044}, "ensemble_val1_label7.xgb": {"eta": 0.05, "max_depth": 10, "min_child_weight": 3, "best_iteration": 22, "best_ntree_limit": 23, "smooth_f2": 0.15621162091771654, "f2_0.1": 0.10738366769333223, "f2_0.2": 0.4881974248927039, "greedy_threshold": 0.24, "greedy_f2": 0.5261538461538461}, "ensemble_val1_label8.xgb": {"eta": 0.05, "max_depth": 8, "min_child_weight": 3, "best_iteration": 34, "best_ntree_limit": 35, "smooth_f2": 0.8817861099212031, "f2_0.1": 0.9777843895665972, "f2_0.2": 0.9798809973930868, "greedy_threshold": 0.3, "greedy_f2": 0.9809046830416825}, "ensemble_val1_label9.xgb": {"eta": 0.05, "max_depth": 7, "min_child_weight": 2, "best_iteration": 34, "best_ntree_limit": 35, "smooth_f2": 0.3430426128549636, "f2_0.1": 0.5430228810828232, "f2_0.2": 0.6404692082111436, "greedy_threshold": 0.18, "greedy_f2": 0.6449791031288828}, "ensemble_val1_label10.xgb": {"eta": 0.05, "max_depth": 8, "min_child_weight": 3, "best_iteration": 14, "best_ntree_limit": 15, "smooth_f2": 0.3495919253534178, "f2_0.1": 0.2645559623806447, "f2_0.2": 0.2645559623806447, "greedy_threshold": 0.3, "greedy_f2": 0.7930531940733543}, "ensemble_val1_label11.xgb": {"eta": 0.05, "max_depth": 3, "min_child_weight": 5, "best_iteration": 32, "best_ntree_limit": 33, "smooth_f2": 0.17238861825117352, "f2_0.1": 0.4185402974749222, "f2_0.2": 0.5717837165941578, "greedy_threshold": 0.15, "greedy_f2": 0.5847119224187107}, "ensemble_val1_label12.xgb": {"eta": 0.05, "max_depth": 2, "min_child_weight": 1, "best_iteration": 15, "best_ntree_limit": 16, "smooth_f2": 0.04174011180987623, "f2_0.1": 0.02934637616718542, "f2_0.2": 0.02934637616718542, "greedy_threshold": 0.31, "greedy_f2": 0.49222797927461154}, "ensemble_val2_label0.xgb": {"eta": 0.05, "max_depth": 3, "min_child_weight": 3, "best_iteration": 24, "best_ntree_limit": 25, "smooth_f2": 0.017940394886703487, "f2_0.1": 0.012173128944995492, "f2_0.2": 0.4838709677419355, "greedy_threshold": 0.18, "greedy_f2": 0.5232558139534884}, "ensemble_val2_label1.xgb": {"eta": 0.05, "max_depth": 6, "min_child_weight": 4, "best_iteration": 31, "best_ntree_limit": 32, "smooth_f2": 0.3957740107927331, "f2_0.1": 0.29894693085769714, "f2_0.2": 0.6764384559359068, "greedy_threshold": 0.27, "greedy_f2": 0.6996552423443521}, "ensemble_val2_label2.xgb": {"eta": 0.05, "max_depth": 3, "min_child_weight": 1, "best_iteration": 4, "best_ntree_limit": 5, "smooth_f2": 0.644916912928629, "f2_0.1": 0.9800180938520239, "f2_0.2": 0.9800180938520239, "greedy_threshold": 0.4, "greedy_f2": 0.982289340001186}, "ensemble_val2_label3.xgb": {"eta": 0.05, "max_depth": 3, "min_child_weight": 1, "best_iteration": 25, "best_ntree_limit": 26, "smooth_f2": 0.04434008723129676, "f2_0.1": 0.0219180533190195, "f2_0.2": 0.4207119741100324, "greedy_threshold": 0.27, "greedy_f2": 0.4664179104477612}, "ensemble_val2_label4.xgb": {"eta": 0.05, "max_depth": 3, "min_child_weight": 1, "best_iteration": 22, "best_ntree_limit": 23, "smooth_f2": 0.5702386968106464, "f2_0.1": 0.7215720994687813, "f2_0.2": 0.8223699185141349, "greedy_threshold": 0.24, "greedy_f2": 0.8307721405267389}, "ensemble_val2_label5.xgb": {"eta": 0.05, "max_depth": 5, "min_child_weight": 1, "best_iteration": 20, "best_ntree_limit": 21, "smooth_f2": 0.4534933443123939, "f2_0.1": 0.49216075963343275, "f2_0.2": 0.7051654091700522, "greedy_threshold": 0.3, "greedy_f2": 0.7621711817824892}, "ensemble_val2_label6.xgb": {"eta": 0.05, "max_depth": 4, "min_child_weight": 3, "best_iteration": 16, "best_ntree_limit": 17, "smooth_f2": 0.02014469687960674, "f2_0.1": 0.016621743036837378, "f2_0.2": 0.016621743036837378, "greedy_threshold": 0.24, "greedy_f2": 0.33333333333333337}, "ensemble_val2_label7.xgb": {"eta": 0.05, "max_depth": 6, "min_child_weight": 4, "best_iteration": 62, "best_ntree_limit": 63, "smooth_f2": 0.20421758674969723, "f2_0.1": 0.5346426623022368, "f2_0.2": 0.48102094240837706, "greedy_threshold": 0.12, "greedy_f2": 0.5465116279069767}, "ensemble_val2_label8.xgb": {"eta": 0.05, "max_depth": 3, "min_child_weight": 1, "best_iteration": 3, "best_ntree_limit": 4, "smooth_f2": 0.6239989717758121, "f2_0.1": 0.9781575507940907, "f2_0.2": 0.9781575507940907, "greedy_threshold": 0.45, "greedy_f2": 0.9812786297550288}, "ensemble_val2_label9.xgb": {"eta": 0.05, "max_depth": 7, "min_child_weight": 2, "best_iteration": 19, "best_ntree_limit": 20, "smooth_f2": 0.3340067987285995, "f2_0.1": 0.41631240131179403, "f2_0.2": 0.5775724186955747, "greedy_threshold": 0.27, "greedy_f2": 0.6449073513382585}, "ensemble_val2_label10.xgb": {"eta": 0.05, "max_depth": 3, "min_child_weight": 1, "best_iteration": 3, "best_ntree_limit": 4, "smooth_f2": 0.25757979012197724, "f2_0.1": 0.27350974534073125, "f2_0.2": 0.27350974534073125, "greedy_threshold": 0.45, "greedy_f2": 0.8120459339114131}, "ensemble_val2_label11.xgb": {"eta": 0.05, "max_depth": 7, "min_child_weight": 2, "best_iteration": 37, "best_ntree_limit": 38, "smooth_f2": 0.20222899578829343, "f2_0.1": 0.43839758125472406, "f2_0.2": 0.5453431372549019, "greedy_threshold": 0.18, "greedy_f2": 0.5532421177870316}, "ensemble_val2_label12.xgb": {"eta": 0.05, "max_depth": 5, "min_child_weight": 5, "best_iteration": 28, "best_ntree_limit": 29, "smooth_f2": 0.08746017644561267, "f2_0.1": 0.03496194016640113, "f2_0.2": 0.6204379562043796, "greedy_threshold": 0.21, "greedy_f2": 0.6265664160401002}, "ensemble_val3_label0.xgb": {"eta": 0.05, "max_depth": 5, "min_child_weight": 2, "best_iteration": 35, "best_ntree_limit": 36, "smooth_f2": 0.02305057705913601, "f2_0.1": 0.2571428571428572, "f2_0.2": 0.36585365853658536, "greedy_threshold": 0.3, "greedy_f2": 0.43269230769230765}, "ensemble_val3_label1.xgb": {"eta": 0.05, "max_depth": 4, "min_child_weight": 3, "best_iteration": 25, "best_ntree_limit": 26, "smooth_f2": 0.35741753280599087, "f2_0.1": 0.2955288227522425, "f2_0.2": 0.6540924035300226, "greedy_threshold": 0.27, "greedy_f2": 0.6994137861330099}, "ensemble_val3_label2.xgb": {"eta": 0.05, "max_depth": 8, "min_child_weight": 2, "best_iteration": 29,