{"ensemble_val1_label0.xgb": {"eta": 0.05, "max_depth": 3, "min_child_weight": 4, "best_iteration": 11, "best_ntree_limit": 12, "smooth_f2": 0.011432854753061215, "f2_0.1": 0.008591842271863976, "f2_0.2": 0.008591842271863976, "greedy_threshold": 0.35, "greedy_f2": 0.5963302752293579}, "ensemble_val1_label1.xgb": {"eta": 0.05, "max_depth": 5, "min_child_weight": 3, "best_iteration": 2, "best_ntree_limit": 3, "smooth_f2": 0.2606971002814631, "f2_0.1": 0.30732779342078154, "f2_0.2": 0.30732779342078154, "greedy_threshold": 0.45, "greedy_f2": 0.7099391480730223}, "ensemble_val1_label2.xgb": {"eta": 0.05, "max_depth": 10, "min_child_weight": 4, "best_iteration": 4, "best_ntree_limit": 5, "smooth_f2": 0.6431188090433293, "f2_0.1": 0.9798035471742681, "f2_0.2": 0.9798035471742681, "greedy_threshold": 0.45, "greedy_f2": 0.98220112726194}, "ensemble_val1_label3.xgb": {"eta": 0.05, "max_depth": 5, "min_child_weight": 1, "best_iteration": 22, "best_ntree_limit": 23, "smooth_f2": 0.03662595469775327, "f2_0.1": 0.024988844265952694, "f2_0.2": 0.3993055555555556, "greedy_threshold": 0.21, "greedy_f2": 0.4049295774647887}, "ensemble_val1_label4.xgb": {"eta": 0.05, "max_depth": 7, "min_child_weight": 1, "best_iteration": 56, "best_ntree_limit": 57, "smooth_f2": 0.6142276127783148, "f2_0.1": 0.8170971489856108, "f2_0.2": 0.8272855796418472, "greedy_threshold": 0.18, "greedy_f2": 0.8308716650255544}, "ensemble_val1_label5.xgb": {"eta": 0.05, "max_depth": 8, "min_child_weight": 3, "best_iteration": 19, "best_ntree_limit": 20, "smooth_f2": 0.4503340737391227, "f2_0.1": 0.486964255934182, "f2_0.2": 0.7064945878434638, "greedy_threshold": 0.3, "greedy_f2": 0.7691549156887881}, "ensemble_val1_label6.xgb": {"eta": 0.05, "max_depth": 3, "min_child_weight": 5, "best_iteration": 15, "best_ntree_limit": 16, "smooth_f2": 0.018140438965636572, "f2_0.1": 0.015291895295493388, "f2_0.2": 0.015291895295493388, "greedy_threshold": 0.24, "greedy_f2": 0.43010752688172044}}