{"ensemble_val1_label0.xgb": {"eta": 0.1, "max_depth": 4, "best_iteration": 15, "best_ntree_limit": 16, "smooth_f2": 0.022761661305556374, "f2_0.1": 0.4358974358974359, "f2_0.2": 0.5327868852459016, "greedy_threshold": 0.14, "greedy_f2": 0.5673758865248227}, "ensemble_val1_label1.xgb": {"eta": 0.15, "max_depth": 5, "best_iteration": 12, "best_ntree_limit": 13, "smooth_f2": 0.42771262093759155, "f2_0.1": 0.6336511842509998, "f2_0.2": 0.7206055839559575, "greedy_threshold": 0.18, "greedy_f2": 0.7234695835732106}, "ensemble_val1_label2.xgb": {"eta": 0.2, "max_depth": 6, "best_iteration": 22, "best_ntree_limit": 23, "smooth_f2": 0.9381507051925554, "f2_0.1": 0.9817306554078049, "f2_0.2": 0.9823968705547653, "greedy_threshold": 0.2, "greedy_f2": 0.9823968705547653}, "ensemble_val1_label3.xgb": {"eta": 0.2, "max_depth": 5, "best_iteration": 5, "best_ntree_limit": 6, "smooth_f2": 0.04292349963563625, "f2_0.1": 0.024988844265952694, "f2_0.2": 0.40350877192982454, "greedy_threshold": 0.17, "greedy_f2": 0.4098360655737705}, "ensemble_val1_label4.xgb": {"eta": 0.1, "max_depth": 3, "best_iteration": 45, "best_ntree_limit": 46, "smooth_f2": 0.6310507634561711, "f2_0.1": 0.8264368341639614, "f2_0.2": 0.8322211630123927, "greedy_threshold": 0.2, "greedy_f2": 0.8322211630123927}, "ensemble_val1_label5.xgb": {"eta": 0.2, "max_depth": 3, "best_iteration": 8, "best_ntree_limit": 9, "smooth_f2": 0.5018257079943933, "f2_0.1": 0.7046364242828552, "f2_0.2": 0.7765319169863283, "greedy_threshold": 0.21, "greedy_f2": 0.7779650932169774}, "ensemble_val1_label6.xgb": {"eta": 0.2, "max_depth": 9, "best_iteration": 7, "best_ntree_limit": 8, "smooth_f2": 0.034237905760198445, "f2_0.1": 0.34539473684210525, "f2_0.2": 0.4450261780104712, "greedy_threshold": 0.15, "greedy_f2": 0.4672897196261682}, "ensemble_val1_label7.xgb": {"eta": 0.1, "max_depth": 3, "best_iteration": 16, "best_ntree_limit": 17, "smooth_f2": 0.17351074436417024, "f2_0.1": 0.3514669926650366, "f2_0.2": 0.5149501661129567, "greedy_threshold": 0.2, "greedy_f2": 0.5149501661129567}, "ensemble_val1_label8.xgb": {"eta": 0.15, "max_depth": 9, "best_iteration": 29, "best_ntree_limit": 30, "smooth_f2": 0.9389911505825213, "f2_0.1": 0.9806693077979735, "f2_0.2": 0.9814212448364631, "greedy_threshold": 0.21, "greedy_f2": 0.9814763064393788}, "ensemble_val1_label9.xgb": {"eta": 0.2, "max_depth": 3, "best_iteration": 7, "best_ntree_limit": 8, "smooth_f2": 0.36479275767899955, "f2_0.1": 0.4219701996742475, "f2_0.2": 0.6501012990108449, "greedy_threshold": 0.19, "greedy_f2": 0.6530588508955572}, "ensemble_val1_label10.xgb": {"eta": 0.2, "max_depth": 3, "best_iteration": 9, "best_ntree_limit": 10, "smooth_f2": 0.5030466823893415, "f2_0.1": 0.758201173147947, "f2_0.2": 0.8032031060422227, "greedy_threshold": 0.19, "greedy_f2": 0.8047365877235378}, "ensemble_val1_label11.xgb": {"eta": 0.2, "max_depth": 3, "best_iteration": 6, "best_ntree_limit": 7, "smooth_f2": 0.16762367730628078, "f2_0.1": 0.10738366769333223, "f2_0.2": 0.590778097982709, "greedy_threshold": 0.18, "greedy_f2": 0.593732820230896}, "ensemble_val1_label12.xgb": {"eta": 0.2, "max_depth": 3, "best_iteration": 8, "best_ntree_limit": 9, "smooth_f2": 0.08832866049202344, "f2_0.1": 0.44731610337972166, "f2_0.2": 0.5131964809384163, "greedy_threshold": 0.14, "greedy_f2": 0.5189873417721519}, "ensemble_val2_label0.xgb": {"eta": 0.1, "max_depth": 6, "best_iteration": 13, "best_ntree_limit": 14, "smooth_f2": 0.024910584778340933, "f2_0.1": 0.012173128944995492, "f2_0.2": 0.5405405405405405, "greedy_threshold": 0.2, "greedy_f2": 0.5405405405405405}, "ensemble_val2_label1.xgb": {"eta": 0.2, "max_depth": 3, "best_iteration": 18, "best_ntree_limit": 19, "smooth_f2": 0.48885619214749704, "f2_0.1": 0.6943430656934306, "f2_0.2": 0.705313014827018, "greedy_threshold": 0.18, "greedy_f2": 0.7079467527228721}, "ensemble_val2_label2.xgb": {"eta": 0.2, "max_depth": 4, "best_iteration": 20, "best_ntree_limit": 21, "smooth_f2": 0.9392716967817673, "f2_0.1": 0.9822062652884083, "f2_0.2": 0.9828046249629411, "greedy_threshold": 0.23, "greedy_f2": 0.9828544307552356}, "ensemble_val2_label3.xgb": {"eta": 0.2, "max_depth": 4, "best_iteration": 7, "best_ntree_limit": 8, "smooth_f2": 0.06395092697622508, "f2_0.1": 0.36989795918367346, "f2_0.2": 0.4659498207885304, "greedy_threshold": 0.2, "greedy_f2": 0.4659498207885304}, "ensemble_val2_label4.xgb": {"eta": 0.1, "max_depth": 3, "best_iteration": 15, "best_ntree_limit": 16, "smooth_f2": 0.5937234400667369, "f2_0.1": 0.7215720994687813, "f2_0.2": 0.8342746869999059, "greedy_threshold": 0.19, "greedy_f2": 0.8352825598802396}, "ensemble_val2_label5.xgb": {"eta": 0.2, "max_depth": 5, "best_iteration": 10, "best_ntree_limit": 11, "smooth_f2": 0.5034658507612672, "f2_0.1": 0.738187247496926, "f2_0.2": 0.7658987989761764, "greedy_threshold": 0.2, "greedy_f2": 0.7658987989761764}, "ensemble_val2_label6.xgb": {"eta": 0.1, "max_depth": 3, "best_iteration": 11, "best_ntree_limit": 12, "smooth_f2": 0.029038617440731346, "f2_0.1": 0.016621743036837378, "f2_0.2": 0.41666666666666663, "greedy_threshold": 0.19, "greedy_f2": 0.427927927927928}, "ensemble_val2_label7.xgb": {"eta": 0.2, "max_depth": 4, "best_iteration": 5, "best_ntree_limit": 6, "smooth_f2": 0.1561048321773217, "f2_0.1": 0.11418169783220256, "f2_0.2": 0.5707762557077626, "greedy_threshold": 0.2, "greedy_f2": 0.5707762557077626}, "ensemble_val2_label8.xgb": {"eta": 0.2, "max_depth": 5, "best_iteration": 17, "best_ntree_limit": 18, "smooth_f2": 0.930530791934284, "f2_0.1": 0.9804116338207247, "f2_0.2": 0.9815113661267507, "greedy_threshold": 0.2, "greedy_f2": 0.9815113661267507}, "ensemble_val2_label9.xgb": {"eta": 0.1, "max_depth": 3, "best_iteration": 14, "best_ntree_limit": 15, "smooth_f2": 0.36092796362020246, "f2_0.1": 0.41631240131179403, "f2_0.2": 0.6528085951185333, "greedy_threshold": 0.2, "greedy_f2": 0.6528085951185333}, "ensemble_val2_label10.xgb": {"eta": 0.15, "max_depth": 4, "best_iteration": 13, "best_ntree_limit": 14, "smooth_f2": 0.514152519389117, "f2_0.1": 0.7713498622589532, "f2_0.2": 0.8062999529854256, "greedy_threshold": 0.2, "greedy_f2": 0.8062999529854256}, "ensemble_val2_label11.xgb": {"eta": 0.2, "max_depth": 5, "best_iteration": 7, "best_ntree_limit": 8, "smooth_f2": 0.17575649678975033, "f2_0.1": 0.3741915614413304, "f2_0.2": 0.5603448275862069, "greedy_threshold": 0.21, "greedy_f2": 0.5618686868686869}, "ensemble_val2_label12.xgb": {"eta": 0.15, "max_depth": 5, "best_iteration": 13, "best_ntree_limit": 14, "smooth_f2": 0.16825455237174997, "f2_0.1": 0.546594982078853, "f2_0.2": 0.6279620853080569, "greedy_threshold": 0.24, "greedy_f2": 0.6372549019607843}, "ensemble_val3_label0.xgb": {"eta": 0.2, "max_depth": 4, "best_iteration": 8, "best_ntree_limit": 9, "smooth_f2": 0.022825494894794764, "f2_0.1": 0.24886877828054302, "f2_0.2": 0.4, "greedy_threshold": 0.22, "greedy_f2": 0.4132231404958678}, "ensemble_val3_label1.xgb": {"eta": 0.15, "max_depth": 5, "best_iteration": 14, "best_ntree_limit": 15, "smooth_f2": 0.40540059142617946, "f2_0.1": 0.6642386403052376, "f2_0.2": 0.7057466442953019, "greedy_threshold": 0.19, "greedy_f2": 0.7087923508626065}, "ensemble_val3_label2.xgb": {"eta": 0.1, "max_depth": 4, "best_iteration": 33, "best_ntree_limit": 34, "smooth_f2": 0.9266580746046428, "f2_0.1": 0.9809815709851075, "f2_0.2": 0.9822078765573028, "greedy_threshold": 0.35, "greedy_f2": 0.9830341290195305}, "ensemble_val3_label3.xgb": {"eta": 0.2, "max_depth": 7, "best_iteration": 31, "best_ntree_limit": 32, "smooth_f2": 0.2834675241047924, "f2_0.1": 0.4054054054054054, "f2_0.2": 0.5306122448979592, "greedy_threshold": 0.38, "greedy_f2": 0.5656108597285068}, "ensemble_val3_label4.xgb": {"eta": 0.1, "max_depth": 3, "best_iteration": 21, "best_ntree_limit": 22, "smooth_f2": 0.5947918337943969, "f2_0.1": 0.8024269355665699, "f2_0.2": 0.8383876084725204, "greedy_threshold": 0.2, "greedy_f2": 0.8383876084725204}, "ensemble_val3_label5.xgb": {"eta": 0.1, "max_depth": 7,