{"ensemble_val1_label0.xgb": {"eta": 0.15, "max_depth": 5, "min_child_weight": 2, "best_iteration": 5, "best_ntree_limit": 6, "smooth_f2": 0.015488939725180914, "f2_0.1": 0.008591842271863976, "f2_0.2": 0.4437869822485207, "greedy_threshold": 0.25, "greedy_f2": 0.6194690265486725}, "ensemble_val1_label1.xgb": {"eta": 0.15, "max_depth": 3, "min_child_weight": 3, "best_iteration": 56, "best_ntree_limit": 57, "smooth_f2": 0.4825617866895975, "f2_0.1": 0.7056117755289789, "f2_0.2": 0.7057858022158392, "greedy_threshold": 0.15, "greedy_f2": 0.7236584410497453}, "ensemble_val1_label2.xgb": {"eta": 0.15, "max_depth": 9, "min_child_weight": 2, "best_iteration": 48, "best_ntree_limit": 49, "smooth_f2": 0.9461009849088526, "f2_0.1": 0.9820828888625497, "f2_0.2": 0.9822152762665928, "greedy_threshold": 0.15, "greedy_f2": 0.9825046950677078}, "ensemble_val1_label3.xgb": {"eta": 0.15, "max_depth": 2, "min_child_weight": 1, "best_iteration": 28, "best_ntree_limit": 29, "smooth_f2": 0.13585009040051937, "f2_0.1": 0.3370786516853933, "f2_0.2": 0.28957528957528955, "greedy_threshold": 0.03, "greedy_f2": 0.41916167664670656}, "ensemble_val1_label4.xgb": {"eta": 0.15, "max_depth": 5, "min_child_weight": 1, "best_iteration": 5, "best_ntree_limit": 6, "smooth_f2": 0.5638623959979951, "f2_0.1": 0.7242713240644988, "f2_0.2": 0.7242713240644988, "greedy_threshold": 0.3, "greedy_f2": 0.8323522486461031}, "ensemble_val1_label5.xgb": {"eta": 0.15, "max_depth": 6, "min_child_weight": 3, "best_iteration": 16, "best_ntree_limit": 17, "smooth_f2": 0.5050272722624777, "f2_0.1": 0.7502262443438915, "f2_0.2": 0.7716765923084686, "greedy_threshold": 0.18, "greedy_f2": 0.7761535401750198}, "ensemble_val1_label6.xgb": {"eta": 0.15, "max_depth": 2, "min_child_weight": 1, "best_iteration": 51, "best_ntree_limit": 52, "smooth_f2": 0.19221923853642472, "f2_0.1": 0.38461538461538464, "f2_0.2": 0.3757225433526011, "greedy_threshold": 0.07, "greedy_f2": 0.4929577464788732}, "ensemble_val1_label7.xgb": {"eta": 0.15, "max_depth": 3, "min_child_weight": 1, "best_iteration": 18, "best_ntree_limit": 19, "smooth_f2": 0.2189064814412258, "f2_0.1": 0.504201680672269, "f2_0.2": 0.5027739251040221, "greedy_threshold": 0.17, "greedy_f2": 0.5294506949040371}, "ensemble_val1_label8.xgb": {"eta": 0.15, "max_depth": 8, "min_child_weight": 4, "best_iteration": 14, "best_ntree_limit": 15, "smooth_f2": 0.9057872456596157, "f2_0.1": 0.9797391338927107, "f2_0.2": 0.9810410478260003, "greedy_threshold": 0.24, "greedy_f2": 0.9813251930328606}, "ensemble_val1_label9.xgb": {"eta": 0.15, "max_depth": 4, "min_child_weight": 1, "best_iteration": 24, "best_ntree_limit": 25, "smooth_f2": 0.37075281917736785, "f2_0.1": 0.637462876537972, "f2_0.2": 0.6281342419956282, "greedy_threshold": 0.15, "greedy_f2": 0.6550689862027593}, "ensemble_val1_label10.xgb": {"eta": 0.15, "max_depth": 6, "min_child_weight": 5, "best_iteration": 29, "best_ntree_limit": 30, "smooth_f2": 0.5717010011757967, "f2_0.1": 0.7905184493227465, "f2_0.2": 0.7953144266337854, "greedy_threshold": 0.18, "greedy_f2": 0.8042895442359249}, "ensemble_val1_label11.xgb": {"eta": 0.15, "max_depth": 3, "min_child_weight": 2, "best_iteration": 11, "best_ntree_limit": 12, "smooth_f2": 0.18525043318008194, "f2_0.1": 0.5257369115706115, "f2_0.2": 0.5963010204081632, "greedy_threshold": 0.18, "greedy_f2": 0.604960677555959}, "ensemble_val1_label12.xgb": {"eta": 0.15, "max_depth": 4, "min_child_weight": 2, "best_iteration": 8, "best_ntree_limit": 9, "smooth_f2": 0.06248409724030263, "f2_0.1": 0.02934637616718542, "f2_0.2": 0.5072463768115942, "greedy_threshold": 0.16, "greedy_f2": 0.5706521739130436}, "ensemble_val2_label0.xgb": {"eta": 0.15, "max_depth": 3, "min_child_weight": 3, "best_iteration": 19, "best_ntree_limit": 20, "smooth_f2": 0.06680912033225972, "f2_0.1": 0.5792682926829268, "f2_0.2": 0.37593984962406013, "greedy_threshold": 0.1, "greedy_f2": 0.5792682926829268}, "ensemble_val2_label1.xgb": {"eta": 0.15, "max_depth": 5, "min_child_weight": 1, "best_iteration": 18, "best_ntree_limit": 19, "smooth_f2": 0.4732795244076459, "f2_0.1": 0.676131322094055, "f2_0.2": 0.7014833127317676, "greedy_threshold": 0.19, "greedy_f2": 0.7100651996740016}, "ensemble_val2_label2.xgb": {"eta": 0.15, "max_depth": 10, "min_child_weight": 4, "best_iteration": 27, "best_ntree_limit": 28, "smooth_f2": 0.9391422044833816, "f2_0.1": 0.9821516713064424, "f2_0.2": 0.9822683105420434, "greedy_threshold": 0.15, "greedy_f2": 0.9829178117400503}, "ensemble_val2_label3.xgb": {"eta": 0.15, "max_depth": 10, "min_child_weight": 5, "best_iteration": 12, "best_ntree_limit": 13, "smooth_f2": 0.07639296152701615, "f2_0.1": 0.42105263157894735, "f2_0.2": 0.3629032258064517, "greedy_threshold": 0.11, "greedy_f2": 0.4332129963898917}, "ensemble_val2_label4.xgb": {"eta": 0.15, "max_depth": 2, "min_child_weight": 1, "best_iteration": 30, "best_ntree_limit": 31, "smooth_f2": 0.6274938489281693, "f2_0.1": 0.8307188336255422, "f2_0.2": 0.8322515505553151, "greedy_threshold": 0.14, "greedy_f2": 0.836157394333051}, "ensemble_val2_label5.xgb": {"eta": 0.15, "max_depth": 6, "min_child_weight": 4, "best_iteration": 36, "best_ntree_limit": 37, "smooth_f2": 0.5236051073867651, "f2_0.1": 0.7592696105831936, "f2_0.2": 0.7577293461733401, "greedy_threshold": 0.15, "greedy_f2": 0.76678721532597}, "ensemble_val2_label6.xgb": {"eta": 0.15, "max_depth": 5, "min_child_weight": 5, "best_iteration": 24, "best_ntree_limit": 25, "smooth_f2": 0.08798060567818312, "f2_0.1": 0.3535353535353535, "f2_0.2": 0.2616279069767442, "greedy_threshold": 0.06, "greedy_f2": 0.43933054393305443}, "ensemble_val2_label7.xgb": {"eta": 0.15, "max_depth": 2, "min_child_weight": 1, "best_iteration": 22, "best_ntree_limit": 23, "smooth_f2": 0.22014522894006894, "f2_0.1": 0.560693641618497, "f2_0.2": 0.4888739042481456, "greedy_threshold": 0.09, "greedy_f2": 0.5665163472378805}, "ensemble_val2_label8.xgb": {"eta": 0.15, "max_depth": 6, "min_child_weight": 4, "best_iteration": 19, "best_ntree_limit": 20, "smooth_f2": 0.9270204404237683, "f2_0.1": 0.9802636804066395, "f2_0.2": 0.9813177182919058, "greedy_threshold": 0.21, "greedy_f2": 0.9816109816109817}, "ensemble_val2_label9.xgb": {"eta": 0.15, "max_depth": 4, "min_child_weight": 2, "best_iteration": 17, "best_ntree_limit": 18, "smooth_f2": 0.4004650115744896, "f2_0.1": 0.6278072682727645, "f2_0.2": 0.6511274385609324, "greedy_threshold": 0.18, "greedy_f2": 0.6585756530310498}, "ensemble_val2_label10.xgb": {"eta": 0.15, "max_depth": 4, "min_child_weight": 4, "best_iteration": 5, "best_ntree_limit": 6, "smooth_f2": 0.3751359494301264, "f2_0.1": 0.27350974534073125, "f2_0.2": 0.6510461698080581, "greedy_threshold": 0.3, "greedy_f2": 0.8071377924840465}, "ensemble_val2_label11.xgb": {"eta": 0.15, "max_depth": 2, "min_child_weight": 1, "best_iteration": 8, "best_ntree_limit": 9, "smooth_f2": 0.15502782501908316, "f2_0.1": 0.10508757297748124, "f2_0.2": 0.5650198750709825, "greedy_threshold": 0.21, "greedy_f2": 0.5774896876841485}, "ensemble_val2_label12.xgb": {"eta": 0.15, "max_depth": 2, "min_child_weight": 1, "best_iteration": 20, "best_ntree_limit": 21, "smooth_f2": 0.24901330988431297, "f2_0.1": 0.6537530266343825, "f2_0.2": 0.5813953488372093, "greedy_threshold": 0.09, "greedy_f2": 0.6801909307875895}, "ensemble_val3_label0.xgb": {"eta": 0.15, "max_depth": 2, "min_child_weight": 2, "best_iteration": 25, "best_ntree_limit": 26, "smooth_f2": 0.09514258418610629, "f2_0.1": 0.3260869565217391, "f2_0.2": 0.4017857142857143, "greedy_threshold": 0.27, "greedy_f2": 0.44117647058823534}, "ensemble_val3_label1.xgb": {"eta": 0.15, "max_depth": 5, "min_child_weight": 2, "best_iteration": 13, "best_ntree_limit": 14, "smooth_f2": 0.3960099718952227, "f2_0.1": 0.6309251389342924, "f2_0.2": 0.7003851611595379, "greedy_threshold": 0.21, "greedy_f2": 0.7031250000000001}, "ensemble_val3_label2.xgb": {"eta": 0.15, "max_depth": 6, "min_child_weight": 3, "best_iteration": 16, "best_ntree_limit": 17,