{"ensemble_val1_label0.xgb": {"eta": 0.2, "max_depth": 2, "min_child_weight": 3, "best_iteration": 5, "best_ntree_limit": 6, "smooth_f2": 0.017151514425571772, "f2_0.1": 0.008591842271863976, "f2_0.2": 0.5645161290322581, "greedy_threshold": 0.24, "greedy_f2": 0.6363636363636362}, "ensemble_val1_label1.xgb": {"eta": 0.2, "max_depth": 4, "min_child_weight": 5, "best_iteration": 17, "best_ntree_limit": 18, "smooth_f2": 0.4770301301862482, "f2_0.1": 0.6988667026443606, "f2_0.2": 0.7217741935483871, "greedy_threshold": 0.18, "greedy_f2": 0.7260627731426301}, "ensemble_val1_label2.xgb": {"eta": 0.2, "max_depth": 4, "min_child_weight": 5, "best_iteration": 23, "best_ntree_limit": 24, "smooth_f2": 0.9395193758938313, "f2_0.1": 0.9815067006138117, "f2_0.2": 0.9822275818440613, "greedy_threshold": 0.26, "greedy_f2": 0.9824131041167976}, "ensemble_val1_label3.xgb": {"eta": 0.2, "max_depth": 9, "min_child_weight": 3, "best_iteration": 38, "best_ntree_limit": 39, "smooth_f2": 0.20052032242087914, "f2_0.1": 0.3703703703703704, "f2_0.2": 0.3515625, "greedy_threshold": 0.06, "greedy_f2": 0.429553264604811}, "ensemble_val1_label4.xgb": {"eta": 0.2, "max_depth": 8, "min_child_weight": 1, "best_iteration": 13, "best_ntree_limit": 14, "smooth_f2": 0.5961562530965647, "f2_0.1": 0.8187880415324024, "f2_0.2": 0.8307394831163931, "greedy_threshold": 0.19, "greedy_f2": 0.8323159278737792}, "ensemble_val1_label5.xgb": {"eta": 0.2, "max_depth": 4, "min_child_weight": 4, "best_iteration": 24, "best_ntree_limit": 25, "smooth_f2": 0.5266446633705871, "f2_0.1": 0.7644744238336143, "f2_0.2": 0.7677484787018256, "greedy_threshold": 0.15, "greedy_f2": 0.7775600195982362}, "ensemble_val1_label6.xgb": {"eta": 0.2, "max_depth": 2, "min_child_weight": 5, "best_iteration": 9, "best_ntree_limit": 10, "smooth_f2": 0.049065339257852704, "f2_0.1": 0.11149228130360204, "f2_0.2": 0.4702970297029703, "greedy_threshold": 0.23, "greedy_f2": 0.47368421052631576}, "ensemble_val1_label7.xgb": {"eta": 0.2, "max_depth": 9, "min_child_weight": 4, "best_iteration": 9, "best_ntree_limit": 10, "smooth_f2": 0.19505698359361137, "f2_0.1": 0.41732283464566927, "f2_0.2": 0.5211623499684145, "greedy_threshold": 0.18, "greedy_f2": 0.5413625304136253}, "ensemble_val1_label8.xgb": {"eta": 0.2, "max_depth": 10, "min_child_weight": 1, "best_iteration": 32, "best_ntree_limit": 33, "smooth_f2": 0.9456419839344484, "f2_0.1": 0.9802106352903699, "f2_0.2": 0.9807266415275036, "greedy_threshold": 0.24, "greedy_f2": 0.9812673496694826}, "ensemble_val1_label9.xgb": {"eta": 0.2, "max_depth": 3, "min_child_weight": 1, "best_iteration": 8, "best_ntree_limit": 9, "smooth_f2": 0.37575060957324724, "f2_0.1": 0.557698621142482, "f2_0.2": 0.640346653827636, "greedy_threshold": 0.17, "greedy_f2": 0.6563772048846676}, "ensemble_val1_label10.xgb": {"eta": 0.2, "max_depth": 3, "min_child_weight": 5, "best_iteration": 11, "best_ntree_limit": 12, "smooth_f2": 0.5407051559486282, "f2_0.1": 0.7785310734463277, "f2_0.2": 0.7954266043766904, "greedy_threshold": 0.15, "greedy_f2": 0.8051049618320612}, "ensemble_val1_label11.xgb": {"eta": 0.2, "max_depth": 4, "min_child_weight": 3, "best_iteration": 15, "best_ntree_limit": 16, "smooth_f2": 0.25698758074795214, "f2_0.1": 0.5629477993858751, "f2_0.2": 0.5447860962566845, "greedy_threshold": 0.15, "greedy_f2": 0.5963029218843173}, "ensemble_val1_label12.xgb": {"eta": 0.2, "max_depth": 3, "min_child_weight": 3, "best_iteration": 12, "best_ntree_limit": 13, "smooth_f2": 0.16907410862103409, "f2_0.1": 0.3730158730158731, "f2_0.2": 0.47884187082405344, "greedy_threshold": 0.36, "greedy_f2": 0.5855855855855856}, "ensemble_val2_label0.xgb": {"eta": 0.2, "max_depth": 4, "min_child_weight": 2, "best_iteration": 10, "best_ntree_limit": 11, "smooth_f2": 0.04781174618715823, "f2_0.1": 0.5080213903743316, "f2_0.2": 0.5357142857142858, "greedy_threshold": 0.15, "greedy_f2": 0.6462585034013605}, "ensemble_val2_label1.xgb": {"eta": 0.2, "max_depth": 2, "min_child_weight": 1, "best_iteration": 10, "best_ntree_limit": 11, "smooth_f2": 0.4350282083703937, "f2_0.1": 0.6475705843729481, "f2_0.2": 0.7125843588725685, "greedy_threshold": 0.18, "greedy_f2": 0.7127576818358615}, "ensemble_val2_label2.xgb": {"eta": 0.2, "max_depth": 4, "min_child_weight": 5, "best_iteration": 19, "best_ntree_limit": 20, "smooth_f2": 0.9292895584680102, "f2_0.1": 0.9817855664412859, "f2_0.2": 0.982183419914275, "greedy_threshold": 0.27, "greedy_f2": 0.9828721742054154}, "ensemble_val2_label3.xgb": {"eta": 0.2, "max_depth": 9, "min_child_weight": 4, "best_iteration": 11, "best_ntree_limit": 12, "smooth_f2": 0.06853117676651611, "f2_0.1": 0.4259259259259259, "f2_0.2": 0.4115226337448559, "greedy_threshold": 0.09, "greedy_f2": 0.4821428571428571}, "ensemble_val2_label4.xgb": {"eta": 0.2, "max_depth": 5, "min_child_weight": 3, "best_iteration": 10, "best_ntree_limit": 11, "smooth_f2": 0.6102623389197696, "f2_0.1": 0.8107332155477032, "f2_0.2": 0.831619721677586, "greedy_threshold": 0.15, "greedy_f2": 0.8362085042894442}, "ensemble_val2_label5.xgb": {"eta": 0.2, "max_depth": 3, "min_child_weight": 1, "best_iteration": 2, "best_ntree_limit": 3, "smooth_f2": 0.4157498980265292, "f2_0.1": 0.49216075963343275, "f2_0.2": 0.49216075963343275, "greedy_threshold": 0.35, "greedy_f2": 0.7682086614173229}, "ensemble_val2_label6.xgb": {"eta": 0.2, "max_depth": 2, "min_child_weight": 5, "best_iteration": 8, "best_ntree_limit": 9, "smooth_f2": 0.03414530702279395, "f2_0.1": 0.3584905660377358, "f2_0.2": 0.30386740331491713, "greedy_threshold": 0.12, "greedy_f2": 0.44811320754716977}, "ensemble_val2_label7.xgb": {"eta": 0.2, "max_depth": 4, "min_child_weight": 1, "best_iteration": 6, "best_ntree_limit": 7, "smooth_f2": 0.16609620915911288, "f2_0.1": 0.11418169783220256, "f2_0.2": 0.5431502715751357, "greedy_threshold": 0.18, "greedy_f2": 0.5742296918767507}, "ensemble_val2_label8.xgb": {"eta": 0.2, "max_depth": 4, "min_child_weight": 3, "best_iteration": 19, "best_ntree_limit": 20, "smooth_f2": 0.9158225436189654, "f2_0.1": 0.9801195606839983, "f2_0.2": 0.9811707569514937, "greedy_threshold": 0.27, "greedy_f2": 0.98188485222902}, "ensemble_val2_label9.xgb": {"eta": 0.2, "max_depth": 4, "min_child_weight": 1, "best_iteration": 7, "best_ntree_limit": 8, "smooth_f2": 0.3607966355774692, "f2_0.1": 0.4259615982104021, "f2_0.2": 0.6548119668388802, "greedy_threshold": 0.21, "greedy_f2": 0.6575712881022616}, "ensemble_val2_label10.xgb": {"eta": 0.2, "max_depth": 9, "min_child_weight": 1, "best_iteration": 4, "best_ntree_limit": 5, "smooth_f2": 0.39671073940523754, "f2_0.1": 0.27350974534073125, "f2_0.2": 0.7910284463894968, "greedy_threshold": 0.28, "greedy_f2": 0.8166627441751}, "ensemble_val2_label11.xgb": {"eta": 0.2, "max_depth": 2, "min_child_weight": 1, "best_iteration": 5, "best_ntree_limit": 6, "smooth_f2": 0.1529934732242816, "f2_0.1": 0.10508757297748124, "f2_0.2": 0.5435370470524608, "greedy_threshold": 0.24, "greedy_f2": 0.5586592178770949}, "ensemble_val2_label12.xgb": {"eta": 0.2, "max_depth": 2, "min_child_weight": 1, "best_iteration": 19, "best_ntree_limit": 20, "smooth_f2": 0.28918598734786094, "f2_0.1": 0.6341463414634146, "f2_0.2": 0.6056701030927835, "greedy_threshold": 0.07, "greedy_f2": 0.676605504587156}, "ensemble_val3_label0.xgb": {"eta": 0.2, "max_depth": 5, "min_child_weight": 5, "best_iteration": 19, "best_ntree_limit": 20, "smooth_f2": 0.12004850926112207, "f2_0.1": 0.3571428571428571, "f2_0.2": 0.4054054054054054, "greedy_threshold": 0.36, "greedy_f2": 0.4736842105263158}, "ensemble_val3_label1.xgb": {"eta": 0.2, "max_depth": 2, "min_child_weight": 1, "best_iteration": 11, "best_ntree_limit": 12, "smooth_f2": 0.4110432551886099, "f2_0.1": 0.6799276672694395, "f2_0.2": 0.7024185068349106, "greedy_threshold": 0.18, "greedy_f2": 0.7142857142857144}, "ensemble_val3_label2.xgb": {"eta": 0.2, "max_depth": 6, "min_child_weight": 5, "best_iteration": 9, "best_ntree_limit": 10, "smooth_f2": 0.8952733281648267, "f2_0.1": 0.9805577376276512,