{"ensemble_val1_label0.xgb": {"eta": 0.05, "max_depth": 6, "min_child_weight": 4, "best_iteration": 9, "best_ntree_limit": 10, "smooth_f2": 0.011590033414182022, "f2_0.1": 0.008591842271863976, "f2_0.2": 0.008591842271863976, "greedy_threshold": 0.36, "greedy_f2": 0.6250000000000001}, "ensemble_val1_label1.xgb": {"eta": 0.05, "max_depth": 4, "min_child_weight": 5, "best_iteration": 32, "best_ntree_limit": 33, "smooth_f2": 0.4024998597775582, "f2_0.1": 0.4789209261686325, "f2_0.2": 0.7155057885746822, "greedy_threshold": 0.24, "greedy_f2": 0.7221006564551422}, "ensemble_val1_label2.xgb": {"eta": 0.05, "max_depth": 7, "min_child_weight": 5, "best_iteration": 54, "best_ntree_limit": 55, "smooth_f2": 0.9238781734704822, "f2_0.1": 0.9815509076558802, "f2_0.2": 0.9818605754030982, "greedy_threshold": 0.27, "greedy_f2": 0.9822558949200823}, "ensemble_val1_label3.xgb": {"eta": 0.05, "max_depth": 5, "min_child_weight": 5, "best_iteration": 31, "best_ntree_limit": 32, "smooth_f2": 0.04999835593019704, "f2_0.1": 0.024988844265952694, "f2_0.2": 0.33210332103321033, "greedy_threshold": 0.15, "greedy_f2": 0.43831168831168826}, "ensemble_val1_label4.xgb": {"eta": 0.05, "max_depth": 4, "min_child_weight": 4, "best_iteration": 22, "best_ntree_limit": 23, "smooth_f2": 0.5715753392918728, "f2_0.1": 0.7242713240644988, "f2_0.2": 0.8175891431612561, "greedy_threshold": 0.27, "greedy_f2": 0.8323511385601812}, "ensemble_val1_label5.xgb": {"eta": 0.05, "max_depth": 3, "min_child_weight": 1, "best_iteration": 43, "best_ntree_limit": 44, "smooth_f2": 0.4915192370428611, "f2_0.1": 0.7379847675741924, "f2_0.2": 0.7726819541375872, "greedy_threshold": 0.18, "greedy_f2": 0.7768846191549849}, "ensemble_val1_label6.xgb": {"eta": 0.05, "max_depth": 3, "min_child_weight": 5, "best_iteration": 13, "best_ntree_limit": 14, "smooth_f2": 0.019753123698930702, "f2_0.1": 0.015291895295493388, "f2_0.2": 0.015291895295493388, "greedy_threshold": 0.27, "greedy_f2": 0.49568965517241387}, "ensemble_val1_label7.xgb": {"eta": 0.05, "max_depth": 2, "min_child_weight": 1, "best_iteration": 24, "best_ntree_limit": 25, "smooth_f2": 0.14684410003486034, "f2_0.1": 0.10738366769333223, "f2_0.2": 0.5029270888770623, "greedy_threshold": 0.21, "greedy_f2": 0.523943661971831}, "ensemble_val1_label8.xgb": {"eta": 0.05, "max_depth": 7, "min_child_weight": 2, "best_iteration": 19, "best_ntree_limit": 20, "smooth_f2": 0.8067084843462536, "f2_0.1": 0.9777456016819724, "f2_0.2": 0.9786946766475388, "greedy_threshold": 0.3, "greedy_f2": 0.9808321365884795}, "ensemble_val1_label9.xgb": {"eta": 0.05, "max_depth": 6, "min_child_weight": 4, "best_iteration": 31, "best_ntree_limit": 32, "smooth_f2": 0.36668743295150097, "f2_0.1": 0.4219701996742475, "f2_0.2": 0.6541032733978792, "greedy_threshold": 0.21, "greedy_f2": 0.657675855513308}, "ensemble_val1_label10.xgb": {"eta": 0.05, "max_depth": 3, "min_child_weight": 3, "best_iteration": 40, "best_ntree_limit": 41, "smooth_f2": 0.5042633327531436, "f2_0.1": 0.7625820568927791, "f2_0.2": 0.7942676706339568, "greedy_threshold": 0.18, "greedy_f2": 0.8012512030798845}, "ensemble_val1_label11.xgb": {"eta": 0.05, "max_depth": 3, "min_child_weight": 1, "best_iteration": 5, "best_ntree_limit": 6, "smooth_f2": 0.10973080297848938, "f2_0.1": 0.10738366769333223, "f2_0.2": 0.10738366769333223, "greedy_threshold": 0.4, "greedy_f2": 0.6014362657091561}, "ensemble_val1_label12.xgb": {"eta": 0.05, "max_depth": 2, "min_child_weight": 1, "best_iteration": 33, "best_ntree_limit": 34, "smooth_f2": 0.07538249370459041, "f2_0.1": 0.39050535987748847, "f2_0.2": 0.4925373134328358, "greedy_threshold": 0.18, "greedy_f2": 0.508720930232558}, "ensemble_val2_label0.xgb": {"eta": 0.05, "max_depth": 5, "min_child_weight": 4, "best_iteration": 7, "best_ntree_limit": 8, "smooth_f2": 0.013737291513063611, "f2_0.1": 0.012173128944995492, "f2_0.2": 0.012173128944995492, "greedy_threshold": 0.35, "greedy_f2": 0.5483870967741935}, "ensemble_val2_label1.xgb": {"eta": 0.05, "max_depth": 6, "min_child_weight": 5, "best_iteration": 30, "best_ntree_limit": 31, "smooth_f2": 0.39740811853724106, "f2_0.1": 0.29894693085769714, "f2_0.2": 0.7006969297419477, "greedy_threshold": 0.23, "greedy_f2": 0.7176891006551519}, "ensemble_val2_label2.xgb": {"eta": 0.05, "max_depth": 6, "min_child_weight": 1, "best_iteration": 13, "best_ntree_limit": 14, "smooth_f2": 0.7585986105479177, "f2_0.1": 0.9800180938520239, "f2_0.2": 0.9800180938520239, "greedy_threshold": 0.35, "greedy_f2": 0.9825733027740458}, "ensemble_val2_label3.xgb": {"eta": 0.05, "max_depth": 9, "min_child_weight": 2, "best_iteration": 7, "best_ntree_limit": 8, "smooth_f2": 0.02618029241575662, "f2_0.1": 0.0219180533190195, "f2_0.2": 0.0219180533190195, "greedy_threshold": 0.36, "greedy_f2": 0.44642857142857145}, "ensemble_val2_label4.xgb": {"eta": 0.05, "max_depth": 3, "min_child_weight": 1, "best_iteration": 27, "best_ntree_limit": 28, "smooth_f2": 0.5761420315258995, "f2_0.1": 0.7215720994687813, "f2_0.2": 0.833140476741495, "greedy_threshold": 0.24, "greedy_f2": 0.8365028049824095}, "ensemble_val2_label5.xgb": {"eta": 0.05, "max_depth": 4, "min_child_weight": 4, "best_iteration": 31, "best_ntree_limit": 32, "smooth_f2": 0.4849355785880567, "f2_0.1": 0.49216075963343275, "f2_0.2": 0.7622763608679102, "greedy_threshold": 0.24, "greedy_f2": 0.7677809741097114}, "ensemble_val2_label6.xgb": {"eta": 0.05, "max_depth": 8, "min_child_weight": 1, "best_iteration": 19, "best_ntree_limit": 20, "smooth_f2": 0.02375125444433119, "f2_0.1": 0.016621743036837378, "f2_0.2": 0.3184713375796178, "greedy_threshold": 0.24, "greedy_f2": 0.407725321888412}, "ensemble_val2_label7.xgb": {"eta": 0.05, "max_depth": 2, "min_child_weight": 1, "best_iteration": 46, "best_ntree_limit": 47, "smooth_f2": 0.1945918881000556, "f2_0.1": 0.5451866404715128, "f2_0.2": 0.5215123859191657, "greedy_threshold": 0.15, "greedy_f2": 0.5748820754716981}, "ensemble_val2_label8.xgb": {"eta": 0.05, "max_depth": 6, "min_child_weight": 2, "best_iteration": 48, "best_ntree_limit": 49, "smooth_f2": 0.9113339921076604, "f2_0.1": 0.9786205393409815, "f2_0.2": 0.9808640992998091, "greedy_threshold": 0.24, "greedy_f2": 0.9816592321172531}, "ensemble_val2_label9.xgb": {"eta": 0.05, "max_depth": 2, "min_child_weight": 1, "best_iteration": 34, "best_ntree_limit": 35, "smooth_f2": 0.3776018289049612, "f2_0.1": 0.4776380153738644, "f2_0.2": 0.6455901051901515, "greedy_threshold": 0.24, "greedy_f2": 0.6553367615702997}, "ensemble_val2_label10.xgb": {"eta": 0.05, "max_depth": 2, "min_child_weight": 1, "best_iteration": 13, "best_ntree_limit": 14, "smooth_f2": 0.3414314986711747, "f2_0.1": 0.27350974534073125, "f2_0.2": 0.27350974534073125, "greedy_threshold": 0.35, "greedy_f2": 0.8129227898297177}, "ensemble_val2_label11.xgb": {"eta": 0.05, "max_depth": 3, "min_child_weight": 1, "best_iteration": 8, "best_ntree_limit": 9, "smooth_f2": 0.11504304005262903, "f2_0.1": 0.10508757297748124, "f2_0.2": 0.10508757297748124, "greedy_threshold": 0.35, "greedy_f2": 0.5734072022160664}, "ensemble_val2_label12.xgb": {"eta": 0.05, "max_depth": 3, "min_child_weight": 2, "best_iteration": 26, "best_ntree_limit": 27, "smooth_f2": 0.0897881511443127, "f2_0.1": 0.03496194016640113, "f2_0.2": 0.639269406392694, "greedy_threshold": 0.18, "greedy_f2": 0.6753812636165577}, "ensemble_val3_label0.xgb": {"eta": 0.05, "max_depth": 6, "min_child_weight": 3, "best_iteration": 42, "best_ntree_limit": 43, "smooth_f2": 0.033985809526852755, "f2_0.1": 0.22388059701492535, "f2_0.2": 0.4017857142857143, "greedy_threshold": 0.35, "greedy_f2": 0.4591836734693877}, "ensemble_val3_label1.xgb": {"eta": 0.05, "max_depth": 3, "min_child_weight": 1, "best_iteration": 19, "best_ntree_limit": 20, "smooth_f2": 0.33205629169570605, "f2_0.1": 0.2955288227522425, "f2_0.2": 0.602591141910214, "greedy_threshold": 0.27, "greedy_f2": 0.7164510913500404}, "ensemble_val3_label2.xgb": {"eta": 0.05, "max_depth": 4, "min_child_weight": 1, "best_iteration": 14,