{"ensemble_val1_label0.xgb": {"eta": 0.05, "max_depth": 2, "min_child_weight": 5, "best_iteration": 26, "best_ntree_limit": 27, "smooth_f2": 0.018209399263615752, "f2_0.1": 0.008591842271863976, "f2_0.2": 0.5384615384615385, "greedy_threshold": 0.21, "greedy_f2": 0.6140350877192983}, "ensemble_val1_label1.xgb": {"eta": 0.05, "max_depth": 4, "min_child_weight": 1, "best_iteration": 38, "best_ntree_limit": 39, "smooth_f2": 0.41605487237426814, "f2_0.1": 0.6296352353564401, "f2_0.2": 0.7191250483933411, "greedy_threshold": 0.21, "greedy_f2": 0.7253176930596286}, "ensemble_val1_label2.xgb": {"eta": 0.05, "max_depth": 9, "min_child_weight": 5, "best_iteration": 11, "best_ntree_limit": 12, "smooth_f2": 0.7383799480048132, "f2_0.1": 0.9798035471742681, "f2_0.2": 0.9798035471742681, "greedy_threshold": 0.34, "greedy_f2": 0.9822662822386349}, "ensemble_val1_label3.xgb": {"eta": 0.05, "max_depth": 4, "min_child_weight": 2, "best_iteration": 30, "best_ntree_limit": 31, "smooth_f2": 0.046642792560420726, "f2_0.1": 0.024988844265952694, "f2_0.2": 0.32967032967032966, "greedy_threshold": 0.15, "greedy_f2": 0.42662116040955633}, "ensemble_val1_label4.xgb": {"eta": 0.05, "max_depth": 5, "min_child_weight": 4, "best_iteration": 30, "best_ntree_limit": 31, "smooth_f2": 0.5914351599509047, "f2_0.1": 0.7242713240644988, "f2_0.2": 0.8291028244415728, "greedy_threshold": 0.24, "greedy_f2": 0.8323116099217204}, "ensemble_val1_label5.xgb": {"eta": 0.05, "max_depth": 2, "min_child_weight": 1, "best_iteration": 23, "best_ntree_limit": 24, "smooth_f2": 0.4454068632454982, "f2_0.1": 0.486964255934182, "f2_0.2": 0.7567667096299024, "greedy_threshold": 0.24, "greedy_f2": 0.776331130975515}, "ensemble_val1_label6.xgb": {"eta": 0.05, "max_depth": 2, "min_child_weight": 3, "best_iteration": 46, "best_ntree_limit": 47, "smooth_f2": 0.0526094522575811, "f2_0.1": 0.4439252336448598, "f2_0.2": 0.3409090909090909, "greedy_threshold": 0.12, "greedy_f2": 0.4822335025380711}, "ensemble_val1_label7.xgb": {"eta": 0.05, "max_depth": 5, "min_child_weight": 5, "best_iteration": 24, "best_ntree_limit": 25, "smooth_f2": 0.15815647895532642, "f2_0.1": 0.10738366769333223, "f2_0.2": 0.479836651352731, "greedy_threshold": 0.24, "greedy_f2": 0.5356017643352237}, "ensemble_val1_label8.xgb": {"eta": 0.05, "max_depth": 6, "min_child_weight": 2, "best_iteration": 34, "best_ntree_limit": 35, "smooth_f2": 0.8789689594738421, "f2_0.1": 0.9777843895665972, "f2_0.2": 0.9808216995598751, "greedy_threshold": 0.3, "greedy_f2": 0.9810556154429672}, "ensemble_val1_label9.xgb": {"eta": 0.05, "max_depth": 6, "min_child_weight": 1, "best_iteration": 15, "best_ntree_limit": 16, "smooth_f2": 0.344690231625683, "f2_0.1": 0.4219701996742475, "f2_0.2": 0.4219701996742475, "greedy_threshold": 0.3, "greedy_f2": 0.6557954012200845}, "ensemble_val1_label10.xgb": {"eta": 0.05, "max_depth": 3, "min_child_weight": 1, "best_iteration": 26, "best_ntree_limit": 27, "smooth_f2": 0.42976343905966713, "f2_0.1": 0.2645559623806447, "f2_0.2": 0.7963875205254515, "greedy_threshold": 0.21, "greedy_f2": 0.8014723343623844}, "ensemble_val1_label11.xgb": {"eta": 0.05, "max_depth": 3, "min_child_weight": 2, "best_iteration": 31, "best_ntree_limit": 32, "smooth_f2": 0.17211528557625408, "f2_0.1": 0.10738366769333223, "f2_0.2": 0.5793060718711276, "greedy_threshold": 0.18, "greedy_f2": 0.5892648774795799}, "ensemble_val1_label12.xgb": {"eta": 0.05, "max_depth": 9, "min_child_weight": 4, "best_iteration": 17, "best_ntree_limit": 18, "smooth_f2": 0.04704173361529863, "f2_0.1": 0.02934637616718542, "f2_0.2": 0.02934637616718542, "greedy_threshold": 0.27, "greedy_f2": 0.5327868852459017}, "ensemble_val2_label0.xgb": {"eta": 0.05, "max_depth": 3, "min_child_weight": 4, "best_iteration": 25, "best_ntree_limit": 26, "smooth_f2": 0.021301373075573296, "f2_0.1": 0.012173128944995492, "f2_0.2": 0.5128205128205128, "greedy_threshold": 0.24, "greedy_f2": 0.5405405405405405}, "ensemble_val2_label1.xgb": {"eta": 0.05, "max_depth": 5, "min_child_weight": 1, "best_iteration": 51, "best_ntree_limit": 52, "smooth_f2": 0.4515149120482011, "f2_0.1": 0.6731605496608105, "f2_0.2": 0.6929263765724892, "greedy_threshold": 0.18, "greedy_f2": 0.7137080469065913}, "ensemble_val2_label2.xgb": {"eta": 0.05, "max_depth": 6, "min_child_weight": 4, "best_iteration": 38, "best_ntree_limit": 39, "smooth_f2": 0.8926268201840212, "f2_0.1": 0.9801144745382664, "f2_0.2": 0.9823632808642585, "greedy_threshold": 0.21, "greedy_f2": 0.9826526781656887}, "ensemble_val2_label3.xgb": {"eta": 0.05, "max_depth": 10, "min_child_weight": 1, "best_iteration": 18, "best_ntree_limit": 19, "smooth_f2": 0.03667441138175963, "f2_0.1": 0.0219180533190195, "f2_0.2": 0.14519056261343014, "greedy_threshold": 0.3, "greedy_f2": 0.41818181818181815}, "ensemble_val2_label4.xgb": {"eta": 0.05, "max_depth": 6, "min_child_weight": 1, "best_iteration": 45, "best_ntree_limit": 46, "smooth_f2": 0.5968611628533261, "f2_0.1": 0.8124778132765355, "f2_0.2": 0.8321778627779105, "greedy_threshold": 0.18, "greedy_f2": 0.8364488192702665}, "ensemble_val2_label5.xgb": {"eta": 0.05, "max_depth": 7, "min_child_weight": 5, "best_iteration": 48, "best_ntree_limit": 49, "smooth_f2": 0.5085909171058287, "f2_0.1": 0.7397981570864414, "f2_0.2": 0.7626535626535627, "greedy_threshold": 0.18, "greedy_f2": 0.7665959089154768}, "ensemble_val2_label6.xgb": {"eta": 0.05, "max_depth": 6, "min_child_weight": 4, "best_iteration": 18, "best_ntree_limit": 19, "smooth_f2": 0.022455644121197972, "f2_0.1": 0.016621743036837378, "f2_0.2": 0.3484320557491289, "greedy_threshold": 0.24, "greedy_f2": 0.4357798165137614}, "ensemble_val2_label7.xgb": {"eta": 0.05, "max_depth": 3, "min_child_weight": 3, "best_iteration": 16, "best_ntree_limit": 17, "smooth_f2": 0.13679212053943537, "f2_0.1": 0.11418169783220256, "f2_0.2": 0.11418169783220256, "greedy_threshold": 0.27, "greedy_f2": 0.5755813953488372}, "ensemble_val2_label8.xgb": {"eta": 0.05, "max_depth": 6, "min_child_weight": 4, "best_iteration": 12, "best_ntree_limit": 13, "smooth_f2": 0.7469016152430406, "f2_0.1": 0.9781575507940907, "f2_0.2": 0.9781575507940907, "greedy_threshold": 0.4, "greedy_f2": 0.9815963152752576}, "ensemble_val2_label9.xgb": {"eta": 0.05, "max_depth": 3, "min_child_weight": 1, "best_iteration": 27, "best_ntree_limit": 28, "smooth_f2": 0.36966210588515586, "f2_0.1": 0.41631240131179403, "f2_0.2": 0.6407982261640799, "greedy_threshold": 0.24, "greedy_f2": 0.6540733448190992}, "ensemble_val2_label10.xgb": {"eta": 0.05, "max_depth": 5, "min_child_weight": 2, "best_iteration": 19, "best_ntree_limit": 20, "smooth_f2": 0.3867420591286169, "f2_0.1": 0.27350974534073125, "f2_0.2": 0.7471030697296198, "greedy_threshold": 0.27, "greedy_f2": 0.8113730929264911}, "ensemble_val2_label11.xgb": {"eta": 0.05, "max_depth": 4, "min_child_weight": 4, "best_iteration": 22, "best_ntree_limit": 23, "smooth_f2": 0.1516313220878847, "f2_0.1": 0.10508757297748124, "f2_0.2": 0.5314585319351762, "greedy_threshold": 0.24, "greedy_f2": 0.5769230769230769}, "ensemble_val2_label12.xgb": {"eta": 0.05, "max_depth": 7, "min_child_weight": 4, "best_iteration": 49, "best_ntree_limit": 50, "smooth_f2": 0.17860408206177658, "f2_0.1": 0.6038135593220338, "f2_0.2": 0.6280788177339901, "greedy_threshold": 0.15, "greedy_f2": 0.6563245823389022}, "ensemble_val3_label0.xgb": {"eta": 0.05, "max_depth": 4, "min_child_weight": 4, "best_iteration": 38, "best_ntree_limit": 39, "smooth_f2": 0.0237966683032754, "f2_0.1": 0.198237885462555, "f2_0.2": 0.29605263157894735, "greedy_threshold": 0.3, "greedy_f2": 0.4455445544554455}, "ensemble_val3_label1.xgb": {"eta": 0.05, "max_depth": 3, "min_child_weight": 1, "best_iteration": 37, "best_ntree_limit": 38, "smooth_f2": 0.3920725257660973, "f2_0.1": 0.6122132672039677, "f2_0.2": 0.7035380235868239, "greedy_threshold": 0.21, "greedy_f2": 0.7063426688632619}, "ensemble_val3_label2.xgb": {"eta": 0.05, "max_depth": 6, "min_child_weight": 2, "best_iteration": 13,