{"ensemble_val1_label0.xgb": {"eta": 0.1, "max_depth": 2, "min_child_weight": 2, "best_iteration": 22, "best_ntree_limit": 23, "smooth_f2": 0.03802442232998901, "f2_0.1": 0.5033557046979865, "f2_0.2": 0.5612244897959184, "greedy_threshold": 0.15, "greedy_f2": 0.625}, "ensemble_val1_label1.xgb": {"eta": 0.1, "max_depth": 4, "min_child_weight": 2, "best_iteration": 9, "best_ntree_limit": 10, "smooth_f2": 0.3537354522561718, "f2_0.1": 0.30732779342078154, "f2_0.2": 0.6282998944033792, "greedy_threshold": 0.27, "greedy_f2": 0.7233796296296297}, "ensemble_val1_label2.xgb": {"eta": 0.1, "max_depth": 7, "min_child_weight": 5, "best_iteration": 28, "best_ntree_limit": 29, "smooth_f2": 0.9274761947421359, "f2_0.1": 0.9816901130556599, "f2_0.2": 0.982035218087314, "greedy_threshold": 0.18, "greedy_f2": 0.9822980875612455}, "ensemble_val1_label3.xgb": {"eta": 0.1, "max_depth": 10, "min_child_weight": 4, "best_iteration": 30, "best_ntree_limit": 31, "smooth_f2": 0.10760316309047689, "f2_0.1": 0.3345724907063197, "f2_0.2": 0.3294573643410853, "greedy_threshold": 0.06, "greedy_f2": 0.42993630573248404}, "ensemble_val1_label4.xgb": {"eta": 0.1, "max_depth": 5, "min_child_weight": 5, "best_iteration": 7, "best_ntree_limit": 8, "smooth_f2": 0.5485479421905242, "f2_0.1": 0.7242713240644988, "f2_0.2": 0.7242713240644988, "greedy_threshold": 0.3, "greedy_f2": 0.8324357233175667}, "ensemble_val1_label5.xgb": {"eta": 0.1, "max_depth": 3, "min_child_weight": 1, "best_iteration": 34, "best_ntree_limit": 35, "smooth_f2": 0.5075473869466133, "f2_0.1": 0.7634549015950006, "f2_0.2": 0.768177669607545, "greedy_threshold": 0.15, "greedy_f2": 0.7788574793875148}, "ensemble_val1_label6.xgb": {"eta": 0.1, "max_depth": 10, "min_child_weight": 2, "best_iteration": 45, "best_ntree_limit": 46, "smooth_f2": 0.1280044617080882, "f2_0.1": 0.42372881355932196, "f2_0.2": 0.27439024390243905, "greedy_threshold": 0.06, "greedy_f2": 0.5102040816326531}, "ensemble_val1_label7.xgb": {"eta": 0.1, "max_depth": 7, "min_child_weight": 1, "best_iteration": 28, "best_ntree_limit": 29, "smooth_f2": 0.23301545089393808, "f2_0.1": 0.4972826086956522, "f2_0.2": 0.5148583275742916, "greedy_threshold": 0.18, "greedy_f2": 0.5282637954239569}, "ensemble_val1_label8.xgb": {"eta": 0.1, "max_depth": 10, "min_child_weight": 3, "best_iteration": 19, "best_ntree_limit": 20, "smooth_f2": 0.8956361626085231, "f2_0.1": 0.9794705671926548, "f2_0.2": 0.9809823778008133, "greedy_threshold": 0.21, "greedy_f2": 0.9811174030945923}, "ensemble_val1_label9.xgb": {"eta": 0.1, "max_depth": 5, "min_child_weight": 4, "best_iteration": 9, "best_ntree_limit": 10, "smooth_f2": 0.3530591002126177, "f2_0.1": 0.4219701996742475, "f2_0.2": 0.5787336961216204, "greedy_threshold": 0.27, "greedy_f2": 0.6551765553687244}, "ensemble_val1_label10.xgb": {"eta": 0.1, "max_depth": 2, "min_child_weight": 1, "best_iteration": 19, "best_ntree_limit": 20, "smooth_f2": 0.5003114321070068, "f2_0.1": 0.7639956092206366, "f2_0.2": 0.8003359731221502, "greedy_threshold": 0.21, "greedy_f2": 0.8032273603082851}, "ensemble_val1_label11.xgb": {"eta": 0.1, "max_depth": 4, "min_child_weight": 4, "best_iteration": 4, "best_ntree_limit": 5, "smooth_f2": 0.11932145751067424, "f2_0.1": 0.10738366769333223, "f2_0.2": 0.10738366769333223, "greedy_threshold": 0.35, "greedy_f2": 0.6008454106280193}, "ensemble_val1_label12.xgb": {"eta": 0.1, "max_depth": 5, "min_child_weight": 5, "best_iteration": 11, "best_ntree_limit": 12, "smooth_f2": 0.058905070871626816, "f2_0.1": 0.02934637616718542, "f2_0.2": 0.46875, "greedy_threshold": 0.25, "greedy_f2": 0.5255681818181819}, "ensemble_val2_label0.xgb": {"eta": 0.1, "max_depth": 2, "min_child_weight": 2, "best_iteration": 20, "best_ntree_limit": 21, "smooth_f2": 0.03325228161513479, "f2_0.1": 0.5263157894736842, "f2_0.2": 0.3676470588235294, "greedy_threshold": 0.12, "greedy_f2": 0.5660377358490566}, "ensemble_val2_label1.xgb": {"eta": 0.1, "max_depth": 6, "min_child_weight": 5, "best_iteration": 12, "best_ntree_limit": 13, "smooth_f2": 0.3850949001967714, "f2_0.1": 0.29894693085769714, "f2_0.2": 0.6852017937219731, "greedy_threshold": 0.24, "greedy_f2": 0.7191847932588673}, "ensemble_val2_label2.xgb": {"eta": 0.1, "max_depth": 9, "min_child_weight": 4, "best_iteration": 38, "best_ntree_limit": 39, "smooth_f2": 0.9360377958812722, "f2_0.1": 0.9822380106571934, "f2_0.2": 0.9825526190852985, "greedy_threshold": 0.18, "greedy_f2": 0.9829549948588152}, "ensemble_val2_label3.xgb": {"eta": 0.1, "max_depth": 3, "min_child_weight": 3, "best_iteration": 20, "best_ntree_limit": 21, "smooth_f2": 0.07384620412981964, "f2_0.1": 0.41390728476821187, "f2_0.2": 0.38, "greedy_threshold": 0.12, "greedy_f2": 0.44802867383512546}, "ensemble_val2_label4.xgb": {"eta": 0.1, "max_depth": 4, "min_child_weight": 3, "best_iteration": 14, "best_ntree_limit": 15, "smooth_f2": 0.5866460414748444, "f2_0.1": 0.7215720994687813, "f2_0.2": 0.8357496960059865, "greedy_threshold": 0.21, "greedy_f2": 0.8365914550850253}, "ensemble_val2_label5.xgb": {"eta": 0.1, "max_depth": 8, "min_child_weight": 3, "best_iteration": 58, "best_ntree_limit": 59, "smooth_f2": 0.5232874154073787, "f2_0.1": 0.7587874279337922, "f2_0.2": 0.755831566192063, "greedy_threshold": 0.15, "greedy_f2": 0.7689688715953307}, "ensemble_val2_label6.xgb": {"eta": 0.1, "max_depth": 7, "min_child_weight": 2, "best_iteration": 17, "best_ntree_limit": 18, "smooth_f2": 0.04127605514027773, "f2_0.1": 0.268361581920904, "f2_0.2": 0.3712871287128713, "greedy_threshold": 0.18, "greedy_f2": 0.41666666666666663}, "ensemble_val2_label7.xgb": {"eta": 0.1, "max_depth": 2, "min_child_weight": 1, "best_iteration": 12, "best_ntree_limit": 13, "smooth_f2": 0.15184362249801356, "f2_0.1": 0.11418169783220256, "f2_0.2": 0.5577136514983352, "greedy_threshold": 0.21, "greedy_f2": 0.5696934644303064}, "ensemble_val2_label8.xgb": {"eta": 0.1, "max_depth": 9, "min_child_weight": 5, "best_iteration": 44, "best_ntree_limit": 45, "smooth_f2": 0.9384455238219275, "f2_0.1": 0.9803804757933199, "f2_0.2": 0.9816965085940768, "greedy_threshold": 0.21, "greedy_f2": 0.9818511435174118}, "ensemble_val2_label9.xgb": {"eta": 0.1, "max_depth": 5, "min_child_weight": 4, "best_iteration": 15, "best_ntree_limit": 16, "smooth_f2": 0.3830590213915925, "f2_0.1": 0.41631240131179403, "f2_0.2": 0.6409240176650436, "greedy_threshold": 0.24, "greedy_f2": 0.6572711399351459}, "ensemble_val2_label10.xgb": {"eta": 0.1, "max_depth": 2, "min_child_weight": 1, "best_iteration": 12, "best_ntree_limit": 13, "smooth_f2": 0.43145331272381, "f2_0.1": 0.27350974534073125, "f2_0.2": 0.7938441098317095, "greedy_threshold": 0.28, "greedy_f2": 0.8120055839925547}, "ensemble_val2_label11.xgb": {"eta": 0.1, "max_depth": 4, "min_child_weight": 2, "best_iteration": 11, "best_ntree_limit": 12, "smooth_f2": 0.15517120510886964, "f2_0.1": 0.10508757297748124, "f2_0.2": 0.5771276595744681, "greedy_threshold": 0.21, "greedy_f2": 0.5810736026563365}, "ensemble_val2_label12.xgb": {"eta": 0.1, "max_depth": 5, "min_child_weight": 4, "best_iteration": 2, "best_ntree_limit": 3, "smooth_f2": 0.042735991405996335, "f2_0.1": 0.03496194016640113, "f2_0.2": 0.03496194016640113, "greedy_threshold": 0.4, "greedy_f2": 0.6812933025404156}, "ensemble_val3_label0.xgb": {"eta": 0.1, "max_depth": 4, "min_child_weight": 1, "best_iteration": 28, "best_ntree_limit": 29, "smooth_f2": 0.06548387659887084, "f2_0.1": 0.31690140845070425, "f2_0.2": 0.4017857142857143, "greedy_threshold": 0.35, "greedy_f2": 0.45454545454545453}, "ensemble_val3_label1.xgb": {"eta": 0.1, "max_depth": 4, "min_child_weight": 4, "best_iteration": 21, "best_ntree_limit": 22, "smooth_f2": 0.4160118460223934, "f2_0.1": 0.6679356290015575, "f2_0.2": 0.7151741293532339, "greedy_threshold": 0.21, "greedy_f2": 0.7157762938230384}, "ensemble_val3_label2.xgb": {"eta": 0.1, "max_depth": 4, "min_child_weight": 4, "best_iteration": 15, "best_ntree_limit": 16, "smooth_f2": 0.8696903566958639, "f2_0.1": 0.9804614629356897,