{"ensemble_val1_label0.xgb": {"eta": 0.2, "max_depth": 2, "min_child_weight": 5, "best_iteration": 10, "best_ntree_limit": 11, "smooth_f2": 0.03818406876575786, "f2_0.1": 0.510204081632653, "f2_0.2": 0.5499999999999999, "greedy_threshold": 0.18, "greedy_f2": 0.648148148148148}, "ensemble_val1_label1.xgb": {"eta": 0.2, "max_depth": 4, "min_child_weight": 1, "best_iteration": 13, "best_ntree_limit": 14, "smooth_f2": 0.4565993119356324, "f2_0.1": 0.6938267212239814, "f2_0.2": 0.7158634538152611, "greedy_threshold": 0.18, "greedy_f2": 0.7242944543122164}, "ensemble_val1_label2.xgb": {"eta": 0.2, "max_depth": 3, "min_child_weight": 3, "best_iteration": 26, "best_ntree_limit": 27, "smooth_f2": 0.944074247734429, "f2_0.1": 0.9818662562402573, "f2_0.2": 0.9820193637621023, "greedy_threshold": 0.24, "greedy_f2": 0.982381206620395}, "ensemble_val1_label3.xgb": {"eta": 0.2, "max_depth": 2, "min_child_weight": 1, "best_iteration": 22, "best_ntree_limit": 23, "smooth_f2": 0.15832059213450153, "f2_0.1": 0.3370786516853933, "f2_0.2": 0.3333333333333333, "greedy_threshold": 0.04, "greedy_f2": 0.4166666666666667}, "ensemble_val1_label4.xgb": {"eta": 0.2, "max_depth": 5, "min_child_weight": 1, "best_iteration": 14, "best_ntree_limit": 15, "smooth_f2": 0.6200383800231916, "f2_0.1": 0.8250169338451117, "f2_0.2": 0.829855842185129, "greedy_threshold": 0.18, "greedy_f2": 0.8319600734497858}, "ensemble_val1_label5.xgb": {"eta": 0.2, "max_depth": 2, "min_child_weight": 1, "best_iteration": 26, "best_ntree_limit": 27, "smooth_f2": 0.514880287297507, "f2_0.1": 0.7646176911544228, "f2_0.2": 0.7649746192893401, "greedy_threshold": 0.15, "greedy_f2": 0.7775484124643663}, "ensemble_val1_label6.xgb": {"eta": 0.2, "max_depth": 5, "min_child_weight": 2, "best_iteration": 16, "best_ntree_limit": 17, "smooth_f2": 0.10283489187367416, "f2_0.1": 0.5026455026455027, "f2_0.2": 0.3012048192771084, "greedy_threshold": 0.09, "greedy_f2": 0.5181347150259068}, "ensemble_val1_label7.xgb": {"eta": 0.2, "max_depth": 6, "min_child_weight": 3, "best_iteration": 28, "best_ntree_limit": 29, "smooth_f2": 0.2651261970844538, "f2_0.1": 0.4963747908533184, "f2_0.2": 0.5013831258644537, "greedy_threshold": 0.15, "greedy_f2": 0.5286624203821656}, "ensemble_val1_label8.xgb": {"eta": 0.2, "max_depth": 8, "min_child_weight": 5, "best_iteration": 18, "best_ntree_limit": 19, "smooth_f2": 0.9359602567404365, "f2_0.1": 0.9802360527834726, "f2_0.2": 0.9809142036616011, "greedy_threshold": 0.24, "greedy_f2": 0.9812412692077431}, "ensemble_val1_label9.xgb": {"eta": 0.2, "max_depth": 4, "min_child_weight": 1, "best_iteration": 5, "best_ntree_limit": 6, "smooth_f2": 0.3555322067561928, "f2_0.1": 0.4219701996742475, "f2_0.2": 0.6309425382389416, "greedy_threshold": 0.24, "greedy_f2": 0.6564294924393389}, "ensemble_val1_label10.xgb": {"eta": 0.2, "max_depth": 7, "min_child_weight": 5, "best_iteration": 10, "best_ntree_limit": 11, "smooth_f2": 0.5261670029424557, "f2_0.1": 0.7658157602663707, "f2_0.2": 0.7981449841347327, "greedy_threshold": 0.18, "greedy_f2": 0.802990113334941}, "ensemble_val1_label11.xgb": {"eta": 0.2, "max_depth": 3, "min_child_weight": 1, "best_iteration": 20, "best_ntree_limit": 21, "smooth_f2": 0.25875068505544013, "f2_0.1": 0.5859154929577466, "f2_0.2": 0.5281445448227936, "greedy_threshold": 0.12, "greedy_f2": 0.6002365464222352}, "ensemble_val1_label12.xgb": {"eta": 0.2, "max_depth": 5, "min_child_weight": 5, "best_iteration": 7, "best_ntree_limit": 8, "smooth_f2": 0.07717159797844389, "f2_0.1": 0.2905701754385966, "f2_0.2": 0.49019607843137253, "greedy_threshold": 0.18, "greedy_f2": 0.5241935483870968}, "ensemble_val2_label0.xgb": {"eta": 0.2, "max_depth": 2, "min_child_weight": 5, "best_iteration": 26, "best_ntree_limit": 27, "smooth_f2": 0.15521346912136208, "f2_0.1": 0.4794520547945206, "f2_0.2": 0.4, "greedy_threshold": 0.06, "greedy_f2": 0.5696202531645569}, "ensemble_val2_label1.xgb": {"eta": 0.2, "max_depth": 3, "min_child_weight": 3, "best_iteration": 17, "best_ntree_limit": 18, "smooth_f2": 0.4839065934368318, "f2_0.1": 0.6914796569968984, "f2_0.2": 0.705527847049044, "greedy_threshold": 0.18, "greedy_f2": 0.7185079494496536}, "ensemble_val2_label2.xgb": {"eta": 0.2, "max_depth": 5, "min_child_weight": 4, "best_iteration": 19, "best_ntree_limit": 20, "smooth_f2": 0.9377379488503683, "f2_0.1": 0.981748659728792, "f2_0.2": 0.982905138339921, "greedy_threshold": 0.21, "greedy_f2": 0.9829794804886727}, "ensemble_val2_label3.xgb": {"eta": 0.2, "max_depth": 5, "min_child_weight": 3, "best_iteration": 14, "best_ntree_limit": 15, "smooth_f2": 0.11618750403725447, "f2_0.1": 0.4307116104868914, "f2_0.2": 0.35564853556485354, "greedy_threshold": 0.13, "greedy_f2": 0.44921875}, "ensemble_val2_label4.xgb": {"eta": 0.2, "max_depth": 5, "min_child_weight": 4, "best_iteration": 14, "best_ntree_limit": 15, "smooth_f2": 0.6147724071335159, "f2_0.1": 0.8277389596748412, "f2_0.2": 0.8294741919922819, "greedy_threshold": 0.15, "greedy_f2": 0.836873406966865}, "ensemble_val2_label5.xgb": {"eta": 0.2, "max_depth": 2, "min_child_weight": 1, "best_iteration": 18, "best_ntree_limit": 19, "smooth_f2": 0.5144144409556818, "f2_0.1": 0.7574216221215203, "f2_0.2": 0.7642577929237245, "greedy_threshold": 0.18, "greedy_f2": 0.7682794103096864}, "ensemble_val2_label6.xgb": {"eta": 0.2, "max_depth": 3, "min_child_weight": 1, "best_iteration": 17, "best_ntree_limit": 18, "smooth_f2": 0.09279091670442251, "f2_0.1": 0.40609137055837563, "f2_0.2": 0.21084337349397592, "greedy_threshold": 0.09, "greedy_f2": 0.42079207920792083}, "ensemble_val2_label7.xgb": {"eta": 0.2, "max_depth": 2, "min_child_weight": 1, "best_iteration": 24, "best_ntree_limit": 25, "smooth_f2": 0.23978390648361156, "f2_0.1": 0.5640589569160999, "f2_0.2": 0.5067567567567568, "greedy_threshold": 0.09, "greedy_f2": 0.5730897009966778}, "ensemble_val2_label8.xgb": {"eta": 0.2, "max_depth": 6, "min_child_weight": 2, "best_iteration": 32, "best_ntree_limit": 33, "smooth_f2": 0.9403962842147702, "f2_0.1": 0.9804681290732791, "f2_0.2": 0.9813977573741758, "greedy_threshold": 0.24, "greedy_f2": 0.981838480094097}, "ensemble_val2_label9.xgb": {"eta": 0.2, "max_depth": 4, "min_child_weight": 2, "best_iteration": 22, "best_ntree_limit": 23, "smooth_f2": 0.41160419698684036, "f2_0.1": 0.6344879196065855, "f2_0.2": 0.6494333375779957, "greedy_threshold": 0.18, "greedy_f2": 0.6565093521615262}, "ensemble_val2_label10.xgb": {"eta": 0.2, "max_depth": 2, "min_child_weight": 1, "best_iteration": 9, "best_ntree_limit": 10, "smooth_f2": 0.5090604562463162, "f2_0.1": 0.7794838984858179, "f2_0.2": 0.8108419838523646, "greedy_threshold": 0.21, "greedy_f2": 0.8134137851009515}, "ensemble_val2_label11.xgb": {"eta": 0.2, "max_depth": 3, "min_child_weight": 1, "best_iteration": 7, "best_ntree_limit": 8, "smooth_f2": 0.17701439191814325, "f2_0.1": 0.4203306366514246, "f2_0.2": 0.5498177399756986, "greedy_threshold": 0.18, "greedy_f2": 0.5761436016213087}, "ensemble_val2_label12.xgb": {"eta": 0.2, "max_depth": 6, "min_child_weight": 4, "best_iteration": 32, "best_ntree_limit": 33, "smooth_f2": 0.3979336478296767, "f2_0.1": 0.6447688564476886, "f2_0.2": 0.6153846153846154, "greedy_threshold": 0.08, "greedy_f2": 0.6658878504672897}, "ensemble_val3_label0.xgb": {"eta": 0.2, "max_depth": 8, "min_child_weight": 1, "best_iteration": 27, "best_ntree_limit": 28, "smooth_f2": 0.19806345748702212, "f2_0.1": 0.39130434782608703, "f2_0.2": 0.4368932038834951, "greedy_threshold": 0.35, "greedy_f2": 0.46874999999999994}, "ensemble_val3_label1.xgb": {"eta": 0.2, "max_depth": 3, "min_child_weight": 1, "best_iteration": 7, "best_ntree_limit": 8, "smooth_f2": 0.3805050552453595, "f2_0.1": 0.4776032577079698, "f2_0.2": 0.7109768378650554, "greedy_threshold": 0.21, "greedy_f2": 0.7150142798857608}, "ensemble_val3_label2.xgb": {"eta": 0.2, "max_depth": 4, "min_child_weight": 1, "best_iteration": 15, "best_ntree_limit": 16, "smooth_f2": 0.9260579889067273, "f2_0.1": 0.9814443527145498,