{"ensemble_val1_label0.xgb": {"eta": 0.1, "max_depth": 7, "min_child_weight": 2, "best_iteration": 15, "best_ntree_limit": 16, "smooth_f2": 0.023968750385337207, "f2_0.1": 0.29209621993127144, "f2_0.2": 0.6, "greedy_threshold": 0.22, "greedy_f2": 0.6122448979591836}, "ensemble_val1_label1.xgb": {"eta": 0.1, "max_depth": 4, "min_child_weight": 4, "best_iteration": 14, "best_ntree_limit": 15, "smooth_f2": 0.3931052391445866, "f2_0.1": 0.30732779342078154, "f2_0.2": 0.7163053722902922, "greedy_threshold": 0.21, "greedy_f2": 0.7239122063919907}, "ensemble_val1_label2.xgb": {"eta": 0.1, "max_depth": 9, "min_child_weight": 4, "best_iteration": 33, "best_ntree_limit": 34, "smooth_f2": 0.9331805516971319, "f2_0.1": 0.9820705724384418, "f2_0.2": 0.9823617812228111, "greedy_threshold": 0.21, "greedy_f2": 0.9824783451330932}, "ensemble_val1_label3.xgb": {"eta": 0.1, "max_depth": 4, "min_child_weight": 1, "best_iteration": 12, "best_ntree_limit": 13, "smooth_f2": 0.040931525201840624, "f2_0.1": 0.024988844265952694, "f2_0.2": 0.3136531365313653, "greedy_threshold": 0.15, "greedy_f2": 0.4049844236760125}, "ensemble_val1_label4.xgb": {"eta": 0.1, "max_depth": 6, "min_child_weight": 2, "best_iteration": 5, "best_ntree_limit": 6, "smooth_f2": 0.5365428104986366, "f2_0.1": 0.7242713240644988, "f2_0.2": 0.7242713240644988, "greedy_threshold": 0.36, "greedy_f2": 0.8334122101277802}, "ensemble_val1_label5.xgb": {"eta": 0.1, "max_depth": 2, "min_child_weight": 1, "best_iteration": 10, "best_ntree_limit": 11, "smooth_f2": 0.44723784046583964, "f2_0.1": 0.486964255934182, "f2_0.2": 0.7492354740061162, "greedy_threshold": 0.27, "greedy_f2": 0.774627013140994}, "ensemble_val1_label6.xgb": {"eta": 0.1, "max_depth": 3, "min_child_weight": 1, "best_iteration": 24, "best_ntree_limit": 25, "smooth_f2": 0.06104544406655175, "f2_0.1": 0.39748953974895407, "f2_0.2": 0.42134831460674155, "greedy_threshold": 0.09, "greedy_f2": 0.46}, "ensemble_val1_label7.xgb": {"eta": 0.1, "max_depth": 10, "min_child_weight": 1, "best_iteration": 62, "best_ntree_limit": 63, "smooth_f2": 0.25439347702162096, "f2_0.1": 0.5167873601053324, "f2_0.2": 0.45317220543806647, "greedy_threshold": 0.09, "greedy_f2": 0.5253042921204357}, "ensemble_val1_label8.xgb": {"eta": 0.1, "max_depth": 6, "min_child_weight": 1, "best_iteration": 35, "best_ntree_limit": 36, "smooth_f2": 0.9324933824135438, "f2_0.1": 0.9803414381789964, "f2_0.2": 0.9810997248694127, "greedy_threshold": 0.2, "greedy_f2": 0.9810997248694127}, "ensemble_val1_label9.xgb": {"eta": 0.1, "max_depth": 5, "min_child_weight": 5, "best_iteration": 15, "best_ntree_limit": 16, "smooth_f2": 0.3565345713488649, "f2_0.1": 0.4219701996742475, "f2_0.2": 0.6489743886893035, "greedy_threshold": 0.21, "greedy_f2": 0.6539199232797891}, "ensemble_val1_label10.xgb": {"eta": 0.1, "max_depth": 6, "min_child_weight": 4, "best_iteration": 43, "best_ntree_limit": 44, "smooth_f2": 0.5643849721502421, "f2_0.1": 0.7932242990654206, "f2_0.2": 0.7992565055762082, "greedy_threshold": 0.17, "greedy_f2": 0.8040078201368522}, "ensemble_val1_label11.xgb": {"eta": 0.1, "max_depth": 4, "min_child_weight": 2, "best_iteration": 13, "best_ntree_limit": 14, "smooth_f2": 0.1651371563903928, "f2_0.1": 0.10738366769333223, "f2_0.2": 0.5972797161442932, "greedy_threshold": 0.21, "greedy_f2": 0.6048632218844985}, "ensemble_val1_label12.xgb": {"eta": 0.1, "max_depth": 7, "min_child_weight": 4, "best_iteration": 13, "best_ntree_limit": 14, "smooth_f2": 0.06553062517781068, "f2_0.1": 0.02934637616718542, "f2_0.2": 0.5491329479768787, "greedy_threshold": 0.18, "greedy_f2": 0.580110497237569}, "ensemble_val2_label0.xgb": {"eta": 0.1, "max_depth": 2, "min_child_weight": 1, "best_iteration": 36, "best_ntree_limit": 37, "smooth_f2": 0.0922095536394004, "f2_0.1": 0.5263157894736842, "f2_0.2": 0.42635658914728675, "greedy_threshold": 0.09, "greedy_f2": 0.5806451612903225}, "ensemble_val2_label1.xgb": {"eta": 0.1, "max_depth": 10, "min_child_weight": 4, "best_iteration": 50, "best_ntree_limit": 51, "smooth_f2": 0.5097773900134048, "f2_0.1": 0.6932733745549935, "f2_0.2": 0.6850031374189501, "greedy_threshold": 0.14, "greedy_f2": 0.7105994442238985}, "ensemble_val2_label2.xgb": {"eta": 0.1, "max_depth": 4, "min_child_weight": 2, "best_iteration": 7, "best_ntree_limit": 8, "smooth_f2": 0.7791760009115433, "f2_0.1": 0.9800180938520239, "f2_0.2": 0.9800180938520239, "greedy_threshold": 0.3, "greedy_f2": 0.982659530345822}, "ensemble_val2_label3.xgb": {"eta": 0.1, "max_depth": 5, "min_child_weight": 4, "best_iteration": 16, "best_ntree_limit": 17, "smooth_f2": 0.05886869390565032, "f2_0.1": 0.373961218836565, "f2_0.2": 0.3614457831325301, "greedy_threshold": 0.12, "greedy_f2": 0.4318936877076412}, "ensemble_val2_label4.xgb": {"eta": 0.1, "max_depth": 6, "min_child_weight": 5, "best_iteration": 14, "best_ntree_limit": 15, "smooth_f2": 0.5892448797044603, "f2_0.1": 0.7215720994687813, "f2_0.2": 0.8319712324288983, "greedy_threshold": 0.21, "greedy_f2": 0.8356847253574116}, "ensemble_val2_label5.xgb": {"eta": 0.1, "max_depth": 9, "min_child_weight": 4, "best_iteration": 32, "best_ntree_limit": 33, "smooth_f2": 0.5105168864206849, "f2_0.1": 0.7564881281060188, "f2_0.2": 0.7536764705882352, "greedy_threshold": 0.12, "greedy_f2": 0.7657785336356765}, "ensemble_val2_label6.xgb": {"eta": 0.1, "max_depth": 2, "min_child_weight": 1, "best_iteration": 29, "best_ntree_limit": 30, "smooth_f2": 0.06562950685202795, "f2_0.1": 0.4009433962264151, "f2_0.2": 0.3160919540229885, "greedy_threshold": 0.09, "greedy_f2": 0.427927927927928}, "ensemble_val2_label7.xgb": {"eta": 0.1, "max_depth": 2, "min_child_weight": 1, "best_iteration": 16, "best_ntree_limit": 17, "smooth_f2": 0.1682934815939312, "f2_0.1": 0.4408105225737647, "f2_0.2": 0.5326569435637286, "greedy_threshold": 0.18, "greedy_f2": 0.5684523809523808}, "ensemble_val2_label8.xgb": {"eta": 0.1, "max_depth": 5, "min_child_weight": 2, "best_iteration": 34, "best_ntree_limit": 35, "smooth_f2": 0.9325238787176794, "f2_0.1": 0.980392156862745, "f2_0.2": 0.9812050305941443, "greedy_threshold": 0.18, "greedy_f2": 0.9814331533756999}, "ensemble_val2_label9.xgb": {"eta": 0.1, "max_depth": 2, "min_child_weight": 1, "best_iteration": 18, "best_ntree_limit": 19, "smooth_f2": 0.372382754571753, "f2_0.1": 0.5794425393475776, "f2_0.2": 0.6539344856762964, "greedy_threshold": 0.21, "greedy_f2": 0.6580081250769421}, "ensemble_val2_label10.xgb": {"eta": 0.1, "max_depth": 5, "min_child_weight": 5, "best_iteration": 10, "best_ntree_limit": 11, "smooth_f2": 0.40247339024980633, "f2_0.1": 0.27350974534073125, "f2_0.2": 0.7818220977816066, "greedy_threshold": 0.3, "greedy_f2": 0.8079122974261201}, "ensemble_val2_label11.xgb": {"eta": 0.1, "max_depth": 2, "min_child_weight": 1, "best_iteration": 12, "best_ntree_limit": 13, "smooth_f2": 0.14995407204244285, "f2_0.1": 0.10508757297748124, "f2_0.2": 0.5531215772179627, "greedy_threshold": 0.21, "greedy_f2": 0.5661467359907567}, "ensemble_val2_label12.xgb": {"eta": 0.1, "max_depth": 2, "min_child_weight": 1, "best_iteration": 30, "best_ntree_limit": 31, "smooth_f2": 0.2404453523338357, "f2_0.1": 0.6537530266343825, "f2_0.2": 0.5813953488372093, "greedy_threshold": 0.09, "greedy_f2": 0.676959619952494}, "ensemble_val3_label0.xgb": {"eta": 0.1, "max_depth": 5, "min_child_weight": 2, "best_iteration": 29, "best_ntree_limit": 30, "smooth_f2": 0.059760886639462094, "f2_0.1": 0.2631578947368421, "f2_0.2": 0.3629032258064516, "greedy_threshold": 0.31, "greedy_f2": 0.44117647058823534}, "ensemble_val3_label1.xgb": {"eta": 0.1, "max_depth": 3, "min_child_weight": 1, "best_iteration": 23, "best_ntree_limit": 24, "smooth_f2": 0.4057402111483181, "f2_0.1": 0.6598240469208211, "f2_0.2": 0.6954925555782174, "greedy_threshold": 0.22, "greedy_f2": 0.7023585890210812}, "ensemble_val3_label2.xgb": {"eta": 0.1, "max_depth": 5, "min_child_weight": 3, "best_iteration": 34, "best_ntree_limit": 35, "smooth_f2": 0.9244176789907029, "f2_0.1": 0.981305655481512,