{"ensemble_val1_label0.xgb": {"eta": 0.15, "max_depth": 4, "min_child_weight": 1, "best_iteration": 17, "best_ntree_limit": 18, "smooth_f2": 0.05613066081527976, "f2_0.1": 0.5737704918032787, "f2_0.2": 0.505050505050505, "greedy_threshold": 0.12, "greedy_f2": 0.6140350877192983}, "ensemble_val1_label1.xgb": {"eta": 0.15, "max_depth": 4, "min_child_weight": 1, "best_iteration": 17, "best_ntree_limit": 18, "smooth_f2": 0.4510324616591714, "f2_0.1": 0.6879692683778592, "f2_0.2": 0.7223993622957353, "greedy_threshold": 0.21, "greedy_f2": 0.724754065448705}, "ensemble_val1_label2.xgb": {"eta": 0.15, "max_depth": 6, "min_child_weight": 4, "best_iteration": 29, "best_ntree_limit": 30, "smooth_f2": 0.9390725638309312, "f2_0.1": 0.9816283842450074, "f2_0.2": 0.9822151961268649, "greedy_threshold": 0.24, "greedy_f2": 0.982502965599051}, "ensemble_val1_label3.xgb": {"eta": 0.15, "max_depth": 6, "min_child_weight": 5, "best_iteration": 20, "best_ntree_limit": 21, "smooth_f2": 0.12326641374688438, "f2_0.1": 0.36764705882352944, "f2_0.2": 0.3065134099616858, "greedy_threshold": 0.06, "greedy_f2": 0.44303797468354433}, "ensemble_val1_label4.xgb": {"eta": 0.15, "max_depth": 8, "min_child_weight": 2, "best_iteration": 17, "best_ntree_limit": 18, "smooth_f2": 0.6020142022061251, "f2_0.1": 0.8232805185451928, "f2_0.2": 0.8310400455494401, "greedy_threshold": 0.19, "greedy_f2": 0.8324270651094613}, "ensemble_val1_label5.xgb": {"eta": 0.15, "max_depth": 2, "min_child_weight": 1, "best_iteration": 13, "best_ntree_limit": 14, "smooth_f2": 0.4815415255544374, "f2_0.1": 0.7447186224036926, "f2_0.2": 0.7727544313881697, "greedy_threshold": 0.18, "greedy_f2": 0.7755743176909483}, "ensemble_val1_label6.xgb": {"eta": 0.15, "max_depth": 6, "min_child_weight": 5, "best_iteration": 40, "best_ntree_limit": 41, "smooth_f2": 0.13269530631814322, "f2_0.1": 0.2926208651399491, "f2_0.2": 0.4910714285714286, "greedy_threshold": 0.22, "greedy_f2": 0.5164319248826291}, "ensemble_val1_label7.xgb": {"eta": 0.15, "max_depth": 9, "min_child_weight": 3, "best_iteration": 5, "best_ntree_limit": 6, "smooth_f2": 0.14588028622179583, "f2_0.1": 0.10738366769333223, "f2_0.2": 0.292759961127308, "greedy_threshold": 0.28, "greedy_f2": 0.5305755395683454}, "ensemble_val1_label8.xgb": {"eta": 0.15, "max_depth": 5, "min_child_weight": 5, "best_iteration": 37, "best_ntree_limit": 38, "smooth_f2": 0.9381821716935539, "f2_0.1": 0.9802693080334945, "f2_0.2": 0.9805328073006955, "greedy_threshold": 0.34, "greedy_f2": 0.981391537246907}, "ensemble_val1_label9.xgb": {"eta": 0.15, "max_depth": 4, "min_child_weight": 5, "best_iteration": 16, "best_ntree_limit": 17, "smooth_f2": 0.3809043707534994, "f2_0.1": 0.6264489466787623, "f2_0.2": 0.6442524417731029, "greedy_threshold": 0.15, "greedy_f2": 0.6573935126399632}, "ensemble_val1_label10.xgb": {"eta": 0.15, "max_depth": 3, "min_child_weight": 2, "best_iteration": 19, "best_ntree_limit": 20, "smooth_f2": 0.5556402074305362, "f2_0.1": 0.7849239280774551, "f2_0.2": 0.7954545454545455, "greedy_threshold": 0.15, "greedy_f2": 0.8059845559845559}, "ensemble_val1_label11.xgb": {"eta": 0.15, "max_depth": 3, "min_child_weight": 2, "best_iteration": 15, "best_ntree_limit": 16, "smooth_f2": 0.22164976081570978, "f2_0.1": 0.5682976554536187, "f2_0.2": 0.5740987983978638, "greedy_threshold": 0.17, "greedy_f2": 0.598613736609956}, "ensemble_val1_label12.xgb": {"eta": 0.15, "max_depth": 3, "min_child_weight": 4, "best_iteration": 15, "best_ntree_limit": 16, "smooth_f2": 0.15369035534551703, "f2_0.1": 0.397456279809221, "f2_0.2": 0.4895104895104895, "greedy_threshold": 0.3, "greedy_f2": 0.5823863636363636}, "ensemble_val2_label0.xgb": {"eta": 0.15, "max_depth": 2, "min_child_weight": 2, "best_iteration": 26, "best_ntree_limit": 27, "smooth_f2": 0.1532311732133848, "f2_0.1": 0.5792682926829268, "f2_0.2": 0.5594405594405595, "greedy_threshold": 0.15, "greedy_f2": 0.6250000000000001}, "ensemble_val2_label1.xgb": {"eta": 0.15, "max_depth": 2, "min_child_weight": 1, "best_iteration": 22, "best_ntree_limit": 23, "smooth_f2": 0.46175090534840535, "f2_0.1": 0.6826666666666666, "f2_0.2": 0.7049847405900305, "greedy_threshold": 0.15, "greedy_f2": 0.7115160915083365}, "ensemble_val2_label2.xgb": {"eta": 0.15, "max_depth": 6, "min_child_weight": 5, "best_iteration": 29, "best_ntree_limit": 30, "smooth_f2": 0.9315361194410261, "f2_0.1": 0.9818224833405624, "f2_0.2": 0.9828434763702489, "greedy_threshold": 0.21, "greedy_f2": 0.9829972321075525}, "ensemble_val2_label3.xgb": {"eta": 0.15, "max_depth": 3, "min_child_weight": 5, "best_iteration": 20, "best_ntree_limit": 21, "smooth_f2": 0.11543749303354384, "f2_0.1": 0.4104477611940298, "f2_0.2": 0.3571428571428571, "greedy_threshold": 0.09, "greedy_f2": 0.43165467625899284}, "ensemble_val2_label4.xgb": {"eta": 0.15, "max_depth": 2, "min_child_weight": 3, "best_iteration": 44, "best_ntree_limit": 45, "smooth_f2": 0.6193480842815031, "f2_0.1": 0.8324092043249237, "f2_0.2": 0.829310677737015, "greedy_threshold": 0.12, "greedy_f2": 0.8366049728921295}, "ensemble_val2_label5.xgb": {"eta": 0.15, "max_depth": 3, "min_child_weight": 1, "best_iteration": 16, "best_ntree_limit": 17, "smooth_f2": 0.4990405738999247, "f2_0.1": 0.7436848613319201, "f2_0.2": 0.7663477660518789, "greedy_threshold": 0.22, "greedy_f2": 0.7702675718849841}, "ensemble_val2_label6.xgb": {"eta": 0.15, "max_depth": 4, "min_child_weight": 4, "best_iteration": 9, "best_ntree_limit": 10, "smooth_f2": 0.031527437765492994, "f2_0.1": 0.016621743036837378, "f2_0.2": 0.3055555555555555, "greedy_threshold": 0.15, "greedy_f2": 0.43478260869565216}, "ensemble_val2_label7.xgb": {"eta": 0.15, "max_depth": 3, "min_child_weight": 4, "best_iteration": 16, "best_ntree_limit": 17, "smooth_f2": 0.20274571070314423, "f2_0.1": 0.5391173520561685, "f2_0.2": 0.5215711526078558, "greedy_threshold": 0.14, "greedy_f2": 0.5762614678899083}, "ensemble_val2_label8.xgb": {"eta": 0.15, "max_depth": 2, "min_child_weight": 1, "best_iteration": 37, "best_ntree_limit": 38, "smooth_f2": 0.9242063978992296, "f2_0.1": 0.980384371029225, "f2_0.2": 0.9812098170743843, "greedy_threshold": 0.27, "greedy_f2": 0.9819399593350077}, "ensemble_val2_label9.xgb": {"eta": 0.15, "max_depth": 4, "min_child_weight": 5, "best_iteration": 9, "best_ntree_limit": 10, "smooth_f2": 0.3588996434469598, "f2_0.1": 0.41631240131179403, "f2_0.2": 0.6532897806812878, "greedy_threshold": 0.21, "greedy_f2": 0.6571702178597079}, "ensemble_val2_label10.xgb": {"eta": 0.15, "max_depth": 4, "min_child_weight": 3, "best_iteration": 6, "best_ntree_limit": 7, "smooth_f2": 0.4062902084599655, "f2_0.1": 0.27350974534073125, "f2_0.2": 0.7833010544437271, "greedy_threshold": 0.27, "greedy_f2": 0.8131766873992167}, "ensemble_val2_label11.xgb": {"eta": 0.15, "max_depth": 4, "min_child_weight": 1, "best_iteration": 8, "best_ntree_limit": 9, "smooth_f2": 0.16134331151798453, "f2_0.1": 0.10508757297748124, "f2_0.2": 0.5578034682080926, "greedy_threshold": 0.21, "greedy_f2": 0.5677764565992865}, "ensemble_val2_label12.xgb": {"eta": 0.15, "max_depth": 7, "min_child_weight": 4, "best_iteration": 14, "best_ntree_limit": 15, "smooth_f2": 0.1551983468837378, "f2_0.1": 0.6114398422090731, "f2_0.2": 0.6004901960784313, "greedy_threshold": 0.12, "greedy_f2": 0.6709956709956709}, "ensemble_val3_label0.xgb": {"eta": 0.15, "max_depth": 5, "min_child_weight": 3, "best_iteration": 17, "best_ntree_limit": 18, "smooth_f2": 0.04969577671251707, "f2_0.1": 0.34883720930232553, "f2_0.2": 0.44117647058823534, "greedy_threshold": 0.21, "greedy_f2": 0.44999999999999996}, "ensemble_val3_label1.xgb": {"eta": 0.15, "max_depth": 6, "min_child_weight": 4, "best_iteration": 15, "best_ntree_limit": 16, "smooth_f2": 0.4328678099174346, "f2_0.1": 0.665729843667662, "f2_0.2": 0.7060755336617406, "greedy_threshold": 0.18, "greedy_f2": 0.7107006625175668}, "ensemble_val3_label2.xgb": {"eta": 0.15, "max_depth": 6, "min_child_weight": 4, "best_iteration": 11, "best_ntree_limit": 12,