{"ensemble_val1_label0.xgb": {"eta": 0.15, "max_depth": 4, "min_child_weight": 5, "best_iteration": 16, "best_ntree_limit": 17, "smooth_f2": 0.050614069741344234, "f2_0.1": 0.5241935483870968, "f2_0.2": 0.5263157894736842, "greedy_threshold": 0.19, "greedy_f2": 0.6185567010309277}, "ensemble_val1_label1.xgb": {"eta": 0.15, "max_depth": 4, "min_child_weight": 1, "best_iteration": 15, "best_ntree_limit": 16, "smooth_f2": 0.4331439299944321, "f2_0.1": 0.6832191780821917, "f2_0.2": 0.7217408428515163, "greedy_threshold": 0.23, "greedy_f2": 0.7259858442871587}, "ensemble_val1_label2.xgb": {"eta": 0.15, "max_depth": 6, "min_child_weight": 3, "best_iteration": 58, "best_ntree_limit": 59, "smooth_f2": 0.9445247965423456, "f2_0.1": 0.9818802676509484, "f2_0.2": 0.9820175871949413, "greedy_threshold": 0.24, "greedy_f2": 0.9824429593894578}, "ensemble_val1_label3.xgb": {"eta": 0.15, "max_depth": 8, "min_child_weight": 4, "best_iteration": 26, "best_ntree_limit": 27, "smooth_f2": 0.12803911187965863, "f2_0.1": 0.3429602888086643, "f2_0.2": 0.2755905511811024, "greedy_threshold": 0.06, "greedy_f2": 0.42483660130718964}, "ensemble_val1_label4.xgb": {"eta": 0.15, "max_depth": 6, "min_child_weight": 5, "best_iteration": 3, "best_ntree_limit": 4, "smooth_f2": 0.538173336290984, "f2_0.1": 0.7242713240644988, "f2_0.2": 0.7242713240644988, "greedy_threshold": 0.35, "greedy_f2": 0.8325451622056181}, "ensemble_val1_label5.xgb": {"eta": 0.15, "max_depth": 5, "min_child_weight": 5, "best_iteration": 10, "best_ntree_limit": 11, "smooth_f2": 0.47591195054434626, "f2_0.1": 0.6550102404612, "f2_0.2": 0.7714758244965462, "greedy_threshold": 0.21, "greedy_f2": 0.7753195673549658}, "ensemble_val1_label6.xgb": {"eta": 0.15, "max_depth": 5, "min_child_weight": 5, "best_iteration": 8, "best_ntree_limit": 9, "smooth_f2": 0.032754000964151875, "f2_0.1": 0.015291895295493388, "f2_0.2": 0.47826086956521746, "greedy_threshold": 0.21, "greedy_f2": 0.4932735426008969}, "ensemble_val1_label7.xgb": {"eta": 0.15, "max_depth": 9, "min_child_weight": 4, "best_iteration": 19, "best_ntree_limit": 20, "smooth_f2": 0.23053560486005417, "f2_0.1": 0.510148107515085, "f2_0.2": 0.48431105047748974, "greedy_threshold": 0.12, "greedy_f2": 0.5327868852459016}, "ensemble_val1_label8.xgb": {"eta": 0.15, "max_depth": 10, "min_child_weight": 4, "best_iteration": 34, "best_ntree_limit": 35, "smooth_f2": 0.9423519392615242, "f2_0.1": 0.9799629902302167, "f2_0.2": 0.9808555189949149, "greedy_threshold": 0.24, "greedy_f2": 0.9810183429472464}, "ensemble_val1_label9.xgb": {"eta": 0.15, "max_depth": 4, "min_child_weight": 2, "best_iteration": 17, "best_ntree_limit": 18, "smooth_f2": 0.3722774487312844, "f2_0.1": 0.6282012654413981, "f2_0.2": 0.6382036685641999, "greedy_threshold": 0.15, "greedy_f2": 0.6566125290023201}, "ensemble_val1_label10.xgb": {"eta": 0.15, "max_depth": 4, "min_child_weight": 1, "best_iteration": 11, "best_ntree_limit": 12, "smooth_f2": 0.48935238693901095, "f2_0.1": 0.7300930713547054, "f2_0.2": 0.8013435700575815, "greedy_threshold": 0.21, "greedy_f2": 0.8046253914719345}, "ensemble_val1_label11.xgb": {"eta": 0.15, "max_depth": 3, "min_child_weight": 5, "best_iteration": 12, "best_ntree_limit": 13, "smooth_f2": 0.19402583470687695, "f2_0.1": 0.5456674473067915, "f2_0.2": 0.5606860158311344, "greedy_threshold": 0.18, "greedy_f2": 0.5982641041537508}, "ensemble_val1_label12.xgb": {"eta": 0.15, "max_depth": 10, "min_child_weight": 3, "best_iteration": 8, "best_ntree_limit": 9, "smooth_f2": 0.06505892796605336, "f2_0.1": 0.02934637616718542, "f2_0.2": 0.5401662049861496, "greedy_threshold": 0.2, "greedy_f2": 0.5401662049861496}, "ensemble_val2_label0.xgb": {"eta": 0.15, "max_depth": 5, "min_child_weight": 3, "best_iteration": 41, "best_ntree_limit": 42, "smooth_f2": 0.1739914350380363, "f2_0.1": 0.4761904761904762, "f2_0.2": 0.3435114503816794, "greedy_threshold": 0.06, "greedy_f2": 0.5937500000000001}, "ensemble_val2_label1.xgb": {"eta": 0.15, "max_depth": 5, "min_child_weight": 5, "best_iteration": 28, "best_ntree_limit": 29, "smooth_f2": 0.4848331377468771, "f2_0.1": 0.7000937207122775, "f2_0.2": 0.6891093288307303, "greedy_threshold": 0.14, "greedy_f2": 0.7132894999003786}, "ensemble_val2_label2.xgb": {"eta": 0.15, "max_depth": 8, "min_child_weight": 5, "best_iteration": 19, "best_ntree_limit": 20, "smooth_f2": 0.9259916742890586, "f2_0.1": 0.9818874178718703, "f2_0.2": 0.9825932153100584, "greedy_threshold": 0.18, "greedy_f2": 0.9830166669961843}, "ensemble_val2_label3.xgb": {"eta": 0.15, "max_depth": 3, "min_child_weight": 5, "best_iteration": 9, "best_ntree_limit": 10, "smooth_f2": 0.04943156938475092, "f2_0.1": 0.0219180533190195, "f2_0.2": 0.3682170542635658, "greedy_threshold": 0.12, "greedy_f2": 0.4223433242506812}, "ensemble_val2_label4.xgb": {"eta": 0.15, "max_depth": 4, "min_child_weight": 2, "best_iteration": 13, "best_ntree_limit": 14, "smooth_f2": 0.6074498671729961, "f2_0.1": 0.8080274623712701, "f2_0.2": 0.8327757598929458, "greedy_threshold": 0.18, "greedy_f2": 0.8363275340393345}, "ensemble_val2_label5.xgb": {"eta": 0.15, "max_depth": 7, "min_child_weight": 4, "best_iteration": 48, "best_ntree_limit": 49, "smooth_f2": 0.5339861925197157, "f2_0.1": 0.7597469061133341, "f2_0.2": 0.7544782916708835, "greedy_threshold": 0.15, "greedy_f2": 0.7669099756690997}, "ensemble_val2_label6.xgb": {"eta": 0.15, "max_depth": 2, "min_child_weight": 2, "best_iteration": 21, "best_ntree_limit": 22, "smooth_f2": 0.07613492712038263, "f2_0.1": 0.40201005025125625, "f2_0.2": 0.2941176470588235, "greedy_threshold": 0.09, "greedy_f2": 0.412621359223301}, "ensemble_val2_label7.xgb": {"eta": 0.15, "max_depth": 2, "min_child_weight": 1, "best_iteration": 16, "best_ntree_limit": 17, "smooth_f2": 0.20282935881918096, "f2_0.1": 0.5534759358288769, "f2_0.2": 0.5157687253613665, "greedy_threshold": 0.12, "greedy_f2": 0.5675368898978433}, "ensemble_val2_label8.xgb": {"eta": 0.15, "max_depth": 6, "min_child_weight": 3, "best_iteration": 12, "best_ntree_limit": 13, "smooth_f2": 0.8930046546071377, "f2_0.1": 0.9785235963070096, "f2_0.2": 0.9810573651431641, "greedy_threshold": 0.27, "greedy_f2": 0.9817815782654628}, "ensemble_val2_label9.xgb": {"eta": 0.15, "max_depth": 7, "min_child_weight": 5, "best_iteration": 17, "best_ntree_limit": 18, "smooth_f2": 0.3973040449333842, "f2_0.1": 0.623048252241362, "f2_0.2": 0.6407468985803811, "greedy_threshold": 0.15, "greedy_f2": 0.6584290520942104}, "ensemble_val2_label10.xgb": {"eta": 0.15, "max_depth": 7, "min_child_weight": 1, "best_iteration": 24, "best_ntree_limit": 25, "smooth_f2": 0.6048716949208037, "f2_0.1": 0.7970687711386697, "f2_0.2": 0.8042290330244714, "greedy_threshold": 0.18, "greedy_f2": 0.8113518605746586}, "ensemble_val2_label11.xgb": {"eta": 0.15, "max_depth": 2, "min_child_weight": 1, "best_iteration": 14, "best_ntree_limit": 15, "smooth_f2": 0.19628203231787986, "f2_0.1": 0.5246913580246912, "f2_0.2": 0.5436957971981321, "greedy_threshold": 0.15, "greedy_f2": 0.5752212389380532}, "ensemble_val2_label12.xgb": {"eta": 0.15, "max_depth": 6, "min_child_weight": 5, "best_iteration": 11, "best_ntree_limit": 12, "smooth_f2": 0.13229772086868746, "f2_0.1": 0.4809160305343512, "f2_0.2": 0.6880733944954128, "greedy_threshold": 0.19, "greedy_f2": 0.6900452488687783}, "ensemble_val3_label0.xgb": {"eta": 0.15, "max_depth": 2, "min_child_weight": 1, "best_iteration": 24, "best_ntree_limit": 25, "smooth_f2": 0.0726783286007875, "f2_0.1": 0.33088235294117646, "f2_0.2": 0.42452830188679247, "greedy_threshold": 0.24, "greedy_f2": 0.44117647058823534}, "ensemble_val3_label1.xgb": {"eta": 0.15, "max_depth": 8, "min_child_weight": 5, "best_iteration": 20, "best_ntree_limit": 21, "smooth_f2": 0.4399579393698606, "f2_0.1": 0.6760180995475112, "f2_0.2": 0.6834681601327526, "greedy_threshold": 0.15, "greedy_f2": 0.7047506870828425}, "ensemble_val3_label2.xgb": {"eta": 0.15, "max_depth": 5, "min_child_weight": 3, "best_iteration": 25, "best_ntree_limit": 26,