{"ensemble_val1_label0.xgb": {"eta": 0.15, "max_depth": 4, "min_child_weight": 5, "best_iteration": 16, "best_ntree_limit": 17, "smooth_f2": 0.050614069741344234, "f2_0.1": 0.5241935483870968, "f2_0.2": 0.5263157894736842, "greedy_threshold": 0.19, "greedy_f2": 0.6185567010309277}, "ensemble_val1_label1.xgb": {"eta": 0.15, "max_depth": 4, "min_child_weight": 1, "best_iteration": 15, "best_ntree_limit": 16, "smooth_f2": 0.4331439299944321, "f2_0.1": 0.6832191780821917, "f2_0.2": 0.7217408428515163, "greedy_threshold": 0.23, "greedy_f2": 0.7259858442871587}, "ensemble_val1_label2.xgb": {"eta": 0.15, "max_depth": 6, "min_child_weight": 3, "best_iteration": 58, "best_ntree_limit": 59, "smooth_f2": 0.9445247965423456, "f2_0.1": 0.9818802676509484, "f2_0.2": 0.9820175871949413, "greedy_threshold": 0.24, "greedy_f2": 0.9824429593894578}, "ensemble_val1_label3.xgb": {"eta": 0.15, "max_depth": 8, "min_child_weight": 4, "best_iteration": 26, "best_ntree_limit": 27, "smooth_f2": 0.12803911187965863, "f2_0.1": 0.3429602888086643, "f2_0.2": 0.2755905511811024, "greedy_threshold": 0.06, "greedy_f2": 0.42483660130718964}, "ensemble_val1_label4.xgb": {"eta": 0.15, "max_depth": 6, "min_child_weight": 5, "best_iteration": 3, "best_ntree_limit": 4, "smooth_f2": 0.538173336290984, "f2_0.1": 0.7242713240644988, "f2_0.2": 0.7242713240644988, "greedy_threshold": 0.35, "greedy_f2": 0.8325451622056181}, "ensemble_val1_label5.xgb": {"eta": 0.15, "max_depth": 5, "min_child_weight": 5, "best_iteration": 10, "best_ntree_limit": 11, "smooth_f2": 0.47591195054434626, "f2_0.1": 0.6550102404612, "f2_0.2": 0.7714758244965462, "greedy_threshold": 0.21, "greedy_f2": 0.7753195673549658}, "ensemble_val1_label6.xgb": {"eta": 0.15, "max_depth": 5, "min_child_weight": 5, "best_iteration": 8, "best_ntree_limit": 9, "smooth_f2": 0.032754000964151875, "f2_0.1": 0.015291895295493388, "f2_0.2": 0.47826086956521746, "greedy_threshold": 0.21, "greedy_f2": 0.4932735426008969}, "ensemble_val1_label7.xgb": {"eta": 0.15, "max_depth": 9, "min_child_weight": 4, "best_iteration": 19, "best_ntree_limit": 20, "smooth_f2": 0.23053560486005417, "f2_0.1": 0.510148107515085, "f2_0.2": 0.48431105047748974, "greedy_threshold": 0.12, "greedy_f2": 0.5327868852459016}, "ensemble_val1_label8.xgb": {"eta": 0.15, "max_depth": 10, "min_child_weight": 4, "best_iteration": 34, "best_ntree_limit": 35, "smooth_f2": 0.9423519392615242, "f2_0.1": 0.9799629902302167, "f2_0.2": 0.9808555189949149, "greedy_threshold": 0.24, "greedy_f2": 0.9810183429472464}}