{"ensemble_val1_label0.xgb": {"eta": 0.1, "max_depth": 4, "min_child_weight": 2, "best_iteration": 5, "best_ntree_limit": 6, "smooth_f2": 0.012095795697014853, "f2_0.1": 0.008591842271863976, "f2_0.2": 0.008591842271863976, "greedy_threshold": 0.36, "greedy_f2": 0.6190476190476191}, "ensemble_val1_label1.xgb": {"eta": 0.1, "max_depth": 4, "min_child_weight": 3, "best_iteration": 31, "best_ntree_limit": 32, "smooth_f2": 0.464142263741985, "f2_0.1": 0.701377706208624, "f2_0.2": 0.7172995780590716, "greedy_threshold": 0.18, "greedy_f2": 0.7250247279920871}, "ensemble_val1_label2.xgb": {"eta": 0.1, "max_depth": 9, "min_child_weight": 4, "best_iteration": 31, "best_ntree_limit": 32, "smooth_f2": 0.928007133917838, "f2_0.1": 0.981781576298285, "f2_0.2": 0.9822716761863353, "greedy_threshold": 0.21, "greedy_f2": 0.9824075904328919}, "ensemble_val1_label3.xgb": {"eta": 0.1, "max_depth": 8, "min_child_weight": 2, "best_iteration": 20, "best_ntree_limit": 21, "smooth_f2": 0.0724455314826178, "f2_0.1": 0.35526315789473684, "f2_0.2": 0.35447761194029853, "greedy_threshold": 0.12, "greedy_f2": 0.4285714285714286}, "ensemble_val1_label4.xgb": {"eta": 0.1, "max_depth": 5, "min_child_weight": 5, "best_iteration": 35, "best_ntree_limit": 36, "smooth_f2": 0.6122011709934604, "f2_0.1": 0.8259353202282815, "f2_0.2": 0.8308329761394485, "greedy_threshold": 0.21, "greedy_f2": 0.8326163846668577}, "ensemble_val1_label5.xgb": {"eta": 0.1, "max_depth": 2, "min_child_weight": 1, "best_iteration": 30, "best_ntree_limit": 31, "smooth_f2": 0.5026657808581872, "f2_0.1": 0.7593651965307252, "f2_0.2": 0.7668587604893338, "greedy_threshold": 0.15, "greedy_f2": 0.7784927366676417}, "ensemble_val1_label6.xgb": {"eta": 0.1, "max_depth": 2, "min_child_weight": 3, "best_iteration": 19, "best_ntree_limit": 20, "smooth_f2": 0.04702742270966311, "f2_0.1": 0.13020833333333334, "f2_0.2": 0.472636815920398, "greedy_threshold": 0.21, "greedy_f2": 0.48717948717948717}, "ensemble_val1_label7.xgb": {"eta": 0.1, "max_depth": 6, "min_child_weight": 5, "best_iteration": 16, "best_ntree_limit": 17, "smooth_f2": 0.17831822886661608, "f2_0.1": 0.3048780487804878, "f2_0.2": 0.528580208973571, "greedy_threshold": 0.2, "greedy_f2": 0.528580208973571}, "ensemble_val1_label8.xgb": {"eta": 0.1, "max_depth": 7, "min_child_weight": 3, "best_iteration": 39, "best_ntree_limit": 40, "smooth_f2": 0.9306545926262126, "f2_0.1": 0.9800938631030506, "f2_0.2": 0.9803023362345397, "greedy_threshold": 0.38, "greedy_f2": 0.9812934687025342}, "ensemble_val1_label9.xgb": {"eta": 0.1, "max_depth": 4, "min_child_weight": 3, "best_iteration": 13, "best_ntree_limit": 14, "smooth_f2": 0.36664062574343653, "f2_0.1": 0.4219701996742475, "f2_0.2": 0.6533024077755687, "greedy_threshold": 0.21, "greedy_f2": 0.658239380480583}, "ensemble_val1_label10.xgb": {"eta": 0.1, "max_depth": 3, "min_child_weight": 1, "best_iteration": 19, "best_ntree_limit": 20, "smooth_f2": 0.5090529789402161, "f2_0.1": 0.7621751474120988, "f2_0.2": 0.7926088013615366, "greedy_threshold": 0.18, "greedy_f2": 0.8039779535106638}, "ensemble_val1_label11.xgb": {"eta": 0.1, "max_depth": 3, "min_child_weight": 3, "best_iteration": 25, "best_ntree_limit": 26, "smooth_f2": 0.22501576841208912, "f2_0.1": 0.5679513184584178, "f2_0.2": 0.5707610146862483, "greedy_threshold": 0.15, "greedy_f2": 0.5970149253731343}, "ensemble_val1_label12.xgb": {"eta": 0.1, "max_depth": 3, "min_child_weight": 1, "best_iteration": 11, "best_ntree_limit": 12, "smooth_f2": 0.0687745398776539, "f2_0.1": 0.02934637616718542, "f2_0.2": 0.3421052631578947, "greedy_threshold": 0.35, "greedy_f2": 0.5714285714285715}, "ensemble_val2_label0.xgb": {"eta": 0.1, "max_depth": 2, "min_child_weight": 4, "best_iteration": 5, "best_ntree_limit": 6, "smooth_f2": 0.016183939363842652, "f2_0.1": 0.012173128944995492, "f2_0.2": 0.012173128944995492, "greedy_threshold": 0.3, "greedy_f2": 0.605095541401274}, "ensemble_val2_label1.xgb": {"eta": 0.1, "max_depth": 3, "min_child_weight": 5, "best_iteration": 28, "best_ntree_limit": 29, "smooth_f2": 0.4677375954980826, "f2_0.1": 0.6670113753877973, "f2_0.2": 0.7069382815651473, "greedy_threshold": 0.18, "greedy_f2": 0.7142857142857143}, "ensemble_val2_label2.xgb": {"eta": 0.1, "max_depth": 6, "min_child_weight": 1, "best_iteration": 17, "best_ntree_limit": 18, "smooth_f2": 0.8782364428166918, "f2_0.1": 0.9801723120500415, "f2_0.2": 0.9822133607075174, "greedy_threshold": 0.24, "greedy_f2": 0.983041132172435}, "ensemble_val2_label3.xgb": {"eta": 0.1, "max_depth": 6, "min_child_weight": 4, "best_iteration": 22, "best_ntree_limit": 23, "smooth_f2": 0.0656704251755372, "f2_0.1": 0.4243542435424354, "f2_0.2": 0.3673469387755102, "greedy_threshold": 0.09, "greedy_f2": 0.4727272727272727}, "ensemble_val2_label4.xgb": {"eta": 0.1, "max_depth": 4, "min_child_weight": 4, "best_iteration": 23, "best_ntree_limit": 24, "smooth_f2": 0.60782960909339, "f2_0.1": 0.819359756097561, "f2_0.2": 0.8320574162679426, "greedy_threshold": 0.15, "greedy_f2": 0.836215761428438}, "ensemble_val2_label5.xgb": {"eta": 0.1, "max_depth": 3, "min_child_weight": 1, "best_iteration": 9, "best_ntree_limit": 10, "smooth_f2": 0.44554932643094497, "f2_0.1": 0.49216075963343275, "f2_0.2": 0.6771684169583819, "greedy_threshold": 0.3, "greedy_f2": 0.7690415272584137}, "ensemble_val2_label6.xgb": {"eta": 0.1, "max_depth": 3, "min_child_weight": 3, "best_iteration": 17, "best_ntree_limit": 18, "smooth_f2": 0.036089002192173286, "f2_0.1": 0.328719723183391, "f2_0.2": 0.28409090909090906, "greedy_threshold": 0.12, "greedy_f2": 0.4357798165137614}, "ensemble_val2_label7.xgb": {"eta": 0.1, "max_depth": 9, "min_child_weight": 5, "best_iteration": 22, "best_ntree_limit": 23, "smooth_f2": 0.20619167400831898, "f2_0.1": 0.49187527448397017, "f2_0.2": 0.5080385852090032, "greedy_threshold": 0.15, "greedy_f2": 0.5770324047754406}, "ensemble_val2_label8.xgb": {"eta": 0.1, "max_depth": 4, "min_child_weight": 2, "best_iteration": 27, "best_ntree_limit": 28, "smooth_f2": 0.9032615039826412, "f2_0.1": 0.9791617098897614, "f2_0.2": 0.9810435024764783, "greedy_threshold": 0.3, "greedy_f2": 0.9819791085240411}, "ensemble_val2_label9.xgb": {"eta": 0.1, "max_depth": 4, "min_child_weight": 1, "best_iteration": 4, "best_ntree_limit": 5, "smooth_f2": 0.33458548122227294, "f2_0.1": 0.41631240131179403, "f2_0.2": 0.41631240131179403, "greedy_threshold": 0.35, "greedy_f2": 0.6552299261377175}, "ensemble_val2_label10.xgb": {"eta": 0.1, "max_depth": 4, "min_child_weight": 3, "best_iteration": 8, "best_ntree_limit": 9, "smooth_f2": 0.38202723393916405, "f2_0.1": 0.27350974534073125, "f2_0.2": 0.6018371872030408, "greedy_threshold": 0.32, "greedy_f2": 0.8138173302107727}, "ensemble_val2_label11.xgb": {"eta": 0.1, "max_depth": 3, "min_child_weight": 5, "best_iteration": 10, "best_ntree_limit": 11, "smooth_f2": 0.1452653562628997, "f2_0.1": 0.10508757297748124, "f2_0.2": 0.5279034690799397, "greedy_threshold": 0.24, "greedy_f2": 0.5614973262032086}}