{"ensemble_val1_label0.xgb": {"eta": 0.15, "max_depth": 2, "min_child_weight": 4, "best_iteration": 6, "best_ntree_limit": 7, "smooth_f2": 0.016149989235258976, "f2_0.1": 0.008591842271863976, "f2_0.2": 0.46012269938650313, "greedy_threshold": 0.27, "greedy_f2": 0.6422018348623852}, "ensemble_val1_label1.xgb": {"eta": 0.15, "max_depth": 5, "min_child_weight": 2, "best_iteration": 25, "best_ntree_limit": 26, "smooth_f2": 0.4675055848227355, "f2_0.1": 0.7025846377866763, "f2_0.2": 0.7151527412502529, "greedy_threshold": 0.18, "greedy_f2": 0.7238152130625249}, "ensemble_val1_label2.xgb": {"eta": 0.15, "max_depth": 5, "min_child_weight": 5, "best_iteration": 24, "best_ntree_limit": 25, "smooth_f2": 0.9361445973158989, "f2_0.1": 0.9817446220643378, "f2_0.2": 0.9818799770782698, "greedy_threshold": 0.27, "greedy_f2": 0.9826355239997627}, "ensemble_val1_label3.xgb": {"eta": 0.15, "max_depth": 7, "min_child_weight": 4, "best_iteration": 19, "best_ntree_limit": 20, "smooth_f2": 0.11101561055223565, "f2_0.1": 0.3993055555555556, "f2_0.2": 0.34090909090909094, "greedy_threshold": 0.14, "greedy_f2": 0.4197080291970803}, "ensemble_val1_label4.xgb": {"eta": 0.15, "max_depth": 5, "min_child_weight": 3, "best_iteration": 66, "best_ntree_limit": 67, "smooth_f2": 0.6102290258385575, "f2_0.1": 0.825564390823508, "f2_0.2": 0.828066647515082, "greedy_threshold": 0.15, "greedy_f2": 0.8338815789473685}, "ensemble_val1_label5.xgb": {"eta": 0.15, "max_depth": 2, "min_child_weight": 1, "best_iteration": 21, "best_ntree_limit": 22, "smooth_f2": 0.5045152973121444, "f2_0.1": 0.7621386212008895, "f2_0.2": 0.7676726757139964, "greedy_threshold": 0.15, "greedy_f2": 0.7782765687518298}, "ensemble_val1_label6.xgb": {"eta": 0.15, "max_depth": 2, "min_child_weight": 5, "best_iteration": 13, "best_ntree_limit": 14, "smooth_f2": 0.05074206430274286, "f2_0.1": 0.14723203769140167, "f2_0.2": 0.47738693467336685, "greedy_threshold": 0.21, "greedy_f2": 0.4822335025380711}, "ensemble_val1_label7.xgb": {"eta": 0.15, "max_depth": 8, "min_child_weight": 5, "best_iteration": 6, "best_ntree_limit": 7, "smooth_f2": 0.14589775329162896, "f2_0.1": 0.10738366769333223, "f2_0.2": 0.4787493893502687, "greedy_threshold": 0.24, "greedy_f2": 0.533448673587082}, "ensemble_val1_label8.xgb": {"eta": 0.15, "max_depth": 8, "min_child_weight": 5, "best_iteration": 16, "best_ntree_limit": 17, "smooth_f2": 0.9094107648688162, "f2_0.1": 0.979608871929406, "f2_0.2": 0.9802964497748735, "greedy_threshold": 0.35, "greedy_f2": 0.9812897293407428}, "ensemble_val1_label9.xgb": {"eta": 0.15, "max_depth": 4, "min_child_weight": 1, "best_iteration": 5, "best_ntree_limit": 6, "smooth_f2": 0.35158657617003813, "f2_0.1": 0.4219701996742475, "f2_0.2": 0.4724142605395148, "greedy_threshold": 0.27, "greedy_f2": 0.6565830182193193}, "ensemble_val1_label10.xgb": {"eta": 0.15, "max_depth": 3, "min_child_weight": 1, "best_iteration": 19, "best_ntree_limit": 20, "smooth_f2": 0.5656790432629666, "f2_0.1": 0.7906922898819172, "f2_0.2": 0.7960997284621081, "greedy_threshold": 0.16, "greedy_f2": 0.8056699781923915}, "ensemble_val1_label11.xgb": {"eta": 0.15, "max_depth": 3, "min_child_weight": 1, "best_iteration": 14, "best_ntree_limit": 15, "smooth_f2": 0.21176866145697723, "f2_0.1": 0.5675539929683575, "f2_0.2": 0.5689424364123159, "greedy_threshold": 0.15, "greedy_f2": 0.5985915492957746}, "ensemble_val1_label12.xgb": {"eta": 0.15, "max_depth": 3, "min_child_weight": 3, "best_iteration": 16, "best_ntree_limit": 17, "smooth_f2": 0.16716966241149245, "f2_0.1": 0.3776435045317221, "f2_0.2": 0.48752834467120176, "greedy_threshold": 0.3, "greedy_f2": 0.5726256983240223}, "ensemble_val2_label0.xgb": {"eta": 0.15, "max_depth": 3, "min_child_weight": 5, "best_iteration": 4, "best_ntree_limit": 5, "smooth_f2": 0.018740563961160008, "f2_0.1": 0.012173128944995492, "f2_0.2": 0.012173128944995492, "greedy_threshold": 0.31, "greedy_f2": 0.6250000000000001}, "ensemble_val2_label1.xgb": {"eta": 0.15, "max_depth": 4, "min_child_weight": 3, "best_iteration": 16, "best_ntree_limit": 17, "smooth_f2": 0.46021689941101945, "f2_0.1": 0.6537951607557175, "f2_0.2": 0.7102728731942216, "greedy_threshold": 0.21, "greedy_f2": 0.713849908480781}, "ensemble_val2_label2.xgb": {"eta": 0.15, "max_depth": 6, "min_child_weight": 3, "best_iteration": 14, "best_ntree_limit": 15, "smooth_f2": 0.8937818689197705, "f2_0.1": 0.9807472735147053, "f2_0.2": 0.9827160493827163, "greedy_threshold": 0.21, "greedy_f2": 0.9829279377185876}, "ensemble_val2_label3.xgb": {"eta": 0.15, "max_depth": 7, "min_child_weight": 4, "best_iteration": 15, "best_ntree_limit": 16, "smooth_f2": 0.06440941336232726, "f2_0.1": 0.4307116104868914, "f2_0.2": 0.40983606557377056, "greedy_threshold": 0.09, "greedy_f2": 0.4710144927536232}, "ensemble_val2_label4.xgb": {"eta": 0.15, "max_depth": 5, "min_child_weight": 2, "best_iteration": 18, "best_ntree_limit": 19, "smooth_f2": 0.6159869728126649, "f2_0.1": 0.8224873463485178, "f2_0.2": 0.831052858994671, "greedy_threshold": 0.15, "greedy_f2": 0.8361478562716952}, "ensemble_val2_label5.xgb": {"eta": 0.15, "max_depth": 7, "min_child_weight": 1, "best_iteration": 30, "best_ntree_limit": 31, "smooth_f2": 0.4946457403290213, "f2_0.1": 0.7414380491303568, "f2_0.2": 0.7673461387691102, "greedy_threshold": 0.21, "greedy_f2": 0.7692688235876125}, "ensemble_val2_label6.xgb": {"eta": 0.15, "max_depth": 2, "min_child_weight": 1, "best_iteration": 12, "best_ntree_limit": 13, "smooth_f2": 0.03807472967087007, "f2_0.1": 0.39256198347107435, "f2_0.2": 0.30386740331491713, "greedy_threshold": 0.11, "greedy_f2": 0.4337899543378995}, "ensemble_val2_label7.xgb": {"eta": 0.15, "max_depth": 3, "min_child_weight": 5, "best_iteration": 15, "best_ntree_limit": 16, "smooth_f2": 0.20427218966219507, "f2_0.1": 0.5486284289276808, "f2_0.2": 0.5128205128205128, "greedy_threshold": 0.12, "greedy_f2": 0.5755193711398091}, "ensemble_val2_label8.xgb": {"eta": 0.15, "max_depth": 4, "min_child_weight": 3, "best_iteration": 25, "best_ntree_limit": 26, "smooth_f2": 0.9143071478885181, "f2_0.1": 0.9800107191774022, "f2_0.2": 0.9811316999382999, "greedy_threshold": 0.3, "greedy_f2": 0.9818740154340067}, "ensemble_val2_label9.xgb": {"eta": 0.15, "max_depth": 5, "min_child_weight": 1, "best_iteration": 11, "best_ntree_limit": 12, "smooth_f2": 0.36865959265670195, "f2_0.1": 0.5385109629748615, "f2_0.2": 0.6552863436123348, "greedy_threshold": 0.2, "greedy_f2": 0.6552863436123348}, "ensemble_val2_label10.xgb": {"eta": 0.15, "max_depth": 2, "min_child_weight": 1, "best_iteration": 15, "best_ntree_limit": 16, "smooth_f2": 0.5368429379238739, "f2_0.1": 0.7879843273835437, "f2_0.2": 0.8110930610350429, "greedy_threshold": 0.19, "greedy_f2": 0.8142758142758142}, "ensemble_val2_label11.xgb": {"eta": 0.15, "max_depth": 6, "min_child_weight": 3, "best_iteration": 35, "best_ntree_limit": 36, "smooth_f2": 0.30185766994329044, "f2_0.1": 0.5539772727272727, "f2_0.2": 0.5354706684856753, "greedy_threshold": 0.15, "greedy_f2": 0.565739570164349}, "ensemble_val2_label12.xgb": {"eta": 0.15, "max_depth": 3, "min_child_weight": 1, "best_iteration": 7, "best_ntree_limit": 8, "smooth_f2": 0.080098321110736, "f2_0.1": 0.03496194016640113, "f2_0.2": 0.6451612903225806, "greedy_threshold": 0.19, "greedy_f2": 0.6636155606407322}, "ensemble_val3_label0.xgb": {"eta": 0.15, "max_depth": 4, "min_child_weight": 4, "best_iteration": 16, "best_ntree_limit": 17, "smooth_f2": 0.0519623645750509, "f2_0.1": 0.3191489361702128, "f2_0.2": 0.4017857142857143, "greedy_threshold": 0.3, "greedy_f2": 0.45454545454545453}, "ensemble_val3_label1.xgb": {"eta": 0.15, "max_depth": 6, "min_child_weight": 3, "best_iteration": 32, "best_ntree_limit": 33, "smooth_f2": 0.45693516651440463, "f2_0.1": 0.6866830839174086, "f2_0.2": 0.6936233108108109, "greedy_threshold": 0.15, "greedy_f2": 0.7106598984771573}, "ensemble_val3_label2.xgb": {"eta": 0.15, "max_depth": 9, "min_child_weight": 1, "best_iteration": 29, "best_ntree_limit": 30,