{"ensemble_val1_label0.xgb": {"eta": 0.1, "max_depth": 5, "min_child_weight": 1, "best_iteration": 21, "best_ntree_limit": 22, "smooth_f2": 0.04038374928865867, "f2_0.1": 0.37837837837837834, "f2_0.2": 0.5909090909090909, "greedy_threshold": 0.22, "greedy_f2": 0.6250000000000001}, "ensemble_val1_label1.xgb": {"eta": 0.15, "max_depth": 4, "min_child_weight": 1, "best_iteration": 17, "best_ntree_limit": 18, "smooth_f2": 0.4510324616591714, "f2_0.1": 0.6879692683778592, "f2_0.2": 0.7223993622957353, "greedy_threshold": 0.21, "greedy_f2": 0.724754065448705}, "ensemble_val1_label2.xgb": {"eta": 0.2, "max_depth": 6, "min_child_weight": 2, "best_iteration": 38, "best_ntree_limit": 39, "smooth_f2": 0.9415548223156075, "f2_0.1": 0.9815648192010106, "f2_0.2": 0.982213438735178, "greedy_threshold": 0.24, "greedy_f2": 0.9825223907155143}, "ensemble_val1_label3.xgb": {"eta": 0.1, "max_depth": 7, "min_child_weight": 5, "best_iteration": 34, "best_ntree_limit": 35, "smooth_f2": 0.14046425532952575, "f2_0.1": 0.349264705882353, "f2_0.2": 0.339622641509434, "greedy_threshold": 0.06, "greedy_f2": 0.445859872611465}, "ensemble_val1_label4.xgb": {"eta": 0.2, "max_depth": 8, "min_child_weight": 5, "best_iteration": 7, "best_ntree_limit": 8, "smooth_f2": 0.5952872862609442, "f2_0.1": 0.7483924743986664, "f2_0.2": 0.8314819957419235, "greedy_threshold": 0.21, "greedy_f2": 0.8327519650248827}, "ensemble_val1_label5.xgb": {"eta": 0.1, "max_depth": 2, "min_child_weight": 1, "best_iteration": 22, "best_ntree_limit": 23, "smooth_f2": 0.48683120282201464, "f2_0.1": 0.7495281747101644, "f2_0.2": 0.773134328358209, "greedy_threshold": 0.18, "greedy_f2": 0.7770569153641993}, "ensemble_val1_label6.xgb": {"eta": 0.15, "max_depth": 6, "min_child_weight": 5, "best_iteration": 40, "best_ntree_limit": 41, "smooth_f2": 0.13269530631814322, "f2_0.1": 0.2926208651399491, "f2_0.2": 0.4910714285714286, "greedy_threshold": 0.22, "greedy_f2": 0.5164319248826291}, "ensemble_val1_label7.xgb": {"eta": 0.15, "max_depth": 9, "min_child_weight": 3, "best_iteration": 5, "best_ntree_limit": 6, "smooth_f2": 0.14588028622179583, "f2_0.1": 0.10738366769333223, "f2_0.2": 0.292759961127308, "greedy_threshold": 0.28, "greedy_f2": 0.5305755395683454}, "ensemble_val1_label8.xgb": {"eta": 0.2, "max_depth": 9, "min_child_weight": 1, "best_iteration": 34, "best_ntree_limit": 35, "smooth_f2": 0.9435571403029084, "f2_0.1": 0.9800373802043982, "f2_0.2": 0.9810328339177556, "greedy_threshold": 0.24, "greedy_f2": 0.9814397639600486}, "ensemble_val1_label9.xgb": {"eta": 0.1, "max_depth": 4, "min_child_weight": 5, "best_iteration": 22, "best_ntree_limit": 23, "smooth_f2": 0.37591520405983947, "f2_0.1": 0.615480410000958, "f2_0.2": 0.6469638643983608, "greedy_threshold": 0.16, "greedy_f2": 0.6591304347826088}, "ensemble_val1_label10.xgb": {"eta": 0.15, "max_depth": 3, "min_child_weight": 2, "best_iteration": 19, "best_ntree_limit": 20, "smooth_f2": 0.5556402074305362, "f2_0.1": 0.7849239280774551, "f2_0.2": 0.7954545454545455, "greedy_threshold": 0.15, "greedy_f2": 0.8059845559845559}, "ensemble_val1_label11.xgb": {"eta": 0.2, "max_depth": 2, "min_child_weight": 1, "best_iteration": 14, "best_ntree_limit": 15, "smooth_f2": 0.2370811980932404, "f2_0.1": 0.5705786911844241, "f2_0.2": 0.5570745044429255, "greedy_threshold": 0.15, "greedy_f2": 0.602223594811612}, "ensemble_val1_label12.xgb": {"eta": 0.15, "max_depth": 3, "min_child_weight": 4, "best_iteration": 15, "best_ntree_limit": 16, "smooth_f2": 0.15369035534551703, "f2_0.1": 0.397456279809221, "f2_0.2": 0.4895104895104895, "greedy_threshold": 0.3, "greedy_f2": 0.5823863636363636}, "ensemble_val2_label0.xgb": {"eta": 0.05, "max_depth": 2, "min_child_weight": 1, "best_iteration": 33, "best_ntree_limit": 34, "smooth_f2": 0.030681220912384156, "f2_0.1": 0.3623188405797102, "f2_0.2": 0.5208333333333334, "greedy_threshold": 0.18, "greedy_f2": 0.6250000000000001}, "ensemble_val2_label1.xgb": {"eta": 0.1, "max_depth": 6, "min_child_weight": 5, "best_iteration": 27, "best_ntree_limit": 28, "smooth_f2": 0.4516375106268435, "f2_0.1": 0.6655703652414748, "f2_0.2": 0.7016460905349794, "greedy_threshold": 0.17, "greedy_f2": 0.7127171092034339}, "ensemble_val2_label2.xgb": {"eta": 0.15, "max_depth": 6, "min_child_weight": 5, "best_iteration": 29, "best_ntree_limit": 30, "smooth_f2": 0.9315361194410261, "f2_0.1": 0.9818224833405624, "f2_0.2": 0.9828434763702489, "greedy_threshold": 0.21, "greedy_f2": 0.9829972321075525}, "ensemble_val2_label3.xgb": {"eta": 0.1, "max_depth": 3, "min_child_weight": 4, "best_iteration": 39, "best_ntree_limit": 40, "smooth_f2": 0.14101948570005343, "f2_0.1": 0.39999999999999997, "f2_0.2": 0.36324786324786323, "greedy_threshold": 0.09, "greedy_f2": 0.444015444015444}, "ensemble_val2_label4.xgb": {"eta": 0.15, "max_depth": 2, "min_child_weight": 3, "best_iteration": 44, "best_ntree_limit": 45, "smooth_f2": 0.6193480842815031, "f2_0.1": 0.8324092043249237, "f2_0.2": 0.829310677737015, "greedy_threshold": 0.12, "greedy_f2": 0.8366049728921295}, "ensemble_val2_label5.xgb": {"eta": 0.2, "max_depth": 6, "min_child_weight": 3, "best_iteration": 14, "best_ntree_limit": 15, "smooth_f2": 0.5222923776487187, "f2_0.1": 0.7431111111111112, "f2_0.2": 0.7672709456148946, "greedy_threshold": 0.21, "greedy_f2": 0.7702942919217854}, "ensemble_val2_label6.xgb": {"eta": 0.15, "max_depth": 4, "min_child_weight": 4, "best_iteration": 9, "best_ntree_limit": 10, "smooth_f2": 0.031527437765492994, "f2_0.1": 0.016621743036837378, "f2_0.2": 0.3055555555555555, "greedy_threshold": 0.15, "greedy_f2": 0.43478260869565216}, "ensemble_val2_label7.xgb": {"eta": 0.1, "max_depth": 3, "min_child_weight": 1, "best_iteration": 22, "best_ntree_limit": 23, "smooth_f2": 0.19491592071272812, "f2_0.1": 0.5229531471840985, "f2_0.2": 0.5143769968051118, "greedy_threshold": 0.15, "greedy_f2": 0.5809248554913296}, "ensemble_val2_label8.xgb": {"eta": 0.15, "max_depth": 2, "min_child_weight": 1, "best_iteration": 37, "best_ntree_limit": 38, "smooth_f2": 0.9242063978992296, "f2_0.1": 0.980384371029225, "f2_0.2": 0.9812098170743843, "greedy_threshold": 0.27, "greedy_f2": 0.9819399593350077}, "ensemble_val2_label9.xgb": {"eta": 0.15, "max_depth": 4, "min_child_weight": 5, "best_iteration": 9, "best_ntree_limit": 10, "smooth_f2": 0.3588996434469598, "f2_0.1": 0.41631240131179403, "f2_0.2": 0.6532897806812878, "greedy_threshold": 0.21, "greedy_f2": 0.6571702178597079}, "ensemble_val2_label10.xgb": {"eta": 0.05, "max_depth": 2, "min_child_weight": 1, "best_iteration": 12, "best_ntree_limit": 13, "smooth_f2": 0.333376426942361, "f2_0.1": 0.27350974534073125, "f2_0.2": 0.27350974534073125, "greedy_threshold": 0.35, "greedy_f2": 0.8146262439250173}, "ensemble_val2_label11.xgb": {"eta": 0.2, "max_depth": 4, "min_child_weight": 5, "best_iteration": 13, "best_ntree_limit": 14, "smooth_f2": 0.2303924780602148, "f2_0.1": 0.5355329949238579, "f2_0.2": 0.5503355704697988, "greedy_threshold": 0.15, "greedy_f2": 0.5696969696969697}, "ensemble_val2_label12.xgb": {"eta": 0.1, "max_depth": 10, "min_child_weight": 5, "best_iteration": 21, "best_ntree_limit": 22, "smooth_f2": 0.15582282621437973, "f2_0.1": 0.6104651162790697, "f2_0.2": 0.6004901960784313, "greedy_threshold": 0.12, "greedy_f2": 0.6803455723542117}, "ensemble_val3_label0.xgb": {"eta": 0.2, "max_depth": 7, "min_child_weight": 4, "best_iteration": 22, "best_ntree_limit": 23, "smooth_f2": 0.13849758915680574, "f2_0.1": 0.41284403669724773, "f2_0.2": 0.46391752577319584, "greedy_threshold": 0.2, "greedy_f2": 0.46391752577319584}, "ensemble_val3_label1.xgb": {"eta": 0.05, "max_depth": 3, "min_child_weight": 1, "best_iteration": 21, "best_ntree_limit": 22, "smooth_f2": 0.3393936701929784, "f2_0.1": 0.2955288227522425, "f2_0.2": 0.6698229002279502, "greedy_threshold": 0.27, "greedy_f2": 0.7147290028961523}, "ensemble_val3_label2.xgb": {"eta": 0.15, "max_depth": 6, "min_child_weight": 4, "best_iteration": 11, "best_ntree_limit": 12, "smooth_f2": 0.8838938007342282,