{"ensemble_val1_label0.xgb": {"eta": 0.15, "max_depth": 2, "min_child_weight": 5, "best_iteration": 10, "best_ntree_limit": 11, "smooth_f2": 0.023286625838058413, "f2_0.1": 0.38461538461538464, "f2_0.2": 0.5909090909090909, "greedy_threshold": 0.21, "greedy_f2": 0.6250000000000001}, "ensemble_val1_label1.xgb": {"eta": 0.15, "max_depth": 4, "min_child_weight": 1, "best_iteration": 12, "best_ntree_limit": 13, "smooth_f2": 0.4217007239140504, "f2_0.1": 0.6412037037037037, "f2_0.2": 0.7240704500978473, "greedy_threshold": 0.21, "greedy_f2": 0.7252964426877471}, "ensemble_val1_label2.xgb": {"eta": 0.15, "max_depth": 8, "min_child_weight": 1, "best_iteration": 18, "best_ntree_limit": 19, "smooth_f2": 0.9272981179538592, "f2_0.1": 0.9817216399202541, "f2_0.2": 0.9824023727137915, "greedy_threshold": 0.19, "greedy_f2": 0.9825629670633823}, "ensemble_val1_label3.xgb": {"eta": 0.15, "max_depth": 3, "min_child_weight": 5, "best_iteration": 11, "best_ntree_limit": 12, "smooth_f2": 0.04977057765161057, "f2_0.1": 0.36303630363036304, "f2_0.2": 0.3435114503816794, "greedy_threshold": 0.09, "greedy_f2": 0.40816326530612246}, "ensemble_val1_label4.xgb": {"eta": 0.15, "max_depth": 5, "min_child_weight": 5, "best_iteration": 6, "best_ntree_limit": 7, "smooth_f2": 0.568608798283326, "f2_0.1": 0.7242713240644988, "f2_0.2": 0.8093823709268804, "greedy_threshold": 0.27, "greedy_f2": 0.8324334475796986}, "ensemble_val1_label5.xgb": {"eta": 0.15, "max_depth": 3, "min_child_weight": 1, "best_iteration": 31, "best_ntree_limit": 32, "smooth_f2": 0.5102416709871428, "f2_0.1": 0.7624030645613381, "f2_0.2": 0.7640024529844645, "greedy_threshold": 0.15, "greedy_f2": 0.7798165137614679}, "ensemble_val1_label6.xgb": {"eta": 0.15, "max_depth": 3, "min_child_weight": 4, "best_iteration": 16, "best_ntree_limit": 17, "smooth_f2": 0.060412808539481604, "f2_0.1": 0.47979797979797983, "f2_0.2": 0.2994011976047904, "greedy_threshold": 0.12, "greedy_f2": 0.5}, "ensemble_val1_label7.xgb": {"eta": 0.15, "max_depth": 5, "min_child_weight": 1, "best_iteration": 11, "best_ntree_limit": 12, "smooth_f2": 0.18073647913401047, "f2_0.1": 0.3937146892655367, "f2_0.2": 0.5209003215434084, "greedy_threshold": 0.21, "greedy_f2": 0.5278688524590165}, "ensemble_val1_label8.xgb": {"eta": 0.15, "max_depth": 8, "min_child_weight": 5, "best_iteration": 54, "best_ntree_limit": 55, "smooth_f2": 0.9458242680555211, "f2_0.1": 0.9803472581737087, "f2_0.2": 0.9807266415275036, "greedy_threshold": 0.26, "greedy_f2": 0.9812440076701824}, "ensemble_val1_label9.xgb": {"eta": 0.15, "max_depth": 2, "min_child_weight": 1, "best_iteration": 15, "best_ntree_limit": 16, "smooth_f2": 0.3629511118090419, "f2_0.1": 0.6215402544430416, "f2_0.2": 0.6401209677419355, "greedy_threshold": 0.15, "greedy_f2": 0.6574453551912569}, "ensemble_val1_label10.xgb": {"eta": 0.15, "max_depth": 7, "min_child_weight": 3, "best_iteration": 19, "best_ntree_limit": 20, "smooth_f2": 0.5583444142096146, "f2_0.1": 0.7853828306264501, "f2_0.2": 0.7962962962962964, "greedy_threshold": 0.18, "greedy_f2": 0.80322265625}, "ensemble_val1_label11.xgb": {"eta": 0.15, "max_depth": 4, "min_child_weight": 5, "best_iteration": 2, "best_ntree_limit": 3, "smooth_f2": 0.11702558666534453, "f2_0.1": 0.10738366769333223, "f2_0.2": 0.10738366769333223, "greedy_threshold": 0.35, "greedy_f2": 0.6011560693641619}, "ensemble_val1_label12.xgb": {"eta": 0.15, "max_depth": 4, "min_child_weight": 4, "best_iteration": 8, "best_ntree_limit": 9, "smooth_f2": 0.06436844364326998, "f2_0.1": 0.02934637616718542, "f2_0.2": 0.4878048780487805, "greedy_threshold": 0.18, "greedy_f2": 0.5236907730673317}, "ensemble_val2_label0.xgb": {"eta": 0.15, "max_depth": 2, "min_child_weight": 1, "best_iteration": 16, "best_ntree_limit": 17, "smooth_f2": 0.040688747807714504, "f2_0.1": 0.5379746835443038, "f2_0.2": 0.3543307086614173, "greedy_threshold": 0.09, "greedy_f2": 0.5555555555555555}, "ensemble_val2_label1.xgb": {"eta": 0.15, "max_depth": 4, "min_child_weight": 3, "best_iteration": 24, "best_ntree_limit": 25, "smooth_f2": 0.48053922424045187, "f2_0.1": 0.6940920623414281, "f2_0.2": 0.7054709995886468, "greedy_threshold": 0.18, "greedy_f2": 0.7196129812537795}, "ensemble_val2_label2.xgb": {"eta": 0.15, "max_depth": 4, "min_child_weight": 2, "best_iteration": 30, "best_ntree_limit": 31, "smooth_f2": 0.9415152400024189, "f2_0.1": 0.9821287675556258, "f2_0.2": 0.9825418166001029, "greedy_threshold": 0.24, "greedy_f2": 0.9827309951931636}, "ensemble_val2_label3.xgb": {"eta": 0.15, "max_depth": 4, "min_child_weight": 4, "best_iteration": 23, "best_ntree_limit": 24, "smooth_f2": 0.16497676690546859, "f2_0.1": 0.40892193308550184, "f2_0.2": 0.3830645161290323, "greedy_threshold": 0.09, "greedy_f2": 0.44964028776978415}, "ensemble_val2_label4.xgb": {"eta": 0.15, "max_depth": 5, "min_child_weight": 3, "best_iteration": 11, "best_ntree_limit": 12, "smooth_f2": 0.5911148223788029, "f2_0.1": 0.7748002663115846, "f2_0.2": 0.8339262843318629, "greedy_threshold": 0.18, "greedy_f2": 0.8365777006426192}, "ensemble_val2_label5.xgb": {"eta": 0.15, "max_depth": 4, "min_child_weight": 2, "best_iteration": 17, "best_ntree_limit": 18, "smooth_f2": 0.5199096059362008, "f2_0.1": 0.7529656796160463, "f2_0.2": 0.766056870153112, "greedy_threshold": 0.21, "greedy_f2": 0.7695007018247443}, "ensemble_val2_label6.xgb": {"eta": 0.15, "max_depth": 5, "min_child_weight": 4, "best_iteration": 12, "best_ntree_limit": 13, "smooth_f2": 0.04297202144978743, "f2_0.1": 0.31147540983606553, "f2_0.2": 0.2894736842105263, "greedy_threshold": 0.15, "greedy_f2": 0.41666666666666663}, "ensemble_val2_label7.xgb": {"eta": 0.15, "max_depth": 2, "min_child_weight": 1, "best_iteration": 15, "best_ntree_limit": 16, "smooth_f2": 0.19363555860497345, "f2_0.1": 0.5498193082085701, "f2_0.2": 0.5052840158520476, "greedy_threshold": 0.15, "greedy_f2": 0.5746089049338147}, "ensemble_val2_label8.xgb": {"eta": 0.15, "max_depth": 6, "min_child_weight": 3, "best_iteration": 59, "best_ntree_limit": 60, "smooth_f2": 0.9426884635279958, "f2_0.1": 0.9799872935196949, "f2_0.2": 0.9811809220352485, "greedy_threshold": 0.25, "greedy_f2": 0.9816800893070727}, "ensemble_val2_label9.xgb": {"eta": 0.15, "max_depth": 6, "min_child_weight": 3, "best_iteration": 13, "best_ntree_limit": 14, "smooth_f2": 0.4038723671397701, "f2_0.1": 0.5842596709648732, "f2_0.2": 0.6515513126491647, "greedy_threshold": 0.24, "greedy_f2": 0.6582615306639634}, "ensemble_val2_label10.xgb": {"eta": 0.15, "max_depth": 2, "min_child_weight": 1, "best_iteration": 14, "best_ntree_limit": 15, "smooth_f2": 0.5284421101937873, "f2_0.1": 0.7850346020761246, "f2_0.2": 0.8100300439103304, "greedy_threshold": 0.21, "greedy_f2": 0.8126017205301094}, "ensemble_val2_label11.xgb": {"eta": 0.15, "max_depth": 7, "min_child_weight": 1, "best_iteration": 25, "best_ntree_limit": 26, "smooth_f2": 0.2514536493371529, "f2_0.1": 0.5575221238938052, "f2_0.2": 0.48150732728541523, "greedy_threshold": 0.08, "greedy_f2": 0.5807522123893806}, "ensemble_val2_label12.xgb": {"eta": 0.15, "max_depth": 4, "min_child_weight": 5, "best_iteration": 5, "best_ntree_limit": 6, "smooth_f2": 0.06500279205617628, "f2_0.1": 0.03496194016640113, "f2_0.2": 0.3977900552486188, "greedy_threshold": 0.24, "greedy_f2": 0.6852248394004282}, "ensemble_val3_label0.xgb": {"eta": 0.15, "max_depth": 3, "min_child_weight": 1, "best_iteration": 20, "best_ntree_limit": 21, "smooth_f2": 0.07112967306026641, "f2_0.1": 0.31249999999999994, "f2_0.2": 0.4017857142857143, "greedy_threshold": 0.35, "greedy_f2": 0.4591836734693877}, "ensemble_val3_label1.xgb": {"eta": 0.15, "max_depth": 7, "min_child_weight": 4, "best_iteration": 8, "best_ntree_limit": 9, "smooth_f2": 0.37744799718740923, "f2_0.1": 0.2955288227522425, "f2_0.2": 0.6951056941534944, "greedy_threshold": 0.24, "greedy_f2": 0.7166024731400771}, "ensemble_val3_label2.xgb": {"eta": 0.15, "max_depth": 2, "min_child_weight": 1, "best_iteration": 7, "best_ntree_limit": 8,