{"ensemble_val1_label0.xgb": {"eta": 0.15, "max_depth": 4, "min_child_weight": 2, "best_iteration": 5, "best_ntree_limit": 6, "smooth_f2": 0.014126340466182406, "f2_0.1": 0.008591842271863976, "f2_0.2": 0.4516129032258065, "greedy_threshold": 0.31, "greedy_f2": 0.6018518518518519}, "ensemble_val1_label1.xgb": {"eta": 0.15, "max_depth": 5, "min_child_weight": 1, "best_iteration": 20, "best_ntree_limit": 21, "smooth_f2": 0.42290858014939664, "f2_0.1": 0.6936310395314788, "f2_0.2": 0.6995460173338836, "greedy_threshold": 0.14, "greedy_f2": 0.7080249318270354}, "ensemble_val1_label2.xgb": {"eta": 0.15, "max_depth": 10, "min_child_weight": 4, "best_iteration": 17, "best_ntree_limit": 18, "smooth_f2": 0.9164837825929735, "f2_0.1": 0.9806994716505006, "f2_0.2": 0.9820811189916431, "greedy_threshold": 0.26, "greedy_f2": 0.982437750924589}, "ensemble_val1_label3.xgb": {"eta": 0.15, "max_depth": 2, "min_child_weight": 1, "best_iteration": 13, "best_ntree_limit": 14, "smooth_f2": 0.05425372071181661, "f2_0.1": 0.3883495145631068, "f2_0.2": 0.31496062992125984, "greedy_threshold": 0.12, "greedy_f2": 0.41379310344827586}, "ensemble_val1_label4.xgb": {"eta": 0.15, "max_depth": 4, "min_child_weight": 4, "best_iteration": 28, "best_ntree_limit": 29, "smooth_f2": 0.6211263021664234, "f2_0.1": 0.8248852116197662, "f2_0.2": 0.8266951161688003, "greedy_threshold": 0.14, "greedy_f2": 0.8316661238542781}, "ensemble_val1_label5.xgb": {"eta": 0.15, "max_depth": 5, "min_child_weight": 1, "best_iteration": 18, "best_ntree_limit": 19, "smooth_f2": 0.5301121024186295, "f2_0.1": 0.7522286554544619, "f2_0.2": 0.7699881843245372, "greedy_threshold": 0.21, "greedy_f2": 0.7705614867536577}, "ensemble_val1_label6.xgb": {"eta": 0.15, "max_depth": 3, "min_child_weight": 5, "best_iteration": 24, "best_ntree_limit": 25, "smooth_f2": 0.06496544067863136, "f2_0.1": 0.2484472049689441, "f2_0.2": 0.13333333333333333, "greedy_threshold": 0.06, "greedy_f2": 0.43478260869565216}, "ensemble_val1_label7.xgb": {"eta": 0.15, "max_depth": 4, "min_child_weight": 3, "best_iteration": 15, "best_ntree_limit": 16, "smooth_f2": 0.21113572748388748, "f2_0.1": 0.4898828541001065, "f2_0.2": 0.5153294194390085, "greedy_threshold": 0.18, "greedy_f2": 0.5232929164007659}, "ensemble_val1_label8.xgb": {"eta": 0.15, "max_depth": 10, "min_child_weight": 5, "best_iteration": 12, "best_ntree_limit": 13, "smooth_f2": 0.8949930025370814, "f2_0.1": 0.978357986697111, "f2_0.2": 0.980177308496862, "greedy_threshold": 0.3, "greedy_f2": 0.9808970597041737}, "ensemble_val1_label9.xgb": {"eta": 0.15, "max_depth": 7, "min_child_weight": 5, "best_iteration": 5, "best_ntree_limit": 6, "smooth_f2": 0.32960638405819953, "f2_0.1": 0.4219701996742475, "f2_0.2": 0.5435922251794499, "greedy_threshold": 0.27, "greedy_f2": 0.6473988439306357}, "ensemble_val1_label10.xgb": {"eta": 0.15, "max_depth": 8, "min_child_weight": 4, "best_iteration": 5, "best_ntree_limit": 6, "smooth_f2": 0.37957090050120296, "f2_0.1": 0.2645559623806447, "f2_0.2": 0.6812888198757763, "greedy_threshold": 0.28, "greedy_f2": 0.7942326490713588}, "ensemble_val1_label11.xgb": {"eta": 0.15, "max_depth": 3, "min_child_weight": 2, "best_iteration": 14, "best_ntree_limit": 15, "smooth_f2": 0.20071156427538459, "f2_0.1": 0.5675675675675675, "f2_0.2": 0.5420141116100065, "greedy_threshold": 0.12, "greedy_f2": 0.5843023255813954}, "ensemble_val1_label12.xgb": {"eta": 0.15, "max_depth": 2, "min_child_weight": 1, "best_iteration": 4, "best_ntree_limit": 5, "smooth_f2": 0.041150891351541985, "f2_0.1": 0.02934637616718542, "f2_0.2": 0.02934637616718542, "greedy_threshold": 0.3, "greedy_f2": 0.49222797927461154}, "ensemble_val2_label0.xgb": {"eta": 0.15, "max_depth": 3, "min_child_weight": 1, "best_iteration": 7, "best_ntree_limit": 8, "smooth_f2": 0.018085632863699404, "f2_0.1": 0.012173128944995492, "f2_0.2": 0.4838709677419355, "greedy_threshold": 0.18, "greedy_f2": 0.5263157894736842}, "ensemble_val2_label1.xgb": {"eta": 0.15, "max_depth": 4, "min_child_weight": 1, "best_iteration": 20, "best_ntree_limit": 21, "smooth_f2": 0.46017006353395207, "f2_0.1": 0.6470881035340964, "f2_0.2": 0.6985367809180197, "greedy_threshold": 0.21, "greedy_f2": 0.7026972216588926}, "ensemble_val2_label2.xgb": {"eta": 0.15, "max_depth": 3, "min_child_weight": 1, "best_iteration": 1, "best_ntree_limit": 2, "smooth_f2": 0.6653220794018543, "f2_0.1": 0.9800180938520239, "f2_0.2": 0.9800180938520239, "greedy_threshold": 0.38, "greedy_f2": 0.9823087566712789}, "ensemble_val2_label3.xgb": {"eta": 0.15, "max_depth": 3, "min_child_weight": 1, "best_iteration": 8, "best_ntree_limit": 9, "smooth_f2": 0.04676181871523622, "f2_0.1": 0.0219180533190195, "f2_0.2": 0.4207119741100324, "greedy_threshold": 0.27, "greedy_f2": 0.4699248120300752}, "ensemble_val2_label4.xgb": {"eta": 0.15, "max_depth": 7, "min_child_weight": 4, "best_iteration": 18, "best_ntree_limit": 19, "smooth_f2": 0.6109499179150433, "f2_0.1": 0.8239025280642511, "f2_0.2": 0.8267284186401834, "greedy_threshold": 0.15, "greedy_f2": 0.831889892795281}, "ensemble_val2_label5.xgb": {"eta": 0.15, "max_depth": 5, "min_child_weight": 2, "best_iteration": 8, "best_ntree_limit": 9, "smooth_f2": 0.4746734017411068, "f2_0.1": 0.49216075963343275, "f2_0.2": 0.7540352852852853, "greedy_threshold": 0.27, "greedy_f2": 0.7622041056870642}, "ensemble_val2_label6.xgb": {"eta": 0.15, "max_depth": 7, "min_child_weight": 2, "best_iteration": 9, "best_ntree_limit": 10, "smooth_f2": 0.026574100575198826, "f2_0.1": 0.016621743036837378, "f2_0.2": 0.23391812865497078, "greedy_threshold": 0.12, "greedy_f2": 0.33816425120772947}, "ensemble_val2_label7.xgb": {"eta": 0.15, "max_depth": 7, "min_child_weight": 5, "best_iteration": 19, "best_ntree_limit": 20, "smooth_f2": 0.20800872549698737, "f2_0.1": 0.5301399354144241, "f2_0.2": 0.48083170890188437, "greedy_threshold": 0.12, "greedy_f2": 0.5491990846681922}, "ensemble_val2_label8.xgb": {"eta": 0.15, "max_depth": 3, "min_child_weight": 1, "best_iteration": 3, "best_ntree_limit": 4, "smooth_f2": 0.7345590469348877, "f2_0.1": 0.9781575507940907, "f2_0.2": 0.9781575507940907, "greedy_threshold": 0.35, "greedy_f2": 0.9812470138557097}, "ensemble_val2_label9.xgb": {"eta": 0.15, "max_depth": 7, "min_child_weight": 3, "best_iteration": 4, "best_ntree_limit": 5, "smooth_f2": 0.3314728037642723, "f2_0.1": 0.41631240131179403, "f2_0.2": 0.41631240131179403, "greedy_threshold": 0.3, "greedy_f2": 0.6484045755568933}, "ensemble_val2_label10.xgb": {"eta": 0.15, "max_depth": 2, "min_child_weight": 1, "best_iteration": 4, "best_ntree_limit": 5, "smooth_f2": 0.35026008473764425, "f2_0.1": 0.27350974534073125, "f2_0.2": 0.27350974534073125, "greedy_threshold": 0.34, "greedy_f2": 0.8112232918525475}, "ensemble_val2_label11.xgb": {"eta": 0.15, "max_depth": 8, "min_child_weight": 4, "best_iteration": 26, "best_ntree_limit": 27, "smooth_f2": 0.2954759398694197, "f2_0.1": 0.5371203599550055, "f2_0.2": 0.512905360688286, "greedy_threshold": 0.15, "greedy_f2": 0.5572755417956657}, "ensemble_val2_label12.xgb": {"eta": 0.15, "max_depth": 4, "min_child_weight": 1, "best_iteration": 12, "best_ntree_limit": 13, "smooth_f2": 0.13027261731608564, "f2_0.1": 0.5780933062880325, "f2_0.2": 0.5852417302798982, "greedy_threshold": 0.15, "greedy_f2": 0.6382978723404255}, "ensemble_val3_label0.xgb": {"eta": 0.15, "max_depth": 5, "min_child_weight": 3, "best_iteration": 18, "best_ntree_limit": 19, "smooth_f2": 0.05147459786917403, "f2_0.1": 0.3260869565217391, "f2_0.2": 0.39130434782608703, "greedy_threshold": 0.35, "greedy_f2": 0.4455445544554455}, "ensemble_val3_label1.xgb": {"eta": 0.15, "max_depth": 4, "min_child_weight": 1, "best_iteration": 16, "best_ntree_limit": 17, "smooth_f2": 0.42337599848902174, "f2_0.1": 0.638262599469496, "f2_0.2": 0.6932984503924331, "greedy_threshold": 0.21, "greedy_f2": 0.6976272561346584}, "ensemble_val3_label2.xgb": {"eta": 0.15, "max_depth": 4, "min_child_weight": 1, "best_iteration": 12, "best_ntree_limit": 13,