{"ensemble_val1_label0.xgb": {"eta": 0.15, "max_depth": 4, "min_child_weight": 2, "best_iteration": 5, "best_ntree_limit": 6, "smooth_f2": 0.014126340466182406, "f2_0.1": 0.008591842271863976, "f2_0.2": 0.4516129032258065, "greedy_threshold": 0.31, "greedy_f2": 0.6018518518518519}, "ensemble_val1_label1.xgb": {"eta": 0.15, "max_depth": 5, "min_child_weight": 1, "best_iteration": 20, "best_ntree_limit": 21, "smooth_f2": 0.42290858014939664, "f2_0.1": 0.6936310395314788, "f2_0.2": 0.6995460173338836, "greedy_threshold": 0.14, "greedy_f2": 0.7080249318270354}, "ensemble_val1_label2.xgb": {"eta": 0.15, "max_depth": 10, "min_child_weight": 4, "best_iteration": 17, "best_ntree_limit": 18, "smooth_f2": 0.9164837825929735, "f2_0.1": 0.9806994716505006, "f2_0.2": 0.9820811189916431, "greedy_threshold": 0.26, "greedy_f2": 0.982437750924589}, "ensemble_val1_label3.xgb": {"eta": 0.15, "max_depth": 2, "min_child_weight": 1, "best_iteration": 13, "best_ntree_limit": 14, "smooth_f2": 0.05425372071181661, "f2_0.1": 0.3883495145631068, "f2_0.2": 0.31496062992125984, "greedy_threshold": 0.12, "greedy_f2": 0.41379310344827586}, "ensemble_val1_label4.xgb": {"eta": 0.15, "max_depth": 4, "min_child_weight": 4, "best_iteration": 28, "best_ntree_limit": 29, "smooth_f2": 0.6211263021664234, "f2_0.1": 0.8248852116197662, "f2_0.2": 0.8266951161688003, "greedy_threshold": 0.14, "greedy_f2": 0.8316661238542781}, "ensemble_val1_label5.xgb": {"eta": 0.15, "max_depth": 5, "min_child_weight": 1, "best_iteration": 18, "best_ntree_limit": 19, "smooth_f2": 0.5301121024186295, "f2_0.1": 0.7522286554544619, "f2_0.2": 0.7699881843245372, "greedy_threshold": 0.21, "greedy_f2": 0.7705614867536577}, "ensemble_val1_label6.xgb": {"eta": 0.15, "max_depth": 3, "min_child_weight": 5, "best_iteration": 24, "best_ntree_limit": 25, "smooth_f2": 0.06496544067863136, "f2_0.1": 0.2484472049689441, "f2_0.2": 0.13333333333333333, "greedy_threshold": 0.06, "greedy_f2": 0.43478260869565216}, "ensemble_val1_label7.xgb": {"eta": 0.15, "max_depth": 4, "min_child_weight": 3, "best_iteration": 15, "best_ntree_limit": 16, "smooth_f2": 0.21113572748388748, "f2_0.1": 0.4898828541001065, "f2_0.2": 0.5153294194390085, "greedy_threshold": 0.18, "greedy_f2": 0.5232929164007659}}