{"ensemble_val1_label0.xgb": {"eta": 0.05, "max_depth": 4, "min_child_weight": 4, "best_iteration": 10, "best_ntree_limit": 11, "smooth_f2": 0.011794627197098296, "f2_0.1": 0.008591842271863976, "f2_0.2": 0.008591842271863976, "greedy_threshold": 0.35, "greedy_f2": 0.6310679611650485}, "ensemble_val1_label1.xgb": {"eta": 0.05, "max_depth": 4, "min_child_weight": 5, "best_iteration": 32, "best_ntree_limit": 33, "smooth_f2": 0.40334861152764023, "f2_0.1": 0.4663981344074624, "f2_0.2": 0.7168732125834129, "greedy_threshold": 0.24, "greedy_f2": 0.7241448289657932}, "ensemble_val1_label2.xgb": {"eta": 0.05, "max_depth": 3, "min_child_weight": 1, "best_iteration": 3, "best_ntree_limit": 4, "smooth_f2": 0.6274234466522843, "f2_0.1": 0.9798035471742681, "f2_0.2": 0.9798035471742681, "greedy_threshold": 0.44, "greedy_f2": 0.9822080922572619}, "ensemble_val1_label3.xgb": {"eta": 0.05, "max_depth": 2, "min_child_weight": 5, "best_iteration": 44, "best_ntree_limit": 45, "smooth_f2": 0.06531856873486937, "f2_0.1": 0.34172661870503596, "f2_0.2": 0.31007751937984496, "greedy_threshold": 0.06, "greedy_f2": 0.41322314049586784}, "ensemble_val1_label4.xgb": {"eta": 0.05, "max_depth": 4, "min_child_weight": 1, "best_iteration": 22, "best_ntree_limit": 23, "smooth_f2": 0.5708658290474478, "f2_0.1": 0.7242713240644988, "f2_0.2": 0.8170499357525809, "greedy_threshold": 0.27, "greedy_f2": 0.8324696127390937}, "ensemble_val1_label5.xgb": {"eta": 0.05, "max_depth": 4, "min_child_weight": 1, "best_iteration": 43, "best_ntree_limit": 44, "smooth_f2": 0.48884024617815386, "f2_0.1": 0.7371458551941238, "f2_0.2": 0.7729275130156187, "greedy_threshold": 0.18, "greedy_f2": 0.7783134901111877}, "ensemble_val1_label6.xgb": {"eta": 0.05, "max_depth": 3, "min_child_weight": 5, "best_iteration": 13, "best_ntree_limit": 14, "smooth_f2": 0.019795938091546086, "f2_0.1": 0.015291895295493388, "f2_0.2": 0.015291895295493388, "greedy_threshold": 0.27, "greedy_f2": 0.49568965517241387}, "ensemble_val1_label7.xgb": {"eta": 0.05, "max_depth": 6, "min_child_weight": 4, "best_iteration": 33, "best_ntree_limit": 34, "smooth_f2": 0.17749851061180538, "f2_0.1": 0.2961104140526976, "f2_0.2": 0.5055831265508685, "greedy_threshold": 0.23, "greedy_f2": 0.5280748663101604}, "ensemble_val1_label8.xgb": {"eta": 0.05, "max_depth": 5, "min_child_weight": 5, "best_iteration": 62, "best_ntree_limit": 63, "smooth_f2": 0.9266348367579506, "f2_0.1": 0.9799729525476315, "f2_0.2": 0.9808846100181388, "greedy_threshold": 0.21, "greedy_f2": 0.9809609250398724}, "ensemble_val1_label9.xgb": {"eta": 0.05, "max_depth": 5, "min_child_weight": 5, "best_iteration": 30, "best_ntree_limit": 31, "smooth_f2": 0.36439472426576347, "f2_0.1": 0.4219701996742475, "f2_0.2": 0.6498628257887518, "greedy_threshold": 0.21, "greedy_f2": 0.6562683931724543}, "ensemble_val1_label10.xgb": {"eta": 0.05, "max_depth": 3, "min_child_weight": 3, "best_iteration": 40, "best_ntree_limit": 41, "smooth_f2": 0.5045897621780715, "f2_0.1": 0.7627489603852046, "f2_0.2": 0.7942676706339568, "greedy_threshold": 0.18, "greedy_f2": 0.8012512030798845}, "ensemble_val1_label11.xgb": {"eta": 0.05, "max_depth": 3, "min_child_weight": 1, "best_iteration": 5, "best_ntree_limit": 6, "smooth_f2": 0.10970333712440773, "f2_0.1": 0.10738366769333223, "f2_0.2": 0.10738366769333223, "greedy_threshold": 0.4, "greedy_f2": 0.6037059175134488}, "ensemble_val1_label12.xgb": {"eta": 0.05, "max_depth": 7, "min_child_weight": 5, "best_iteration": 20, "best_ntree_limit": 21, "smooth_f2": 0.05321039921725723, "f2_0.1": 0.02934637616718542, "f2_0.2": 0.41742286751361163, "greedy_threshold": 0.24, "greedy_f2": 0.5163727959697733}, "ensemble_val2_label0.xgb": {"eta": 0.05, "max_depth": 2, "min_child_weight": 3, "best_iteration": 39, "best_ntree_limit": 40, "smooth_f2": 0.030890489780779573, "f2_0.1": 0.48648648648648646, "f2_0.2": 0.4225352112676056, "greedy_threshold": 0.12, "greedy_f2": 0.548780487804878}, "ensemble_val2_label1.xgb": {"eta": 0.05, "max_depth": 7, "min_child_weight": 5, "best_iteration": 34, "best_ntree_limit": 35, "smooth_f2": 0.4109270160737177, "f2_0.1": 0.5014258555133081, "f2_0.2": 0.716216216216216, "greedy_threshold": 0.21, "greedy_f2": 0.71849234393404}, "ensemble_val2_label2.xgb": {"eta": 0.05, "max_depth": 9, "min_child_weight": 4, "best_iteration": 28, "best_ntree_limit": 29, "smooth_f2": 0.8575381016787709, "f2_0.1": 0.9800180938520239, "f2_0.2": 0.9810469491892743, "greedy_threshold": 0.29, "greedy_f2": 0.9827995255041518}, "ensemble_val2_label3.xgb": {"eta": 0.05, "max_depth": 5, "min_child_weight": 2, "best_iteration": 10, "best_ntree_limit": 11, "smooth_f2": 0.02870896571850426, "f2_0.1": 0.0219180533190195, "f2_0.2": 0.0219180533190195, "greedy_threshold": 0.3, "greedy_f2": 0.44217687074829937}, "ensemble_val2_label4.xgb": {"eta": 0.05, "max_depth": 5, "min_child_weight": 4, "best_iteration": 22, "best_ntree_limit": 23, "smooth_f2": 0.5658862837950095, "f2_0.1": 0.7215720994687813, "f2_0.2": 0.8178397025222884, "greedy_threshold": 0.24, "greedy_f2": 0.8364903418923344}, "ensemble_val2_label5.xgb": {"eta": 0.05, "max_depth": 4, "min_child_weight": 1, "best_iteration": 33, "best_ntree_limit": 34, "smooth_f2": 0.4889234843636095, "f2_0.1": 0.670376055257099, "f2_0.2": 0.7621335896203749, "greedy_threshold": 0.24, "greedy_f2": 0.7686932215234102}, "ensemble_val2_label6.xgb": {"eta": 0.05, "max_depth": 4, "min_child_weight": 4, "best_iteration": 15, "best_ntree_limit": 16, "smooth_f2": 0.021819577607682553, "f2_0.1": 0.016621743036837378, "f2_0.2": 0.016621743036837378, "greedy_threshold": 0.27, "greedy_f2": 0.4035874439461884}, "ensemble_val2_label7.xgb": {"eta": 0.05, "max_depth": 3, "min_child_weight": 2, "best_iteration": 31, "best_ntree_limit": 32, "smooth_f2": 0.16646616960473543, "f2_0.1": 0.11418169783220256, "f2_0.2": 0.5487804878048781, "greedy_threshold": 0.18, "greedy_f2": 0.5715935334872979}, "ensemble_val2_label8.xgb": {"eta": 0.05, "max_depth": 9, "min_child_weight": 4, "best_iteration": 48, "best_ntree_limit": 49, "smooth_f2": 0.9108707833312739, "f2_0.1": 0.9786614360437471, "f2_0.2": 0.9807137886469829, "greedy_threshold": 0.24, "greedy_f2": 0.981756985521101}, "ensemble_val2_label9.xgb": {"eta": 0.05, "max_depth": 5, "min_child_weight": 5, "best_iteration": 23, "best_ntree_limit": 24, "smooth_f2": 0.3694665935854977, "f2_0.1": 0.41631240131179403, "f2_0.2": 0.6158920834974398, "greedy_threshold": 0.27, "greedy_f2": 0.6572276493137134}, "ensemble_val2_label10.xgb": {"eta": 0.05, "max_depth": 2, "min_child_weight": 1, "best_iteration": 13, "best_ntree_limit": 14, "smooth_f2": 0.3414314986711747, "f2_0.1": 0.27350974534073125, "f2_0.2": 0.27350974534073125, "greedy_threshold": 0.35, "greedy_f2": 0.8129227898297177}, "ensemble_val2_label11.xgb": {"eta": 0.05, "max_depth": 4, "min_child_weight": 1, "best_iteration": 12, "best_ntree_limit": 13, "smooth_f2": 0.12437965814991638, "f2_0.1": 0.10508757297748124, "f2_0.2": 0.10508757297748124, "greedy_threshold": 0.3, "greedy_f2": 0.5739934711643091}, "ensemble_val2_label12.xgb": {"eta": 0.05, "max_depth": 4, "min_child_weight": 5, "best_iteration": 5, "best_ntree_limit": 6, "smooth_f2": 0.04190999033505505, "f2_0.1": 0.03496194016640113, "f2_0.2": 0.03496194016640113, "greedy_threshold": 0.4, "greedy_f2": 0.6744186046511629}, "ensemble_val3_label0.xgb": {"eta": 0.05, "max_depth": 3, "min_child_weight": 5, "best_iteration": 19, "best_ntree_limit": 20, "smooth_f2": 0.013774759053801261, "f2_0.1": 0.008591842271863976, "f2_0.2": 0.19313304721030042, "greedy_threshold": 0.35, "greedy_f2": 0.44999999999999996}, "ensemble_val3_label1.xgb": {"eta": 0.05, "max_depth": 8, "min_child_weight": 4, "best_iteration": 36, "best_ntree_limit": 37, "smooth_f2": 0.4054494691181719, "f2_0.1": 0.5832721936903889, "f2_0.2": 0.7114268561136682, "greedy_threshold": 0.21, "greedy_f2": 0.7163063245100021}, "ensemble_val3_label2.xgb": {"eta": 0.05, "max_depth": 4, "min_child_weight": 4, "best_iteration": 25,