{"ensemble_val1_label0.xgb": {"eta": 0.05, "max_depth": 2, "min_child_weight": 1, "best_iteration": 27, "best_ntree_limit": 28, "smooth_f2": 0.018286420695006245, "f2_0.1": 0.008591842271863976, "f2_0.2": 0.5309734513274337, "greedy_threshold": 0.18, "greedy_f2": 0.6198347107438016}, "ensemble_val1_label1.xgb": {"eta": 0.05, "max_depth": 4, "min_child_weight": 1, "best_iteration": 11, "best_ntree_limit": 12, "smooth_f2": 0.31381621136153454, "f2_0.1": 0.30732779342078154, "f2_0.2": 0.30732779342078154, "greedy_threshold": 0.35, "greedy_f2": 0.721904009480545}, "ensemble_val1_label2.xgb": {"eta": 0.05, "max_depth": 7, "min_child_weight": 1, "best_iteration": 44, "best_ntree_limit": 45, "smooth_f2": 0.9031847596317083, "f2_0.1": 0.9815563665055723, "f2_0.2": 0.981922355033093, "greedy_threshold": 0.24, "greedy_f2": 0.982209922909666}, "ensemble_val1_label3.xgb": {"eta": 0.05, "max_depth": 3, "min_child_weight": 5, "best_iteration": 26, "best_ntree_limit": 27, "smooth_f2": 0.04268939664037192, "f2_0.1": 0.024988844265952694, "f2_0.2": 0.3308823529411765, "greedy_threshold": 0.15, "greedy_f2": 0.39682539682539686}, "ensemble_val1_label4.xgb": {"eta": 0.05, "max_depth": 8, "min_child_weight": 1, "best_iteration": 51, "best_ntree_limit": 52, "smooth_f2": 0.613313178453547, "f2_0.1": 0.820033880171184, "f2_0.2": 0.830892080892081, "greedy_threshold": 0.18, "greedy_f2": 0.8330988557493904}, "ensemble_val1_label5.xgb": {"eta": 0.05, "max_depth": 4, "min_child_weight": 1, "best_iteration": 34, "best_ntree_limit": 35, "smooth_f2": 0.4878873572751993, "f2_0.1": 0.6739469578783152, "f2_0.2": 0.7719040626529613, "greedy_threshold": 0.21, "greedy_f2": 0.7749406175771971}, "ensemble_val1_label6.xgb": {"eta": 0.05, "max_depth": 6, "min_child_weight": 4, "best_iteration": 18, "best_ntree_limit": 19, "smooth_f2": 0.02319856791193796, "f2_0.1": 0.015291895295493388, "f2_0.2": 0.39711191335740076, "greedy_threshold": 0.24, "greedy_f2": 0.4716981132075472}, "ensemble_val1_label7.xgb": {"eta": 0.05, "max_depth": 3, "min_child_weight": 3, "best_iteration": 27, "best_ntree_limit": 28, "smooth_f2": 0.1572401037800761, "f2_0.1": 0.10738366769333223, "f2_0.2": 0.4937906564163217, "greedy_threshold": 0.24, "greedy_f2": 0.5254350736278447}, "ensemble_val1_label8.xgb": {"eta": 0.05, "max_depth": 10, "min_child_weight": 4, "best_iteration": 19, "best_ntree_limit": 20, "smooth_f2": 0.8041115582973605, "f2_0.1": 0.9777456016819724, "f2_0.2": 0.9794685270208494, "greedy_threshold": 0.27, "greedy_f2": 0.9809766894653933}, "ensemble_val1_label9.xgb": {"eta": 0.05, "max_depth": 3, "min_child_weight": 1, "best_iteration": 30, "best_ntree_limit": 31, "smooth_f2": 0.35507891940142466, "f2_0.1": 0.4219701996742475, "f2_0.2": 0.6460769842171, "greedy_threshold": 0.21, "greedy_f2": 0.6530089628681178}, "ensemble_val1_label10.xgb": {"eta": 0.05, "max_depth": 4, "min_child_weight": 1, "best_iteration": 30, "best_ntree_limit": 31, "smooth_f2": 0.44245777500551786, "f2_0.1": 0.2645559623806447, "f2_0.2": 0.7958845789971618, "greedy_threshold": 0.24, "greedy_f2": 0.8029197080291971}, "ensemble_val1_label11.xgb": {"eta": 0.05, "max_depth": 4, "min_child_weight": 4, "best_iteration": 24, "best_ntree_limit": 25, "smooth_f2": 0.15609709555610882, "f2_0.1": 0.10738366769333223, "f2_0.2": 0.5719557195571956, "greedy_threshold": 0.24, "greedy_f2": 0.5944272445820433}, "ensemble_val1_label12.xgb": {"eta": 0.05, "max_depth": 3, "min_child_weight": 5, "best_iteration": 29, "best_ntree_limit": 30, "smooth_f2": 0.06766143719619688, "f2_0.1": 0.02934637616718542, "f2_0.2": 0.5015197568389058, "greedy_threshold": 0.18, "greedy_f2": 0.576923076923077}, "ensemble_val2_label0.xgb": {"eta": 0.05, "max_depth": 4, "min_child_weight": 1, "best_iteration": 25, "best_ntree_limit": 26, "smooth_f2": 0.0182886756828674, "f2_0.1": 0.012173128944995492, "f2_0.2": 0.26119402985074625, "greedy_threshold": 0.18, "greedy_f2": 0.5379746835443038}, "ensemble_val2_label1.xgb": {"eta": 0.05, "max_depth": 7, "min_child_weight": 4, "best_iteration": 23, "best_ntree_limit": 24, "smooth_f2": 0.36578185516187756, "f2_0.1": 0.29894693085769714, "f2_0.2": 0.665807560137457, "greedy_threshold": 0.24, "greedy_f2": 0.7159487776484285}, "ensemble_val2_label2.xgb": {"eta": 0.05, "max_depth": 6, "min_child_weight": 5, "best_iteration": 22, "best_ntree_limit": 23, "smooth_f2": 0.82881988409529, "f2_0.1": 0.9800180938520239, "f2_0.2": 0.9808786750950158, "greedy_threshold": 0.3, "greedy_f2": 0.9826863783698316}, "ensemble_val2_label3.xgb": {"eta": 0.05, "max_depth": 3, "min_child_weight": 5, "best_iteration": 27, "best_ntree_limit": 28, "smooth_f2": 0.04428018784616614, "f2_0.1": 0.0219180533190195, "f2_0.2": 0.3784860557768924, "greedy_threshold": 0.15, "greedy_f2": 0.4332129963898917}, "ensemble_val2_label4.xgb": {"eta": 0.05, "max_depth": 6, "min_child_weight": 5, "best_iteration": 16, "best_ntree_limit": 17, "smooth_f2": 0.5545512807420506, "f2_0.1": 0.7215720994687813, "f2_0.2": 0.7215720994687813, "greedy_threshold": 0.3, "greedy_f2": 0.8359478988400837}, "ensemble_val2_label5.xgb": {"eta": 0.05, "max_depth": 8, "min_child_weight": 2, "best_iteration": 34, "best_ntree_limit": 35, "smooth_f2": 0.4840047395602434, "f2_0.1": 0.6944777431471271, "f2_0.2": 0.7662576094308629, "greedy_threshold": 0.2, "greedy_f2": 0.7662576094308629}, "ensemble_val2_label6.xgb": {"eta": 0.05, "max_depth": 5, "min_child_weight": 5, "best_iteration": 4, "best_ntree_limit": 5, "smooth_f2": 0.017902163914455916, "f2_0.1": 0.016621743036837378, "f2_0.2": 0.016621743036837378, "greedy_threshold": 0.4, "greedy_f2": 0.41284403669724773}, "ensemble_val2_label7.xgb": {"eta": 0.05, "max_depth": 3, "min_child_weight": 4, "best_iteration": 41, "best_ntree_limit": 42, "smooth_f2": 0.18844705284964786, "f2_0.1": 0.5102954341987467, "f2_0.2": 0.5319148936170214, "greedy_threshold": 0.15, "greedy_f2": 0.5744431418522862}, "ensemble_val2_label8.xgb": {"eta": 0.05, "max_depth": 4, "min_child_weight": 5, "best_iteration": 31, "best_ntree_limit": 32, "smooth_f2": 0.8665165380701332, "f2_0.1": 0.9781575507940907, "f2_0.2": 0.9807447738653526, "greedy_threshold": 0.27, "greedy_f2": 0.9815242494226327}, "ensemble_val2_label9.xgb": {"eta": 0.05, "max_depth": 3, "min_child_weight": 1, "best_iteration": 23, "best_ntree_limit": 24, "smooth_f2": 0.36331086993723705, "f2_0.1": 0.41631240131179403, "f2_0.2": 0.6256988919385992, "greedy_threshold": 0.27, "greedy_f2": 0.6537890044576523}, "ensemble_val2_label10.xgb": {"eta": 0.05, "max_depth": 5, "min_child_weight": 2, "best_iteration": 16, "best_ntree_limit": 17, "smooth_f2": 0.3659875686491909, "f2_0.1": 0.27350974534073125, "f2_0.2": 0.27350974534073125, "greedy_threshold": 0.3, "greedy_f2": 0.8120055839925547}, "ensemble_val2_label11.xgb": {"eta": 0.05, "max_depth": 2, "min_child_weight": 1, "best_iteration": 47, "best_ntree_limit": 48, "smooth_f2": 0.2039955391723584, "f2_0.1": 0.5294681360804983, "f2_0.2": 0.5304054054054055, "greedy_threshold": 0.15, "greedy_f2": 0.5761194029850747}, "ensemble_val2_label12.xgb": {"eta": 0.05, "max_depth": 3, "min_child_weight": 4, "best_iteration": 35, "best_ntree_limit": 36, "smooth_f2": 0.1341333082775472, "f2_0.1": 0.4319371727748691, "f2_0.2": 0.6635071090047393, "greedy_threshold": 0.21, "greedy_f2": 0.671462829736211}, "ensemble_val3_label0.xgb": {"eta": 0.05, "max_depth": 8, "min_child_weight": 3, "best_iteration": 37, "best_ntree_limit": 38, "smooth_f2": 0.026983363635673024, "f2_0.1": 0.2702702702702703, "f2_0.2": 0.4054054054054054, "greedy_threshold": 0.3, "greedy_f2": 0.4591836734693877}, "ensemble_val3_label1.xgb": {"eta": 0.05, "max_depth": 4, "min_child_weight": 1, "best_iteration": 25, "best_ntree_limit": 26, "smooth_f2": 0.3473752023420772, "f2_0.1": 0.2955288227522425, "f2_0.2": 0.6844678450545317, "greedy_threshold": 0.24, "greedy_f2": 0.6981891348088533}, "ensemble_val3_label2.xgb": {"eta": 0.05, "max_depth": 10, "min_child_weight": 4, "best_iteration": 38, "best_ntree_limit": 39,