{"ensemble_val1_label0.xgb": {"eta": 0.15, "max_depth": 7, "min_child_weight": 3, "best_iteration": 8, "best_ntree_limit": 9, "smooth_f2": 0.02026089525922384, "f2_0.1": 0.008591842271863976, "f2_0.2": 0.6000000000000001, "greedy_threshold": 0.21, "greedy_f2": 0.6198347107438016}, "ensemble_val1_label1.xgb": {"eta": 0.05, "max_depth": 5, "min_child_weight": 2, "best_iteration": 11, "best_ntree_limit": 12, "smooth_f2": 0.3148436502106852, "f2_0.1": 0.30732779342078154, "f2_0.2": 0.30732779342078154, "greedy_threshold": 0.35, "greedy_f2": 0.7239552678045909}, "ensemble_val1_label2.xgb": {"eta": 0.2, "max_depth": 6, "min_child_weight": 2, "best_iteration": 15, "best_ntree_limit": 16, "smooth_f2": 0.9286332613001267, "f2_0.1": 0.9816211307643715, "f2_0.2": 0.9822629122834771, "greedy_threshold": 0.21, "greedy_f2": 0.9824183213353374}, "ensemble_val1_label3.xgb": {"eta": 0.05, "max_depth": 3, "min_child_weight": 5, "best_iteration": 30, "best_ntree_limit": 31, "smooth_f2": 0.04882172708987667, "f2_0.1": 0.024988844265952694, "f2_0.2": 0.33333333333333337, "greedy_threshold": 0.12, "greedy_f2": 0.42397660818713456}, "ensemble_val1_label4.xgb": {"eta": 0.05, "max_depth": 8, "min_child_weight": 5, "best_iteration": 21, "best_ntree_limit": 22, "smooth_f2": 0.5737436847393048, "f2_0.1": 0.7242713240644988, "f2_0.2": 0.8129597815074227, "greedy_threshold": 0.27, "greedy_f2": 0.8332158134724768}, "ensemble_val1_label5.xgb": {"eta": 0.1, "max_depth": 6, "min_child_weight": 1, "best_iteration": 7, "best_ntree_limit": 8, "smooth_f2": 0.43798246375962796, "f2_0.1": 0.486964255934182, "f2_0.2": 0.486964255934182, "greedy_threshold": 0.3, "greedy_f2": 0.7772071894133912}, "ensemble_val1_label6.xgb": {"eta": 0.15, "max_depth": 4, "min_child_weight": 4, "best_iteration": 21, "best_ntree_limit": 22, "smooth_f2": 0.09775080566704929, "f2_0.1": 0.4439252336448598, "f2_0.2": 0.35911602209944743, "greedy_threshold": 0.12, "greedy_f2": 0.4702970297029703}, "ensemble_val1_label7.xgb": {"eta": 0.15, "max_depth": 6, "min_child_weight": 1, "best_iteration": 29, "best_ntree_limit": 30, "smooth_f2": 0.2533961041241777, "f2_0.1": 0.5114320096269553, "f2_0.2": 0.48111190306486107, "greedy_threshold": 0.12, "greedy_f2": 0.5301587301587302}, "ensemble_val1_label8.xgb": {"eta": 0.15, "max_depth": 9, "min_child_weight": 1, "best_iteration": 9, "best_ntree_limit": 10, "smooth_f2": 0.8640940251173235, "f2_0.1": 0.9777456016819724, "f2_0.2": 0.9804331799071473, "greedy_threshold": 0.32, "greedy_f2": 0.9813252289358981}, "ensemble_val1_label9.xgb": {"eta": 0.1, "max_depth": 4, "min_child_weight": 5, "best_iteration": 17, "best_ntree_limit": 18, "smooth_f2": 0.3668869706945485, "f2_0.1": 0.5404231801673772, "f2_0.2": 0.6493738819320215, "greedy_threshold": 0.21, "greedy_f2": 0.6551471486139945}, "ensemble_val1_label10.xgb": {"eta": 0.05, "max_depth": 5, "min_child_weight": 4, "best_iteration": 41, "best_ntree_limit": 42, "smooth_f2": 0.5040507972958804, "f2_0.1": 0.7663344407530455, "f2_0.2": 0.8009180961584924, "greedy_threshold": 0.21, "greedy_f2": 0.8057851239669421}, "ensemble_val1_label11.xgb": {"eta": 0.1, "max_depth": 7, "min_child_weight": 3, "best_iteration": 14, "best_ntree_limit": 15, "smooth_f2": 0.1709887626890822, "f2_0.1": 0.10738366769333223, "f2_0.2": 0.5892751915144373, "greedy_threshold": 0.21, "greedy_f2": 0.5981873111782479}, "ensemble_val1_label12.xgb": {"eta": 0.15, "max_depth": 3, "min_child_weight": 3, "best_iteration": 33, "best_ntree_limit": 34, "smooth_f2": 0.22725711381042718, "f2_0.1": 0.4747774480712166, "f2_0.2": 0.42483660130718953, "greedy_threshold": 0.06, "greedy_f2": 0.5509641873278237}, "ensemble_val2_label0.xgb": {"eta": 0.15, "max_depth": 2, "min_child_weight": 1, "best_iteration": 22, "best_ntree_limit": 23, "smooth_f2": 0.06345348694071307, "f2_0.1": 0.5263157894736842, "f2_0.2": 0.2439024390243902, "greedy_threshold": 0.09, "greedy_f2": 0.576923076923077}, "ensemble_val2_label1.xgb": {"eta": 0.1, "max_depth": 7, "min_child_weight": 1, "best_iteration": 28, "best_ntree_limit": 29, "smooth_f2": 0.45988680378826413, "f2_0.1": 0.6615490771088494, "f2_0.2": 0.6987927153673009, "greedy_threshold": 0.18, "greedy_f2": 0.7105580088317945}, "ensemble_val2_label2.xgb": {"eta": 0.2, "max_depth": 7, "min_child_weight": 5, "best_iteration": 15, "best_ntree_limit": 16, "smooth_f2": 0.9330124421064664, "f2_0.1": 0.9819139284446371, "f2_0.2": 0.9828874046555747, "greedy_threshold": 0.22, "greedy_f2": 0.982942304271342}, "ensemble_val2_label3.xgb": {"eta": 0.2, "max_depth": 3, "min_child_weight": 2, "best_iteration": 16, "best_ntree_limit": 17, "smooth_f2": 0.1451962763299778, "f2_0.1": 0.38, "f2_0.2": 0.3879310344827586, "greedy_threshold": 0.06, "greedy_f2": 0.470383275261324}, "ensemble_val2_label4.xgb": {"eta": 0.1, "max_depth": 4, "min_child_weight": 2, "best_iteration": 26, "best_ntree_limit": 27, "smooth_f2": 0.6186192280551065, "f2_0.1": 0.8232895333031263, "f2_0.2": 0.8304979153687639, "greedy_threshold": 0.18, "greedy_f2": 0.8366202537660979}, "ensemble_val2_label5.xgb": {"eta": 0.2, "max_depth": 5, "min_child_weight": 4, "best_iteration": 13, "best_ntree_limit": 14, "smooth_f2": 0.5224600360939092, "f2_0.1": 0.7544163176106357, "f2_0.2": 0.755179661695526, "greedy_threshold": 0.12, "greedy_f2": 0.765034965034965}, "ensemble_val2_label6.xgb": {"eta": 0.1, "max_depth": 5, "min_child_weight": 4, "best_iteration": 4, "best_ntree_limit": 5, "smooth_f2": 0.019618372198307085, "f2_0.1": 0.016621743036837378, "f2_0.2": 0.016621743036837378, "greedy_threshold": 0.36, "greedy_f2": 0.39893617021276595}, "ensemble_val2_label7.xgb": {"eta": 0.15, "max_depth": 2, "min_child_weight": 1, "best_iteration": 12, "best_ntree_limit": 13, "smooth_f2": 0.1743405309298134, "f2_0.1": 0.49408783783783783, "f2_0.2": 0.5245901639344261, "greedy_threshold": 0.15, "greedy_f2": 0.5753504672897196}, "ensemble_val2_label8.xgb": {"eta": 0.15, "max_depth": 5, "min_child_weight": 3, "best_iteration": 53, "best_ntree_limit": 54, "smooth_f2": 0.9399548268966736, "f2_0.1": 0.9802227914457614, "f2_0.2": 0.9813800657174152, "greedy_threshold": 0.24, "greedy_f2": 0.9818243418299222}, "ensemble_val2_label9.xgb": {"eta": 0.2, "max_depth": 7, "min_child_weight": 4, "best_iteration": 25, "best_ntree_limit": 26, "smooth_f2": 0.39884650936240296, "f2_0.1": 0.6347521494533489, "f2_0.2": 0.6374425727411945, "greedy_threshold": 0.15, "greedy_f2": 0.6570854033593565}, "ensemble_val2_label10.xgb": {"eta": 0.15, "max_depth": 2, "min_child_weight": 1, "best_iteration": 8, "best_ntree_limit": 9, "smooth_f2": 0.4327533710369925, "f2_0.1": 0.27350974534073125, "f2_0.2": 0.7985091484074993, "greedy_threshold": 0.24, "greedy_f2": 0.8104969809568044}, "ensemble_val2_label11.xgb": {"eta": 0.15, "max_depth": 6, "min_child_weight": 3, "best_iteration": 2, "best_ntree_limit": 3, "smooth_f2": 0.11496916202411712, "f2_0.1": 0.10508757297748124, "f2_0.2": 0.10508757297748124, "greedy_threshold": 0.36, "greedy_f2": 0.5711610486891384}, "ensemble_val2_label12.xgb": {"eta": 0.15, "max_depth": 6, "min_child_weight": 3, "best_iteration": 5, "best_ntree_limit": 6, "smooth_f2": 0.06772706569549217, "f2_0.1": 0.03496194016640113, "f2_0.2": 0.5138662316476346, "greedy_threshold": 0.3, "greedy_f2": 0.6744186046511629}, "ensemble_val3_label0.xgb": {"eta": 0.05, "max_depth": 6, "min_child_weight": 1, "best_iteration": 14, "best_ntree_limit": 15, "smooth_f2": 0.011836882658991618, "f2_0.1": 0.008591842271863976, "f2_0.2": 0.008591842271863976, "greedy_threshold": 0.35, "greedy_f2": 0.43269230769230765}, "ensemble_val3_label1.xgb": {"eta": 0.05, "max_depth": 5, "min_child_weight": 3, "best_iteration": 33, "best_ntree_limit": 34, "smooth_f2": 0.37511092208064883, "f2_0.1": 0.43895747599451307, "f2_0.2": 0.6968190854870775, "greedy_threshold": 0.21, "greedy_f2": 0.7011887970985291}, "ensemble_val3_label2.xgb": {"eta": 0.1, "max_depth": 10, "min_child_weight": 2, "best_iteration": 22, "best_ntree_limit": 23,