{"ensemble_val1_label0.xgb": {"eta": 0.15, "max_depth": 2, "min_child_weight": 5, "best_iteration": 8, "best_ntree_limit": 9, "smooth_f2": 0.018572565234925995, "f2_0.1": 0.008591842271863976, "f2_0.2": 0.5555555555555556, "greedy_threshold": 0.21, "greedy_f2": 0.648148148148148}, "ensemble_val1_label1.xgb": {"eta": 0.15, "max_depth": 3, "min_child_weight": 1, "best_iteration": 8, "best_ntree_limit": 9, "smooth_f2": 0.3779054705852222, "f2_0.1": 0.30732779342078154, "f2_0.2": 0.6954177897574124, "greedy_threshold": 0.26, "greedy_f2": 0.7234378080031539}, "ensemble_val1_label2.xgb": {"eta": 0.15, "max_depth": 10, "min_child_weight": 5, "best_iteration": 22, "best_ntree_limit": 23, "smooth_f2": 0.9355403426025789, "f2_0.1": 0.9819401954011643, "f2_0.2": 0.9817739735505168, "greedy_threshold": 0.15, "greedy_f2": 0.9824991111286691}, "ensemble_val1_label3.xgb": {"eta": 0.15, "max_depth": 8, "min_child_weight": 2, "best_iteration": 26, "best_ntree_limit": 27, "smooth_f2": 0.13089082193175933, "f2_0.1": 0.33333333333333337, "f2_0.2": 0.2734375, "greedy_threshold": 0.06, "greedy_f2": 0.42662116040955633}, "ensemble_val1_label4.xgb": {"eta": 0.15, "max_depth": 4, "min_child_weight": 1, "best_iteration": 3, "best_ntree_limit": 4, "smooth_f2": 0.5339832186297415, "f2_0.1": 0.7242713240644988, "f2_0.2": 0.7242713240644988, "greedy_threshold": 0.35, "greedy_f2": 0.8319503058466499}, "ensemble_val1_label5.xgb": {"eta": 0.15, "max_depth": 4, "min_child_weight": 4, "best_iteration": 15, "best_ntree_limit": 16, "smooth_f2": 0.5012488271258753, "f2_0.1": 0.7477638640429339, "f2_0.2": 0.7704276249749046, "greedy_threshold": 0.15, "greedy_f2": 0.7757622539560016}, "ensemble_val1_label6.xgb": {"eta": 0.15, "max_depth": 6, "min_child_weight": 1, "best_iteration": 25, "best_ntree_limit": 26, "smooth_f2": 0.1532702500069671, "f2_0.1": 0.5147058823529411, "f2_0.2": 0.41899441340782123, "greedy_threshold": 0.1, "greedy_f2": 0.5147058823529411}, "ensemble_val1_label7.xgb": {"eta": 0.15, "max_depth": 4, "min_child_weight": 1, "best_iteration": 15, "best_ntree_limit": 16, "smooth_f2": 0.2154512017201843, "f2_0.1": 0.4874371859296482, "f2_0.2": 0.5214723926380369, "greedy_threshold": 0.18, "greedy_f2": 0.5347769028871391}, "ensemble_val1_label8.xgb": {"eta": 0.15, "max_depth": 5, "min_child_weight": 1, "best_iteration": 52, "best_ntree_limit": 53, "smooth_f2": 0.938145116746191, "f2_0.1": 0.9803199745293908, "f2_0.2": 0.9804214765635902, "greedy_threshold": 0.27, "greedy_f2": 0.9812514974842265}, "ensemble_val1_label9.xgb": {"eta": 0.15, "max_depth": 6, "min_child_weight": 5, "best_iteration": 8, "best_ntree_limit": 9, "smooth_f2": 0.35747924125435565, "f2_0.1": 0.4219701996742475, "f2_0.2": 0.6501719738155997, "greedy_threshold": 0.22, "greedy_f2": 0.6561954624781849}, "ensemble_val1_label10.xgb": {"eta": 0.15, "max_depth": 5, "min_child_weight": 1, "best_iteration": 18, "best_ntree_limit": 19, "smooth_f2": 0.5555984255683037, "f2_0.1": 0.7913003239241092, "f2_0.2": 0.792712949286066, "greedy_threshold": 0.15, "greedy_f2": 0.8026030368763557}, "ensemble_val1_label11.xgb": {"eta": 0.15, "max_depth": 2, "min_child_weight": 1, "best_iteration": 7, "best_ntree_limit": 8, "smooth_f2": 0.1485350556499733, "f2_0.1": 0.10738366769333223, "f2_0.2": 0.5758733624454148, "greedy_threshold": 0.23, "greedy_f2": 0.5986560781918142}, "ensemble_val1_label12.xgb": {"eta": 0.15, "max_depth": 7, "min_child_weight": 3, "best_iteration": 15, "best_ntree_limit": 16, "smooth_f2": 0.12444365767609523, "f2_0.1": 0.49738219895287955, "f2_0.2": 0.4658385093167702, "greedy_threshold": 0.12, "greedy_f2": 0.5352112676056339}, "ensemble_val2_label0.xgb": {"eta": 0.15, "max_depth": 2, "min_child_weight": 3, "best_iteration": 26, "best_ntree_limit": 27, "smooth_f2": 0.10893603053174318, "f2_0.1": 0.5161290322580645, "f2_0.2": 0.48872180451127817, "greedy_threshold": 0.06, "greedy_f2": 0.5688622754491018}, "ensemble_val2_label1.xgb": {"eta": 0.15, "max_depth": 4, "min_child_weight": 3, "best_iteration": 19, "best_ntree_limit": 20, "smooth_f2": 0.46274289860165335, "f2_0.1": 0.6873534187263216, "f2_0.2": 0.694589513265093, "greedy_threshold": 0.16, "greedy_f2": 0.7128554265118141}, "ensemble_val2_label2.xgb": {"eta": 0.15, "max_depth": 10, "min_child_weight": 5, "best_iteration": 20, "best_ntree_limit": 21, "smooth_f2": 0.9292106127827745, "f2_0.1": 0.9821375761518899, "f2_0.2": 0.9819680882614628, "greedy_threshold": 0.14, "greedy_f2": 0.9828654901496309}, "ensemble_val2_label3.xgb": {"eta": 0.15, "max_depth": 6, "min_child_weight": 1, "best_iteration": 6, "best_ntree_limit": 7, "smooth_f2": 0.042078297066602335, "f2_0.1": 0.0219180533190195, "f2_0.2": 0.40462427745664736, "greedy_threshold": 0.22, "greedy_f2": 0.4294478527607362}, "ensemble_val2_label4.xgb": {"eta": 0.15, "max_depth": 5, "min_child_weight": 2, "best_iteration": 15, "best_ntree_limit": 16, "smooth_f2": 0.6008208806797134, "f2_0.1": 0.8175313059033991, "f2_0.2": 0.832614736035259, "greedy_threshold": 0.18, "greedy_f2": 0.8363369060039837}, "ensemble_val2_label5.xgb": {"eta": 0.15, "max_depth": 6, "min_child_weight": 4, "best_iteration": 18, "best_ntree_limit": 19, "smooth_f2": 0.5098551879282264, "f2_0.1": 0.7505825416741351, "f2_0.2": 0.7631318136769077, "greedy_threshold": 0.19, "greedy_f2": 0.7682099675611913}, "ensemble_val2_label6.xgb": {"eta": 0.15, "max_depth": 7, "min_child_weight": 2, "best_iteration": 11, "best_ntree_limit": 12, "smooth_f2": 0.0405564410689178, "f2_0.1": 0.33783783783783783, "f2_0.2": 0.3005464480874317, "greedy_threshold": 0.16, "greedy_f2": 0.4455445544554455}, "ensemble_val2_label7.xgb": {"eta": 0.15, "max_depth": 6, "min_child_weight": 1, "best_iteration": 3, "best_ntree_limit": 4, "smooth_f2": 0.12572661842372745, "f2_0.1": 0.11418169783220256, "f2_0.2": 0.11418169783220256, "greedy_threshold": 0.3, "greedy_f2": 0.5674931129476584}, "ensemble_val2_label8.xgb": {"eta": 0.15, "max_depth": 7, "min_child_weight": 5, "best_iteration": 31, "best_ntree_limit": 32, "smooth_f2": 0.9410032412067791, "f2_0.1": 0.9804953621864261, "f2_0.2": 0.9811204269810608, "greedy_threshold": 0.24, "greedy_f2": 0.9817601913684841}, "ensemble_val2_label9.xgb": {"eta": 0.15, "max_depth": 3, "min_child_weight": 1, "best_iteration": 12, "best_ntree_limit": 13, "smooth_f2": 0.3845417018561706, "f2_0.1": 0.570884871550904, "f2_0.2": 0.6544406280667321, "greedy_threshold": 0.21, "greedy_f2": 0.6545024286959771}, "ensemble_val2_label10.xgb": {"eta": 0.15, "max_depth": 4, "min_child_weight": 2, "best_iteration": 19, "best_ntree_limit": 20, "smooth_f2": 0.5615104945271789, "f2_0.1": 0.7957559681697612, "f2_0.2": 0.8013731060606061, "greedy_threshold": 0.16, "greedy_f2": 0.8128763316350163}, "ensemble_val2_label11.xgb": {"eta": 0.15, "max_depth": 4, "min_child_weight": 2, "best_iteration": 6, "best_ntree_limit": 7, "smooth_f2": 0.14761671444230737, "f2_0.1": 0.10508757297748124, "f2_0.2": 0.5242311276794035, "greedy_threshold": 0.24, "greedy_f2": 0.5753968253968255}, "ensemble_val2_label12.xgb": {"eta": 0.15, "max_depth": 9, "min_child_weight": 3, "best_iteration": 20, "best_ntree_limit": 21, "smooth_f2": 0.2297044799623697, "f2_0.1": 0.6502242152466368, "f2_0.2": 0.5597964376590331, "greedy_threshold": 0.12, "greedy_f2": 0.6791569086651055}, "ensemble_val3_label0.xgb": {"eta": 0.15, "max_depth": 2, "min_child_weight": 3, "best_iteration": 14, "best_ntree_limit": 15, "smooth_f2": 0.029939264738088386, "f2_0.1": 0.21951219512195122, "f2_0.2": 0.4017857142857143, "greedy_threshold": 0.31, "greedy_f2": 0.46874999999999994}, "ensemble_val3_label1.xgb": {"eta": 0.15, "max_depth": 5, "min_child_weight": 2, "best_iteration": 14, "best_ntree_limit": 15, "smooth_f2": 0.4124351161218416, "f2_0.1": 0.661942620117525, "f2_0.2": 0.6996481059821984, "greedy_threshold": 0.15, "greedy_f2": 0.707584050039093}, "ensemble_val3_label2.xgb": {"eta": 0.15, "max_depth": 5, "min_child_weight": 1, "best_iteration": 21, "best_ntree_limit": 22,