{"ensemble_val1_label0.xgb": {"eta": 0.15, "max_depth": 4, "min_child_weight": 2, "best_iteration": 5, "best_ntree_limit": 6, "smooth_f2": 0.015317174994212365, "f2_0.1": 0.008591842271863976, "f2_0.2": 0.41436464088397784, "greedy_threshold": 0.28, "greedy_f2": 0.6306306306306305}, "ensemble_val1_label1.xgb": {"eta": 0.15, "max_depth": 3, "min_child_weight": 1, "best_iteration": 14, "best_ntree_limit": 15, "smooth_f2": 0.43127447268965674, "f2_0.1": 0.67702177950363, "f2_0.2": 0.7226291823401308, "greedy_threshold": 0.21, "greedy_f2": 0.7264019157852724}, "ensemble_val1_label2.xgb": {"eta": 0.2, "max_depth": 6, "min_child_weight": 3, "best_iteration": 25, "best_ntree_limit": 26, "smooth_f2": 0.944247605417848, "f2_0.1": 0.9818573064318712, "f2_0.2": 0.9823458474190935, "greedy_threshold": 0.23, "greedy_f2": 0.9825772258038997}, "ensemble_val1_label3.xgb": {"eta": 0.1, "max_depth": 6, "min_child_weight": 4, "best_iteration": 46, "best_ntree_limit": 47, "smooth_f2": 0.1579140845676098, "f2_0.1": 0.3690036900369004, "f2_0.2": 0.2952755905511811, "greedy_threshold": 0.06, "greedy_f2": 0.44262295081967207}, "ensemble_val1_label4.xgb": {"eta": 0.15, "max_depth": 7, "min_child_weight": 1, "best_iteration": 7, "best_ntree_limit": 8, "smooth_f2": 0.5771356723040085, "f2_0.1": 0.7242713240644988, "f2_0.2": 0.8247632854618765, "greedy_threshold": 0.25, "greedy_f2": 0.8329810718143816}, "ensemble_val1_label5.xgb": {"eta": 0.1, "max_depth": 3, "min_child_weight": 2, "best_iteration": 56, "best_ntree_limit": 57, "smooth_f2": 0.5152780259810413, "f2_0.1": 0.7623780945236308, "f2_0.2": 0.7647775746496039, "greedy_threshold": 0.15, "greedy_f2": 0.7795144008650351}, "ensemble_val1_label6.xgb": {"eta": 0.15, "max_depth": 5, "min_child_weight": 2, "best_iteration": 17, "best_ntree_limit": 18, "smooth_f2": 0.06737084232422628, "f2_0.1": 0.47738693467336685, "f2_0.2": 0.3012048192771084, "greedy_threshold": 0.12, "greedy_f2": 0.5053191489361702}, "ensemble_val1_label7.xgb": {"eta": 0.2, "max_depth": 7, "min_child_weight": 4, "best_iteration": 17, "best_ntree_limit": 18, "smooth_f2": 0.24973978442162084, "f2_0.1": 0.4983296213808463, "f2_0.2": 0.5071967100753941, "greedy_threshold": 0.15, "greedy_f2": 0.528146742567995}, "ensemble_val1_label8.xgb": {"eta": 0.2, "max_depth": 3, "min_child_weight": 4, "best_iteration": 67, "best_ntree_limit": 68, "smooth_f2": 0.9415935290346612, "f2_0.1": 0.9801288936627283, "f2_0.2": 0.981019598460833, "greedy_threshold": 0.21, "greedy_f2": 0.981195660843902}, "ensemble_val1_label9.xgb": {"eta": 0.05, "max_depth": 6, "min_child_weight": 4, "best_iteration": 31, "best_ntree_limit": 32, "smooth_f2": 0.36668743295150097, "f2_0.1": 0.4219701996742475, "f2_0.2": 0.6541032733978792, "greedy_threshold": 0.21, "greedy_f2": 0.657675855513308}, "ensemble_val1_label10.xgb": {"eta": 0.1, "max_depth": 2, "min_child_weight": 1, "best_iteration": 19, "best_ntree_limit": 20, "smooth_f2": 0.5003114321070068, "f2_0.1": 0.7639956092206366, "f2_0.2": 0.8003359731221502, "greedy_threshold": 0.21, "greedy_f2": 0.8032273603082851}, "ensemble_val1_label11.xgb": {"eta": 0.2, "max_depth": 3, "min_child_weight": 3, "best_iteration": 13, "best_ntree_limit": 14, "smooth_f2": 0.22865355926718386, "f2_0.1": 0.5828386400431731, "f2_0.2": 0.5570560432140447, "greedy_threshold": 0.15, "greedy_f2": 0.6044957472660996}, "ensemble_val1_label12.xgb": {"eta": 0.2, "max_depth": 4, "min_child_weight": 4, "best_iteration": 4, "best_ntree_limit": 5, "smooth_f2": 0.053378681062008444, "f2_0.1": 0.02934637616718542, "f2_0.2": 0.44534412955465585, "greedy_threshold": 0.24, "greedy_f2": 0.5213903743315508}, "ensemble_val2_label0.xgb": {"eta": 0.2, "max_depth": 2, "min_child_weight": 2, "best_iteration": 20, "best_ntree_limit": 21, "smooth_f2": 0.11211617515175616, "f2_0.1": 0.49668874172185434, "f2_0.2": 0.39370078740157477, "greedy_threshold": 0.07, "greedy_f2": 0.5625}, "ensemble_val2_label1.xgb": {"eta": 0.2, "max_depth": 4, "min_child_weight": 2, "best_iteration": 12, "best_ntree_limit": 13, "smooth_f2": 0.45729598336607113, "f2_0.1": 0.6758165392633773, "f2_0.2": 0.7046014790468365, "greedy_threshold": 0.18, "greedy_f2": 0.7188819625980294}, "ensemble_val2_label2.xgb": {"eta": 0.2, "max_depth": 3, "min_child_weight": 1, "best_iteration": 44, "best_ntree_limit": 45, "smooth_f2": 0.9414732752678567, "f2_0.1": 0.9824935362267353, "f2_0.2": 0.9825949367088607, "greedy_threshold": 0.15, "greedy_f2": 0.9828485614922542}, "ensemble_val2_label3.xgb": {"eta": 0.2, "max_depth": 8, "min_child_weight": 2, "best_iteration": 4, "best_ntree_limit": 5, "smooth_f2": 0.03501073164952564, "f2_0.1": 0.0219180533190195, "f2_0.2": 0.4179566563467493, "greedy_threshold": 0.25, "greedy_f2": 0.4727272727272727}, "ensemble_val2_label4.xgb": {"eta": 0.05, "max_depth": 3, "min_child_weight": 1, "best_iteration": 27, "best_ntree_limit": 28, "smooth_f2": 0.5761420315258995, "f2_0.1": 0.7215720994687813, "f2_0.2": 0.833140476741495, "greedy_threshold": 0.24, "greedy_f2": 0.8365028049824095}, "ensemble_val2_label5.xgb": {"eta": 0.15, "max_depth": 5, "min_child_weight": 3, "best_iteration": 17, "best_ntree_limit": 18, "smooth_f2": 0.5164675723940788, "f2_0.1": 0.7493261455525607, "f2_0.2": 0.7635858786195956, "greedy_threshold": 0.18, "greedy_f2": 0.7694181853620505}, "ensemble_val2_label6.xgb": {"eta": 0.2, "max_depth": 5, "min_child_weight": 1, "best_iteration": 5, "best_ntree_limit": 6, "smooth_f2": 0.026957943914379993, "f2_0.1": 0.016621743036837378, "f2_0.2": 0.397489539748954, "greedy_threshold": 0.22, "greedy_f2": 0.4460093896713615}, "ensemble_val2_label7.xgb": {"eta": 0.15, "max_depth": 2, "min_child_weight": 1, "best_iteration": 9, "best_ntree_limit": 10, "smooth_f2": 0.16103927982125266, "f2_0.1": 0.11418169783220256, "f2_0.2": 0.5521844660194175, "greedy_threshold": 0.18, "greedy_f2": 0.5784650630011454}, "ensemble_val2_label8.xgb": {"eta": 0.2, "max_depth": 8, "min_child_weight": 4, "best_iteration": 22, "best_ntree_limit": 23, "smooth_f2": 0.9389144536513977, "f2_0.1": 0.9798276615176906, "f2_0.2": 0.9816183060163705, "greedy_threshold": 0.21, "greedy_f2": 0.981733795466316}, "ensemble_val2_label9.xgb": {"eta": 0.2, "max_depth": 6, "min_child_weight": 5, "best_iteration": 9, "best_ntree_limit": 10, "smooth_f2": 0.39515231935145334, "f2_0.1": 0.5726891490477022, "f2_0.2": 0.6597975415762835, "greedy_threshold": 0.21, "greedy_f2": 0.6598672892602605}, "ensemble_val2_label10.xgb": {"eta": 0.05, "max_depth": 2, "min_child_weight": 1, "best_iteration": 13, "best_ntree_limit": 14, "smooth_f2": 0.3414314986711747, "f2_0.1": 0.27350974534073125, "f2_0.2": 0.27350974534073125, "greedy_threshold": 0.35, "greedy_f2": 0.8129227898297177}, "ensemble_val2_label11.xgb": {"eta": 0.2, "max_depth": 4, "min_child_weight": 1, "best_iteration": 9, "best_ntree_limit": 10, "smooth_f2": 0.20405102783426607, "f2_0.1": 0.5294396961063628, "f2_0.2": 0.5309734513274336, "greedy_threshold": 0.15, "greedy_f2": 0.5819209039548023}, "ensemble_val2_label12.xgb": {"eta": 0.1, "max_depth": 3, "min_child_weight": 5, "best_iteration": 16, "best_ntree_limit": 17, "smooth_f2": 0.11505814319413284, "f2_0.1": 0.43893129770992373, "f2_0.2": 0.6563245823389022, "greedy_threshold": 0.15, "greedy_f2": 0.6783369803063458}, "ensemble_val3_label0.xgb": {"eta": 0.15, "max_depth": 4, "min_child_weight": 4, "best_iteration": 22, "best_ntree_limit": 23, "smooth_f2": 0.08411681918402901, "f2_0.1": 0.3409090909090909, "f2_0.2": 0.42857142857142855, "greedy_threshold": 0.35, "greedy_f2": 0.47872340425531906}, "ensemble_val3_label1.xgb": {"eta": 0.15, "max_depth": 8, "min_child_weight": 3, "best_iteration": 11, "best_ntree_limit": 12, "smooth_f2": 0.40235388173661873, "f2_0.1": 0.5860349127182045, "f2_0.2": 0.7151490733279613, "greedy_threshold": 0.21, "greedy_f2": 0.7169005491153142}, "ensemble_val3_label2.xgb": {"eta": 0.05, "max_depth": 4, "min_child_weight": 1, "best_iteration": 14, "best_ntree_limit": 15, "smooth_f2": 0.7666054182315358,