{"ensemble_val1_label0.xgb": {"eta": 0.1, "max_depth": 5, "min_child_weight": 4, "best_iteration": 23, "best_ntree_limit": 24, "smooth_f2": 0.04596802050882264, "f2_0.1": 0.5426356589147286, "f2_0.2": 0.6, "greedy_threshold": 0.22, "greedy_f2": 0.625}, "ensemble_val1_label1.xgb": {"eta": 0.1, "max_depth": 5, "min_child_weight": 4, "best_iteration": 11, "best_ntree_limit": 12, "smooth_f2": 0.3634774071660702, "f2_0.1": 0.30732779342078154, "f2_0.2": 0.6929105806911292, "greedy_threshold": 0.29, "greedy_f2": 0.7258718572587185}, "ensemble_val1_label2.xgb": {"eta": 0.1, "max_depth": 8, "min_child_weight": 4, "best_iteration": 35, "best_ntree_limit": 36, "smooth_f2": 0.9369127476817752, "f2_0.1": 0.981682884945621, "f2_0.2": 0.982190508193157, "greedy_threshold": 0.24, "greedy_f2": 0.9824412235777984}, "ensemble_val1_label3.xgb": {"eta": 0.1, "max_depth": 3, "min_child_weight": 4, "best_iteration": 11, "best_ntree_limit": 12, "smooth_f2": 0.037167870844504666, "f2_0.1": 0.024988844265952694, "f2_0.2": 0.32608695652173914, "greedy_threshold": 0.18, "greedy_f2": 0.4251700680272109}, "ensemble_val1_label4.xgb": {"eta": 0.1, "max_depth": 4, "min_child_weight": 2, "best_iteration": 30, "best_ntree_limit": 31, "smooth_f2": 0.624536530118381, "f2_0.1": 0.824800396950697, "f2_0.2": 0.8311233188103808, "greedy_threshold": 0.18, "greedy_f2": 0.832235913836892}, "ensemble_val1_label5.xgb": {"eta": 0.1, "max_depth": 2, "min_child_weight": 1, "best_iteration": 15, "best_ntree_limit": 16, "smooth_f2": 0.4684973117361364, "f2_0.1": 0.486964255934182, "f2_0.2": 0.773290722448189, "greedy_threshold": 0.21, "greedy_f2": 0.7755920923859856}, "ensemble_val1_label6.xgb": {"eta": 0.1, "max_depth": 5, "min_child_weight": 4, "best_iteration": 18, "best_ntree_limit": 19, "smooth_f2": 0.04650751219981248, "f2_0.1": 0.39999999999999997, "f2_0.2": 0.40816326530612246, "greedy_threshold": 0.15, "greedy_f2": 0.4910714285714286}, "ensemble_val1_label7.xgb": {"eta": 0.1, "max_depth": 10, "min_child_weight": 3, "best_iteration": 35, "best_ntree_limit": 36, "smooth_f2": 0.2432516010205784, "f2_0.1": 0.5113636363636365, "f2_0.2": 0.4819277108433735, "greedy_threshold": 0.12, "greedy_f2": 0.5335365853658536}, "ensemble_val1_label8.xgb": {"eta": 0.1, "max_depth": 10, "min_child_weight": 5, "best_iteration": 38, "best_ntree_limit": 39, "smooth_f2": 0.9370316890261196, "f2_0.1": 0.9797485477838785, "f2_0.2": 0.980761562998405, "greedy_threshold": 0.27, "greedy_f2": 0.9809968660798052}, "ensemble_val1_label9.xgb": {"eta": 0.1, "max_depth": 7, "min_child_weight": 3, "best_iteration": 26, "best_ntree_limit": 27, "smooth_f2": 0.38094631975818294, "f2_0.1": 0.6257551349174387, "f2_0.2": 0.6426254055403045, "greedy_threshold": 0.18, "greedy_f2": 0.6554103122730573}, "ensemble_val1_label10.xgb": {"eta": 0.1, "max_depth": 4, "min_child_weight": 3, "best_iteration": 24, "best_ntree_limit": 25, "smooth_f2": 0.542068744403968, "f2_0.1": 0.785161583978152, "f2_0.2": 0.7976132489040428, "greedy_threshold": 0.18, "greedy_f2": 0.8050132562063147}, "ensemble_val1_label11.xgb": {"eta": 0.1, "max_depth": 3, "min_child_weight": 5, "best_iteration": 20, "best_ntree_limit": 21, "smooth_f2": 0.19931427833520654, "f2_0.1": 0.5531189083820663, "f2_0.2": 0.571799870045484, "greedy_threshold": 0.18, "greedy_f2": 0.5995055624227442}}