{"ensemble_val1_label0.xgb": {"eta": 0.2, "max_depth": 2, "min_child_weight": 4, "best_iteration": 9, "best_ntree_limit": 10, "smooth_f2": 0.03214949201800192, "f2_0.1": 0.46875, "f2_0.2": 0.5445544554455446, "greedy_threshold": 0.18, "greedy_f2": 0.6190476190476191}, "ensemble_val1_label1.xgb": {"eta": 0.2, "max_depth": 3, "min_child_weight": 2, "best_iteration": 22, "best_ntree_limit": 23, "smooth_f2": 0.47570956823419225, "f2_0.1": 0.7034255358124198, "f2_0.2": 0.7100712105798574, "greedy_threshold": 0.15, "greedy_f2": 0.7234915055653192}, "ensemble_val1_label2.xgb": {"eta": 0.2, "max_depth": 6, "min_child_weight": 3, "best_iteration": 25, "best_ntree_limit": 26, "smooth_f2": 0.944247605417848, "f2_0.1": 0.9818573064318712, "f2_0.2": 0.9823458474190935, "greedy_threshold": 0.23, "greedy_f2": 0.9825772258038997}, "ensemble_val1_label3.xgb": {"eta": 0.2, "max_depth": 6, "min_child_weight": 4, "best_iteration": 16, "best_ntree_limit": 17, "smooth_f2": 0.11648241512258481, "f2_0.1": 0.3584229390681004, "f2_0.2": 0.3137254901960784, "greedy_threshold": 0.07, "greedy_f2": 0.4313099041533547}, "ensemble_val1_label4.xgb": {"eta": 0.2, "max_depth": 8, "min_child_weight": 4, "best_iteration": 10, "best_ntree_limit": 11, "smooth_f2": 0.612103084104675, "f2_0.1": 0.8094694307800421, "f2_0.2": 0.8307069946846041, "greedy_threshold": 0.21, "greedy_f2": 0.8323486316585528}, "ensemble_val1_label5.xgb": {"eta": 0.2, "max_depth": 4, "min_child_weight": 3, "best_iteration": 18, "best_ntree_limit": 19, "smooth_f2": 0.5082566211742957, "f2_0.1": 0.7625211029825549, "f2_0.2": 0.7633782679738561, "greedy_threshold": 0.15, "greedy_f2": 0.7777996845425867}, "ensemble_val1_label6.xgb": {"eta": 0.2, "max_depth": 6, "min_child_weight": 2, "best_iteration": 12, "best_ntree_limit": 13, "smooth_f2": 0.06671619332675381, "f2_0.1": 0.46341463414634143, "f2_0.2": 0.31976744186046513, "greedy_threshold": 0.13, "greedy_f2": 0.5053191489361702}, "ensemble_val1_label7.xgb": {"eta": 0.2, "max_depth": 7, "min_child_weight": 4, "best_iteration": 17, "best_ntree_limit": 18, "smooth_f2": 0.24973978442162084, "f2_0.1": 0.4983296213808463, "f2_0.2": 0.5071967100753941, "greedy_threshold": 0.15, "greedy_f2": 0.528146742567995}, "ensemble_val1_label8.xgb": {"eta": 0.2, "max_depth": 3, "min_child_weight": 4, "best_iteration": 67, "best_ntree_limit": 68, "smooth_f2": 0.9415935290346612, "f2_0.1": 0.9801288936627283, "f2_0.2": 0.981019598460833, "greedy_threshold": 0.21, "greedy_f2": 0.981195660843902}, "ensemble_val1_label9.xgb": {"eta": 0.2, "max_depth": 6, "min_child_weight": 3, "best_iteration": 8, "best_ntree_limit": 9, "smooth_f2": 0.37031940290205934, "f2_0.1": 0.5736227904582117, "f2_0.2": 0.6471299093655589, "greedy_threshold": 0.18, "greedy_f2": 0.6562029421985405}, "ensemble_val1_label10.xgb": {"eta": 0.2, "max_depth": 5, "min_child_weight": 3, "best_iteration": 42, "best_ntree_limit": 43, "smooth_f2": 0.5844628116766762, "f2_0.1": 0.7973778307508939, "f2_0.2": 0.7959081836327344, "greedy_threshold": 0.12, "greedy_f2": 0.8016369764082811}, "ensemble_val1_label11.xgb": {"eta": 0.2, "max_depth": 3, "min_child_weight": 3, "best_iteration": 13, "best_ntree_limit": 14, "smooth_f2": 0.22865355926718386, "f2_0.1": 0.5828386400431731, "f2_0.2": 0.5570560432140447, "greedy_threshold": 0.15, "greedy_f2": 0.6044957472660996}, "ensemble_val1_label12.xgb": {"eta": 0.2, "max_depth": 4, "min_child_weight": 4, "best_iteration": 4, "best_ntree_limit": 5, "smooth_f2": 0.053378681062008444, "f2_0.1": 0.02934637616718542, "f2_0.2": 0.44534412955465585, "greedy_threshold": 0.24, "greedy_f2": 0.5213903743315508}, "ensemble_val2_label0.xgb": {"eta": 0.2, "max_depth": 2, "min_child_weight": 2, "best_iteration": 20, "best_ntree_limit": 21, "smooth_f2": 0.11211617515175616, "f2_0.1": 0.49668874172185434, "f2_0.2": 0.39370078740157477, "greedy_threshold": 0.07, "greedy_f2": 0.5625}, "ensemble_val2_label1.xgb": {"eta": 0.2, "max_depth": 4, "min_child_weight": 2, "best_iteration": 12, "best_ntree_limit": 13, "smooth_f2": 0.45729598336607113, "f2_0.1": 0.6758165392633773, "f2_0.2": 0.7046014790468365, "greedy_threshold": 0.18, "greedy_f2": 0.7188819625980294}, "ensemble_val2_label2.xgb": {"eta": 0.2, "max_depth": 3, "min_child_weight": 1, "best_iteration": 44, "best_ntree_limit": 45, "smooth_f2": 0.9414732752678567, "f2_0.1": 0.9824935362267353, "f2_0.2": 0.9825949367088607, "greedy_threshold": 0.15, "greedy_f2": 0.9828485614922542}, "ensemble_val2_label3.xgb": {"eta": 0.2, "max_depth": 8, "min_child_weight": 2, "best_iteration": 4, "best_ntree_limit": 5, "smooth_f2": 0.03501073164952564, "f2_0.1": 0.0219180533190195, "f2_0.2": 0.4179566563467493, "greedy_threshold": 0.25, "greedy_f2": 0.4727272727272727}, "ensemble_val2_label4.xgb": {"eta": 0.2, "max_depth": 2, "min_child_weight": 4, "best_iteration": 30, "best_ntree_limit": 31, "smooth_f2": 0.6196626771524713, "f2_0.1": 0.8326398520573277, "f2_0.2": 0.8294685990338164, "greedy_threshold": 0.12, "greedy_f2": 0.8360632721827032}, "ensemble_val2_label5.xgb": {"eta": 0.2, "max_depth": 5, "min_child_weight": 3, "best_iteration": 3, "best_ntree_limit": 4, "smooth_f2": 0.4433184804911769, "f2_0.1": 0.49216075963343275, "f2_0.2": 0.49216075963343275, "greedy_threshold": 0.3, "greedy_f2": 0.7681372549019607}, "ensemble_val2_label6.xgb": {"eta": 0.2, "max_depth": 5, "min_child_weight": 1, "best_iteration": 5, "best_ntree_limit": 6, "smooth_f2": 0.026957943914379993, "f2_0.1": 0.016621743036837378, "f2_0.2": 0.397489539748954, "greedy_threshold": 0.22, "greedy_f2": 0.4460093896713615}, "ensemble_val2_label7.xgb": {"eta": 0.2, "max_depth": 3, "min_child_weight": 4, "best_iteration": 4, "best_ntree_limit": 5, "smooth_f2": 0.14178533940890853, "f2_0.1": 0.11418169783220256, "f2_0.2": 0.5239869585468095, "greedy_threshold": 0.23, "greedy_f2": 0.5747451868629672}, "ensemble_val2_label8.xgb": {"eta": 0.2, "max_depth": 8, "min_child_weight": 4, "best_iteration": 22, "best_ntree_limit": 23, "smooth_f2": 0.9389144536513977, "f2_0.1": 0.9798276615176906, "f2_0.2": 0.9816183060163705, "greedy_threshold": 0.21, "greedy_f2": 0.981733795466316}, "ensemble_val2_label9.xgb": {"eta": 0.2, "max_depth": 6, "min_child_weight": 5, "best_iteration": 9, "best_ntree_limit": 10, "smooth_f2": 0.39515231935145334, "f2_0.1": 0.5726891490477022, "f2_0.2": 0.6597975415762835, "greedy_threshold": 0.21, "greedy_f2": 0.6598672892602605}, "ensemble_val2_label10.xgb": {"eta": 0.2, "max_depth": 2, "min_child_weight": 1, "best_iteration": 9, "best_ntree_limit": 10, "smooth_f2": 0.5119675227490146, "f2_0.1": 0.7774001699235343, "f2_0.2": 0.8104680654830528, "greedy_threshold": 0.21, "greedy_f2": 0.8121240166589543}, "ensemble_val2_label11.xgb": {"eta": 0.2, "max_depth": 4, "min_child_weight": 1, "best_iteration": 9, "best_ntree_limit": 10, "smooth_f2": 0.20405102783426607, "f2_0.1": 0.5294396961063628, "f2_0.2": 0.5309734513274336, "greedy_threshold": 0.15, "greedy_f2": 0.5819209039548023}, "ensemble_val2_label12.xgb": {"eta": 0.2, "max_depth": 2, "min_child_weight": 1, "best_iteration": 12, "best_ntree_limit": 13, "smooth_f2": 0.1979539056054425, "f2_0.1": 0.641025641025641, "f2_0.2": 0.6060606060606061, "greedy_threshold": 0.15, "greedy_f2": 0.6633906633906634}, "ensemble_val3_label0.xgb": {"eta": 0.2, "max_depth": 5, "min_child_weight": 3, "best_iteration": 7, "best_ntree_limit": 8, "smooth_f2": 0.02375825557674176, "f2_0.1": 0.18032786885245902, "f2_0.2": 0.3461538461538461, "greedy_threshold": 0.4, "greedy_f2": 0.47872340425531906}, "ensemble_val3_label1.xgb": {"eta": 0.2, "max_depth": 5, "min_child_weight": 1, "best_iteration": 8, "best_ntree_limit": 9, "smooth_f2": 0.3996997590688878, "f2_0.1": 0.5950782997762865, "f2_0.2": 0.7123983739837398, "greedy_threshold": 0.21, "greedy_f2": 0.7147258163894024}, "ensemble_val3_label2.xgb": {"eta": 0.2, "max_depth": 4, "min_child_weight": 1, "best_iteration": 11, "best_ntree_limit": 12, "smooth_f2": 0.9117870181649113, "f2_0.1": 0.9810779478513745,