{"ensemble_val1_label0.xgb": {"eta": 0.05, "max_depth": 3, "min_child_weight": 1, "best_iteration": 4, "best_ntree_limit": 5, "smooth_f2": 0.009664128292497812, "f2_0.1": 0.008591842271863976, "f2_0.2": 0.008591842271863976, "greedy_threshold": 0.41, "greedy_f2": 0.603448275862069}, "ensemble_val1_label1.xgb": {"eta": 0.05, "max_depth": 5, "min_child_weight": 3, "best_iteration": 19, "best_ntree_limit": 20, "smooth_f2": 0.35219848442725876, "f2_0.1": 0.30732779342078154, "f2_0.2": 0.585510853034702, "greedy_threshold": 0.3, "greedy_f2": 0.7272545889864325}, "ensemble_val1_label2.xgb": {"eta": 0.05, "max_depth": 6, "min_child_weight": 3, "best_iteration": 56, "best_ntree_limit": 57, "smooth_f2": 0.9216100949033931, "f2_0.1": 0.9816071992421852, "f2_0.2": 0.982213438735178, "greedy_threshold": 0.21, "greedy_f2": 0.9823493368647837}, "ensemble_val1_label3.xgb": {"eta": 0.05, "max_depth": 10, "min_child_weight": 3, "best_iteration": 44, "best_ntree_limit": 45, "smooth_f2": 0.07977624460945608, "f2_0.1": 0.3795379537953795, "f2_0.2": 0.32967032967032966, "greedy_threshold": 0.09, "greedy_f2": 0.4126984126984127}, "ensemble_val1_label4.xgb": {"eta": 0.05, "max_depth": 5, "min_child_weight": 5, "best_iteration": 20, "best_ntree_limit": 21, "smooth_f2": 0.568223762652132, "f2_0.1": 0.7242713240644988, "f2_0.2": 0.793239628009682, "greedy_threshold": 0.3, "greedy_f2": 0.8325010700527892}, "ensemble_val1_label5.xgb": {"eta": 0.05, "max_depth": 2, "min_child_weight": 1, "best_iteration": 33, "best_ntree_limit": 34, "smooth_f2": 0.4718250906887155, "f2_0.1": 0.6472612990122718, "f2_0.2": 0.7750996209544173, "greedy_threshold": 0.21, "greedy_f2": 0.777712437518377}, "ensemble_val1_label6.xgb": {"eta": 0.05, "max_depth": 2, "min_child_weight": 5, "best_iteration": 27, "best_ntree_limit": 28, "smooth_f2": 0.03010905725951806, "f2_0.1": 0.015291895295493388, "f2_0.2": 0.45454545454545464, "greedy_threshold": 0.21, "greedy_f2": 0.4702970297029703}, "ensemble_val1_label7.xgb": {"eta": 0.05, "max_depth": 8, "min_child_weight": 1, "best_iteration": 23, "best_ntree_limit": 24, "smooth_f2": 0.15153594589707822, "f2_0.1": 0.10738366769333223, "f2_0.2": 0.510752688172043, "greedy_threshold": 0.21, "greedy_f2": 0.5289532293986637}, "ensemble_val1_label8.xgb": {"eta": 0.05, "max_depth": 9, "min_child_weight": 2, "best_iteration": 45, "best_ntree_limit": 46, "smooth_f2": 0.905814076133385, "f2_0.1": 0.9789174581727139, "f2_0.2": 0.9802925235134704, "greedy_threshold": 0.31, "greedy_f2": 0.9812281577633549}, "ensemble_val1_label9.xgb": {"eta": 0.05, "max_depth": 5, "min_child_weight": 4, "best_iteration": 22, "best_ntree_limit": 23, "smooth_f2": 0.3578800029897506, "f2_0.1": 0.4219701996742475, "f2_0.2": 0.6134469878364142, "greedy_threshold": 0.27, "greedy_f2": 0.6554896501634185}, "ensemble_val1_label10.xgb": {"eta": 0.05, "max_depth": 3, "min_child_weight": 2, "best_iteration": 40, "best_ntree_limit": 41, "smooth_f2": 0.5111890588432917, "f2_0.1": 0.7624152264274776, "f2_0.2": 0.7953714981729597, "greedy_threshold": 0.17, "greedy_f2": 0.8022922636103152}, "ensemble_val1_label11.xgb": {"eta": 0.05, "max_depth": 4, "min_child_weight": 4, "best_iteration": 31, "best_ntree_limit": 32, "smooth_f2": 0.18049185525471412, "f2_0.1": 0.10738366769333223, "f2_0.2": 0.5951696377228292, "greedy_threshold": 0.21, "greedy_f2": 0.6039076376554173}, "ensemble_val1_label12.xgb": {"eta": 0.05, "max_depth": 5, "min_child_weight": 5, "best_iteration": 17, "best_ntree_limit": 18, "smooth_f2": 0.057363852793810795, "f2_0.1": 0.02934637616718542, "f2_0.2": 0.02934637616718542, "greedy_threshold": 0.4, "greedy_f2": 0.5823863636363636}, "ensemble_val2_label0.xgb": {"eta": 0.05, "max_depth": 3, "min_child_weight": 5, "best_iteration": 35, "best_ntree_limit": 36, "smooth_f2": 0.034728912880157455, "f2_0.1": 0.3597122302158274, "f2_0.2": 0.5821917808219178, "greedy_threshold": 0.18, "greedy_f2": 0.6250000000000001}, "ensemble_val2_label1.xgb": {"eta": 0.05, "max_depth": 4, "min_child_weight": 5, "best_iteration": 45, "best_ntree_limit": 46, "smooth_f2": 0.43922231438078135, "f2_0.1": 0.6260774173327064, "f2_0.2": 0.7085987261146497, "greedy_threshold": 0.21, "greedy_f2": 0.7119871279163315}, "ensemble_val2_label2.xgb": {"eta": 0.05, "max_depth": 9, "min_child_weight": 3, "best_iteration": 46, "best_ntree_limit": 47, "smooth_f2": 0.8940191985198654, "f2_0.1": 0.9809191871455577, "f2_0.2": 0.9819894543515612, "greedy_threshold": 0.25, "greedy_f2": 0.9829338712229078}, "ensemble_val2_label3.xgb": {"eta": 0.05, "max_depth": 4, "min_child_weight": 2, "best_iteration": 21, "best_ntree_limit": 22, "smooth_f2": 0.03407315787001035, "f2_0.1": 0.0219180533190195, "f2_0.2": 0.3645833333333333, "greedy_threshold": 0.18, "greedy_f2": 0.4464285714285715}, "ensemble_val2_label4.xgb": {"eta": 0.05, "max_depth": 6, "min_child_weight": 5, "best_iteration": 45, "best_ntree_limit": 46, "smooth_f2": 0.6118430552774061, "f2_0.1": 0.8130928109210176, "f2_0.2": 0.8327356189929709, "greedy_threshold": 0.18, "greedy_f2": 0.8362162930666793}, "ensemble_val2_label5.xgb": {"eta": 0.05, "max_depth": 4, "min_child_weight": 5, "best_iteration": 40, "best_ntree_limit": 41, "smooth_f2": 0.4580646567768277, "f2_0.1": 0.692590520342099, "f2_0.2": 0.7613701784686242, "greedy_threshold": 0.21, "greedy_f2": 0.7662149080348499}, "ensemble_val2_label6.xgb": {"eta": 0.05, "max_depth": 6, "min_child_weight": 3, "best_iteration": 16, "best_ntree_limit": 17, "smooth_f2": 0.023011413139118933, "f2_0.1": 0.016621743036837378, "f2_0.2": 0.016621743036837378, "greedy_threshold": 0.27, "greedy_f2": 0.4245283018867925}, "ensemble_val2_label7.xgb": {"eta": 0.05, "max_depth": 3, "min_child_weight": 4, "best_iteration": 48, "best_ntree_limit": 49, "smooth_f2": 0.19880193755238829, "f2_0.1": 0.5431076473453483, "f2_0.2": 0.5240885416666666, "greedy_threshold": 0.12, "greedy_f2": 0.5638297872340424}, "ensemble_val2_label8.xgb": {"eta": 0.05, "max_depth": 9, "min_child_weight": 4, "best_iteration": 25, "best_ntree_limit": 26, "smooth_f2": 0.8060170319037694, "f2_0.1": 0.9781575507940907, "f2_0.2": 0.9788102836527978, "greedy_threshold": 0.34, "greedy_f2": 0.9818493355382439}, "ensemble_val2_label9.xgb": {"eta": 0.05, "max_depth": 6, "min_child_weight": 3, "best_iteration": 6, "best_ntree_limit": 7, "smooth_f2": 0.32406929779415644, "f2_0.1": 0.41631240131179403, "f2_0.2": 0.41631240131179403, "greedy_threshold": 0.4, "greedy_f2": 0.6565227934044616}, "ensemble_val2_label10.xgb": {"eta": 0.05, "max_depth": 4, "min_child_weight": 1, "best_iteration": 22, "best_ntree_limit": 23, "smooth_f2": 0.41495616853899636, "f2_0.1": 0.27350974534073125, "f2_0.2": 0.7910839160839161, "greedy_threshold": 0.27, "greedy_f2": 0.8151922186197312}, "ensemble_val2_label11.xgb": {"eta": 0.05, "max_depth": 4, "min_child_weight": 5, "best_iteration": 39, "best_ntree_limit": 40, "smooth_f2": 0.1966708579782833, "f2_0.1": 0.4651162790697675, "f2_0.2": 0.5404551201011377, "greedy_threshold": 0.18, "greedy_f2": 0.5623471882640586}, "ensemble_val2_label12.xgb": {"eta": 0.05, "max_depth": 3, "min_child_weight": 2, "best_iteration": 37, "best_ntree_limit": 38, "smooth_f2": 0.13151058714395836, "f2_0.1": 0.6057494866529775, "f2_0.2": 0.6218905472636816, "greedy_threshold": 0.15, "greedy_f2": 0.676959619952494}, "ensemble_val3_label0.xgb": {"eta": 0.05, "max_depth": 3, "min_child_weight": 1, "best_iteration": 12, "best_ntree_limit": 13, "smooth_f2": 0.011772650121491484, "f2_0.1": 0.008591842271863976, "f2_0.2": 0.008591842271863976, "greedy_threshold": 0.4, "greedy_f2": 0.44999999999999996}, "ensemble_val3_label1.xgb": {"eta": 0.05, "max_depth": 2, "min_child_weight": 1, "best_iteration": 14, "best_ntree_limit": 15, "smooth_f2": 0.3027014917537237, "f2_0.1": 0.2955288227522425, "f2_0.2": 0.2955288227522425, "greedy_threshold": 0.3, "greedy_f2": 0.7147189648200567}, "ensemble_val3_label2.xgb": {"eta": 0.05, "max_depth": 7, "min_child_weight": 1, "best_iteration": 43, "best_ntree_limit": 44,