{"ensemble_val1_label0.xgb": {"eta": 0.05, "max_depth": 3, "min_child_weight": 1, "best_iteration": 4, "best_ntree_limit": 5, "smooth_f2": 0.009664128292497812, "f2_0.1": 0.008591842271863976, "f2_0.2": 0.008591842271863976, "greedy_threshold": 0.41, "greedy_f2": 0.603448275862069}}