{"ensemble_val1_label0.xgb": {"eta": 0.15, "max_depth": 2, "min_child_weight": 2, "best_iteration": 11, "best_ntree_limit": 12, "smooth_f2": 0.025617735142067204, "f2_0.1": 0.41666666666666663, "f2_0.2": 0.5555555555555555, "greedy_threshold": 0.15, "greedy_f2": 0.6302521008403361}, "ensemble_val1_label1.xgb": {"eta": 0.15, "max_depth": 5, "min_child_weight": 5, "best_iteration": 7, "best_ntree_limit": 8, "smooth_f2": 0.37652664129602154, "f2_0.1": 0.30732779342078154, "f2_0.2": 0.6875437368789363, "greedy_threshold": 0.26, "greedy_f2": 0.723091976516634}, "ensemble_val1_label2.xgb": {"eta": 0.15, "max_depth": 10, "min_child_weight": 5, "best_iteration": 28, "best_ntree_limit": 29, "smooth_f2": 0.9349193384227971, "f2_0.1": 0.9818537240344363, "f2_0.2": 0.9821216675895894, "greedy_threshold": 0.19, "greedy_f2": 0.9824217977616957}, "ensemble_val1_label3.xgb": {"eta": 0.2, "max_depth": 2, "min_child_weight": 1, "best_iteration": 16, "best_ntree_limit": 17, "smooth_f2": 0.11365769501591154, "f2_0.1": 0.3345724907063197, "f2_0.2": 0.34615384615384615, "greedy_threshold": 0.03, "greedy_f2": 0.41547277936962757}, "ensemble_val1_label4.xgb": {"eta": 0.2, "max_depth": 3, "min_child_weight": 4, "best_iteration": 29, "best_ntree_limit": 30, "smooth_f2": 0.6260068974331795, "f2_0.1": 0.8266727563370633, "f2_0.2": 0.8323376188883048, "greedy_threshold": 0.18, "greedy_f2": 0.8351126927639383}, "ensemble_val1_label5.xgb": {"eta": 0.15, "max_depth": 6, "min_child_weight": 4, "best_iteration": 10, "best_ntree_limit": 11, "smooth_f2": 0.4828520191440444, "f2_0.1": 0.6487519676186192, "f2_0.2": 0.7741463414634147, "greedy_threshold": 0.21, "greedy_f2": 0.7768570583012725}, "ensemble_val1_label6.xgb": {"eta": 0.15, "max_depth": 7, "min_child_weight": 2, "best_iteration": 24, "best_ntree_limit": 25, "smooth_f2": 0.12564216427151406, "f2_0.1": 0.4975124378109453, "f2_0.2": 0.32967032967032966, "greedy_threshold": 0.09, "greedy_f2": 0.5238095238095238}, "ensemble_val1_label7.xgb": {"eta": 0.2, "max_depth": 8, "min_child_weight": 4, "best_iteration": 47, "best_ntree_limit": 48, "smooth_f2": 0.2593783115070491, "f2_0.1": 0.5245398773006135, "f2_0.2": 0.48550724637681164, "greedy_threshold": 0.12, "greedy_f2": 0.5341055341055342}, "ensemble_val1_label8.xgb": {"eta": 0.15, "max_depth": 10, "min_child_weight": 5, "best_iteration": 13, "best_ntree_limit": 14, "smooth_f2": 0.8955393694196968, "f2_0.1": 0.9797330893613636, "f2_0.2": 0.9811016087554572, "greedy_threshold": 0.22, "greedy_f2": 0.9813699285913752}, "ensemble_val1_label9.xgb": {"eta": 0.2, "max_depth": 5, "min_child_weight": 2, "best_iteration": 9, "best_ntree_limit": 10, "smooth_f2": 0.3612375993104044, "f2_0.1": 0.586734693877551, "f2_0.2": 0.648962148962149, "greedy_threshold": 0.18, "greedy_f2": 0.655978388536528}, "ensemble_val1_label10.xgb": {"eta": 0.15, "max_depth": 4, "min_child_weight": 2, "best_iteration": 30, "best_ntree_limit": 31, "smooth_f2": 0.5793619728668808, "f2_0.1": 0.7935574888314132, "f2_0.2": 0.7953419226957384, "greedy_threshold": 0.15, "greedy_f2": 0.8038081465413353}, "ensemble_val1_label11.xgb": {"eta": 0.1, "max_depth": 4, "min_child_weight": 5, "best_iteration": 13, "best_ntree_limit": 14, "smooth_f2": 0.16397700366670612, "f2_0.1": 0.10738366769333223, "f2_0.2": 0.5887372013651877, "greedy_threshold": 0.21, "greedy_f2": 0.5997659449970743}, "ensemble_val1_label12.xgb": {"eta": 0.2, "max_depth": 3, "min_child_weight": 1, "best_iteration": 13, "best_ntree_limit": 14, "smooth_f2": 0.14259195531107818, "f2_0.1": 0.554016620498615, "f2_0.2": 0.46474358974358965, "greedy_threshold": 0.09, "greedy_f2": 0.5851063829787233}, "ensemble_val2_label0.xgb": {"eta": 0.15, "max_depth": 3, "min_child_weight": 4, "best_iteration": 9, "best_ntree_limit": 10, "smooth_f2": 0.02237551292460228, "f2_0.1": 0.012173128944995492, "f2_0.2": 0.46428571428571425, "greedy_threshold": 0.18, "greedy_f2": 0.5483870967741935}, "ensemble_val2_label1.xgb": {"eta": 0.05, "max_depth": 7, "min_child_weight": 4, "best_iteration": 23, "best_ntree_limit": 24, "smooth_f2": 0.36578185516187756, "f2_0.1": 0.29894693085769714, "f2_0.2": 0.665807560137457, "greedy_threshold": 0.24, "greedy_f2": 0.7159487776484285}, "ensemble_val2_label2.xgb": {"eta": 0.15, "max_depth": 5, "min_child_weight": 4, "best_iteration": 3, "best_ntree_limit": 4, "smooth_f2": 0.7438490214911669, "f2_0.1": 0.9800180938520239, "f2_0.2": 0.9800180938520239, "greedy_threshold": 0.35, "greedy_f2": 0.9829085161035368}, "ensemble_val2_label3.xgb": {"eta": 0.2, "max_depth": 10, "min_child_weight": 2, "best_iteration": 18, "best_ntree_limit": 19, "smooth_f2": 0.1618603361577549, "f2_0.1": 0.41501976284584974, "f2_0.2": 0.37815126050420167, "greedy_threshold": 0.05, "greedy_f2": 0.4591836734693877}, "ensemble_val2_label4.xgb": {"eta": 0.2, "max_depth": 2, "min_child_weight": 1, "best_iteration": 24, "best_ntree_limit": 25, "smooth_f2": 0.6307740206446849, "f2_0.1": 0.8319479080077583, "f2_0.2": 0.8308455315870571, "greedy_threshold": 0.15, "greedy_f2": 0.8368794326241134}, "ensemble_val2_label5.xgb": {"eta": 0.2, "max_depth": 7, "min_child_weight": 5, "best_iteration": 32, "best_ntree_limit": 33, "smooth_f2": 0.537455492962453, "f2_0.1": 0.7577459515117476, "f2_0.2": 0.7567349409746746, "greedy_threshold": 0.16, "greedy_f2": 0.7679063360881543}, "ensemble_val2_label6.xgb": {"eta": 0.15, "max_depth": 2, "min_child_weight": 1, "best_iteration": 9, "best_ntree_limit": 10, "smooth_f2": 0.029984352679151755, "f2_0.1": 0.016621743036837378, "f2_0.2": 0.35532994923857864, "greedy_threshold": 0.15, "greedy_f2": 0.4245283018867925}, "ensemble_val2_label7.xgb": {"eta": 0.1, "max_depth": 3, "min_child_weight": 3, "best_iteration": 29, "best_ntree_limit": 30, "smooth_f2": 0.21834442594221048, "f2_0.1": 0.5623608017817371, "f2_0.2": 0.50796812749004, "greedy_threshold": 0.12, "greedy_f2": 0.5769230769230769}, "ensemble_val2_label8.xgb": {"eta": 0.15, "max_depth": 4, "min_child_weight": 1, "best_iteration": 23, "best_ntree_limit": 24, "smooth_f2": 0.931230672768575, "f2_0.1": 0.9803006533351867, "f2_0.2": 0.9815010255082737, "greedy_threshold": 0.21, "greedy_f2": 0.9816555790144604}, "ensemble_val2_label9.xgb": {"eta": 0.15, "max_depth": 2, "min_child_weight": 1, "best_iteration": 18, "best_ntree_limit": 19, "smooth_f2": 0.3875825954873207, "f2_0.1": 0.626471491452554, "f2_0.2": 0.6474415113224071, "greedy_threshold": 0.18, "greedy_f2": 0.6549423893268648}, "ensemble_val2_label10.xgb": {"eta": 0.15, "max_depth": 4, "min_child_weight": 4, "best_iteration": 8, "best_ntree_limit": 9, "smooth_f2": 0.4433555882346897, "f2_0.1": 0.27350974534073125, "f2_0.2": 0.7963800904977376, "greedy_threshold": 0.27, "greedy_f2": 0.8129598860669357}, "ensemble_val2_label11.xgb": {"eta": 0.05, "max_depth": 2, "min_child_weight": 1, "best_iteration": 47, "best_ntree_limit": 48, "smooth_f2": 0.2039955391723584, "f2_0.1": 0.5294681360804983, "f2_0.2": 0.5304054054054055, "greedy_threshold": 0.15, "greedy_f2": 0.5761194029850747}, "ensemble_val2_label12.xgb": {"eta": 0.2, "max_depth": 9, "min_child_weight": 5, "best_iteration": 20, "best_ntree_limit": 21, "smooth_f2": 0.3600850995561315, "f2_0.1": 0.6658878504672897, "f2_0.2": 0.643939393939394, "greedy_threshold": 0.12, "greedy_f2": 0.6801909307875895}, "ensemble_val3_label0.xgb": {"eta": 0.15, "max_depth": 8, "min_child_weight": 3, "best_iteration": 14, "best_ntree_limit": 15, "smooth_f2": 0.039848135243941554, "f2_0.1": 0.32258064516129037, "f2_0.2": 0.42452830188679247, "greedy_threshold": 0.35, "greedy_f2": 0.47872340425531906}, "ensemble_val3_label1.xgb": {"eta": 0.2, "max_depth": 5, "min_child_weight": 1, "best_iteration": 11, "best_ntree_limit": 12, "smooth_f2": 0.40183668009458184, "f2_0.1": 0.6580779944289693, "f2_0.2": 0.6938733552631579, "greedy_threshold": 0.18, "greedy_f2": 0.7013847080072246}, "ensemble_val3_label2.xgb": {"eta": 0.15, "max_depth": 10, "min_child_weight": 5, "best_iteration": 38, "best_ntree_limit": 39,