{"ensemble_val1_label0.xgb": {"eta": 0.05, "max_depth": 5, "min_child_weight": 1, "best_iteration": 29, "best_ntree_limit": 30, "smooth_f2": 0.022982200128579506, "f2_0.1": 0.008591842271863976, "f2_0.2": 0.5462184873949582, "greedy_threshold": 0.27, "greedy_f2": 0.6}, "ensemble_val1_label1.xgb": {"eta": 0.05, "max_depth": 5, "min_child_weight": 5, "best_iteration": 41, "best_ntree_limit": 42, "smooth_f2": 0.4279282760877248, "f2_0.1": 0.6399317406143347, "f2_0.2": 0.7192846034214618, "greedy_threshold": 0.21, "greedy_f2": 0.7214468252408098}, "ensemble_val1_label2.xgb": {"eta": 0.05, "max_depth": 10, "min_child_weight": 1, "best_iteration": 89, "best_ntree_limit": 90, "smooth_f2": 0.9449146788768087, "f2_0.1": 0.9819208147475625, "f2_0.2": 0.9821710942441495, "greedy_threshold": 0.15, "greedy_f2": 0.9823615390692897}, "ensemble_val1_label3.xgb": {"eta": 0.05, "max_depth": 6, "min_child_weight": 3, "best_iteration": 41, "best_ntree_limit": 42, "smooth_f2": 0.07702853834153095, "f2_0.1": 0.39634146341463417, "f2_0.2": 0.32967032967032966, "greedy_threshold": 0.12, "greedy_f2": 0.41800643086816724}, "ensemble_val1_label4.xgb": {"eta": 0.05, "max_depth": 6, "min_child_weight": 4, "best_iteration": 2, "best_ntree_limit": 3, "smooth_f2": 0.48017523511170607, "f2_0.1": 0.7242713240644988, "f2_0.2": 0.7242713240644988, "greedy_threshold": 0.46, "greedy_f2": 0.8326941514860977}, "ensemble_val1_label5.xgb": {"eta": 0.05, "max_depth": 6, "min_child_weight": 5, "best_iteration": 25, "best_ntree_limit": 26, "smooth_f2": 0.4634722737633113, "f2_0.1": 0.486964255934182, "f2_0.2": 0.7599149486918737, "greedy_threshold": 0.24, "greedy_f2": 0.7763183689472652}, "ensemble_val1_label6.xgb": {"eta": 0.05, "max_depth": 3, "min_child_weight": 1, "best_iteration": 10, "best_ntree_limit": 11, "smooth_f2": 0.020127134994930556, "f2_0.1": 0.015291895295493388, "f2_0.2": 0.015291895295493388, "greedy_threshold": 0.35, "greedy_f2": 0.4772727272727273}, "ensemble_val1_label7.xgb": {"eta": 0.05, "max_depth": 4, "min_child_weight": 3, "best_iteration": 10, "best_ntree_limit": 11, "smooth_f2": 0.12130807914440474, "f2_0.1": 0.10738366769333223, "f2_0.2": 0.10738366769333223, "greedy_threshold": 0.35, "greedy_f2": 0.5276705276705277}, "ensemble_val1_label8.xgb": {"eta": 0.05, "max_depth": 6, "min_child_weight": 3, "best_iteration": 27, "best_ntree_limit": 28, "smooth_f2": 0.8516033022507131, "f2_0.1": 0.9777456016819724, "f2_0.2": 0.9799084941316888, "greedy_threshold": 0.35, "greedy_f2": 0.981073310972688}, "ensemble_val1_label9.xgb": {"eta": 0.05, "max_depth": 4, "min_child_weight": 3, "best_iteration": 37, "best_ntree_limit": 38, "smooth_f2": 0.3718849578172018, "f2_0.1": 0.5678391959798995, "f2_0.2": 0.6466914855290021, "greedy_threshold": 0.18, "greedy_f2": 0.6585027726432533}, "ensemble_val1_label10.xgb": {"eta": 0.05, "max_depth": 3, "min_child_weight": 4, "best_iteration": 41, "best_ntree_limit": 42, "smooth_f2": 0.5025493513358272, "f2_0.1": 0.7682980599647267, "f2_0.2": 0.7971721111652853, "greedy_threshold": 0.18, "greedy_f2": 0.8034208624427848}, "ensemble_val1_label11.xgb": {"eta": 0.05, "max_depth": 4, "min_child_weight": 1, "best_iteration": 20, "best_ntree_limit": 21, "smooth_f2": 0.1505132162483444, "f2_0.1": 0.10738366769333223, "f2_0.2": 0.5409836065573771, "greedy_threshold": 0.24, "greedy_f2": 0.5958549222797928}, "ensemble_val1_label12.xgb": {"eta": 0.05, "max_depth": 8, "min_child_weight": 2, "best_iteration": 58, "best_ntree_limit": 59, "smooth_f2": 0.1896116777835554, "f2_0.1": 0.4084967320261438, "f2_0.2": 0.5069124423963134, "greedy_threshold": 0.27, "greedy_f2": 0.5759162303664921}, "ensemble_val2_label0.xgb": {"eta": 0.05, "max_depth": 2, "min_child_weight": 1, "best_iteration": 33, "best_ntree_limit": 34, "smooth_f2": 0.030681220912384156, "f2_0.1": 0.3623188405797102, "f2_0.2": 0.5208333333333334, "greedy_threshold": 0.18, "greedy_f2": 0.6250000000000001}, "ensemble_val2_label1.xgb": {"eta": 0.05, "max_depth": 2, "min_child_weight": 1, "best_iteration": 30, "best_ntree_limit": 31, "smooth_f2": 0.387548404558668, "f2_0.1": 0.29894693085769714, "f2_0.2": 0.6939567547588246, "greedy_threshold": 0.24, "greedy_f2": 0.712596096984033}, "ensemble_val2_label2.xgb": {"eta": 0.05, "max_depth": 5, "min_child_weight": 4, "best_iteration": 63, "best_ntree_limit": 64, "smooth_f2": 0.9239752411929547, "f2_0.1": 0.9814584934287008, "f2_0.2": 0.9823227335571796, "greedy_threshold": 0.27, "greedy_f2": 0.9828332970749362}, "ensemble_val2_label3.xgb": {"eta": 0.05, "max_depth": 2, "min_child_weight": 1, "best_iteration": 36, "best_ntree_limit": 37, "smooth_f2": 0.05763029825554903, "f2_0.1": 0.3918918918918919, "f2_0.2": 0.36885245901639346, "greedy_threshold": 0.15, "greedy_f2": 0.41666666666666663}, "ensemble_val2_label4.xgb": {"eta": 0.05, "max_depth": 4, "min_child_weight": 1, "best_iteration": 26, "best_ntree_limit": 27, "smooth_f2": 0.5774458961272378, "f2_0.1": 0.7215720994687813, "f2_0.2": 0.8328336177867982, "greedy_threshold": 0.21, "greedy_f2": 0.8357006473245472}, "ensemble_val2_label5.xgb": {"eta": 0.05, "max_depth": 2, "min_child_weight": 1, "best_iteration": 12, "best_ntree_limit": 13, "smooth_f2": 0.41247505201189943, "f2_0.1": 0.49216075963343275, "f2_0.2": 0.49216075963343275, "greedy_threshold": 0.35, "greedy_f2": 0.7695323987844327}, "ensemble_val2_label6.xgb": {"eta": 0.05, "max_depth": 4, "min_child_weight": 1, "best_iteration": 40, "best_ntree_limit": 41, "smooth_f2": 0.04372691358602032, "f2_0.1": 0.3755868544600939, "f2_0.2": 0.3296703296703297, "greedy_threshold": 0.09, "greedy_f2": 0.407725321888412}, "ensemble_val2_label7.xgb": {"eta": 0.05, "max_depth": 3, "min_child_weight": 1, "best_iteration": 44, "best_ntree_limit": 45, "smooth_f2": 0.1948444419060544, "f2_0.1": 0.5201499531396439, "f2_0.2": 0.5221518987341772, "greedy_threshold": 0.15, "greedy_f2": 0.5794606999426277}, "ensemble_val2_label8.xgb": {"eta": 0.05, "max_depth": 5, "min_child_weight": 4, "best_iteration": 16, "best_ntree_limit": 17, "smooth_f2": 0.7698903798526663, "f2_0.1": 0.9781575507940907, "f2_0.2": 0.9781575507940907, "greedy_threshold": 0.35, "greedy_f2": 0.9816042525234427}, "ensemble_val2_label9.xgb": {"eta": 0.05, "max_depth": 7, "min_child_weight": 5, "best_iteration": 2, "best_ntree_limit": 3, "smooth_f2": 0.31746757789250524, "f2_0.1": 0.41631240131179403, "f2_0.2": 0.41631240131179403, "greedy_threshold": 0.45, "greedy_f2": 0.6557577237757969}, "ensemble_val2_label10.xgb": {"eta": 0.05, "max_depth": 2, "min_child_weight": 1, "best_iteration": 12, "best_ntree_limit": 13, "smooth_f2": 0.333376426942361, "f2_0.1": 0.27350974534073125, "f2_0.2": 0.27350974534073125, "greedy_threshold": 0.35, "greedy_f2": 0.8146262439250173}, "ensemble_val2_label11.xgb": {"eta": 0.05, "max_depth": 4, "min_child_weight": 2, "best_iteration": 21, "best_ntree_limit": 22, "smooth_f2": 0.14658008927822194, "f2_0.1": 0.10508757297748124, "f2_0.2": 0.5310415597742432, "greedy_threshold": 0.24, "greedy_f2": 0.5642256902761105}, "ensemble_val2_label12.xgb": {"eta": 0.05, "max_depth": 4, "min_child_weight": 5, "best_iteration": 11, "best_ntree_limit": 12, "smooth_f2": 0.05238483397362957, "f2_0.1": 0.03496194016640113, "f2_0.2": 0.03496194016640113, "greedy_threshold": 0.3, "greedy_f2": 0.6637168141592921}, "ensemble_val3_label0.xgb": {"eta": 0.05, "max_depth": 3, "min_child_weight": 3, "best_iteration": 51, "best_ntree_limit": 52, "smooth_f2": 0.039895544568427345, "f2_0.1": 0.3191489361702128, "f2_0.2": 0.396039603960396, "greedy_threshold": 0.19, "greedy_f2": 0.4368932038834951}, "ensemble_val3_label1.xgb": {"eta": 0.05, "max_depth": 3, "min_child_weight": 1, "best_iteration": 21, "best_ntree_limit": 22, "smooth_f2": 0.3393936701929784, "f2_0.1": 0.2955288227522425, "f2_0.2": 0.6698229002279502, "greedy_threshold": 0.27, "greedy_f2": 0.7147290028961523}, "ensemble_val3_label2.xgb": {"eta": 0.05, "max_depth": 7, "min_child_weight": 1, "best_iteration": 37, "best_ntree_limit": 38,