{"ensemble_val1_label0.xgb": {"eta": 0.15, "max_depth": 2, "min_child_weight": 5, "best_iteration": 6, "best_ntree_limit": 7, "smooth_f2": 0.016149989235258976, "f2_0.1": 0.008591842271863976, "f2_0.2": 0.46012269938650313, "greedy_threshold": 0.27, "greedy_f2": 0.6422018348623852}, "ensemble_val1_label1.xgb": {"eta": 0.1, "max_depth": 5, "min_child_weight": 2, "best_iteration": 15, "best_ntree_limit": 16, "smooth_f2": 0.4028419130928323, "f2_0.1": 0.30732779342078154, "f2_0.2": 0.712663259511641, "greedy_threshold": 0.25, "greedy_f2": 0.7245222929936306}, "ensemble_val1_label2.xgb": {"eta": 0.2, "max_depth": 9, "min_child_weight": 1, "best_iteration": 49, "best_ntree_limit": 50, "smooth_f2": 0.9548518583227729, "f2_0.1": 0.9817108095830616, "f2_0.2": 0.9822240677027722, "greedy_threshold": 0.3, "greedy_f2": 0.9825777073846762}, "ensemble_val1_label3.xgb": {"eta": 0.2, "max_depth": 9, "min_child_weight": 2, "best_iteration": 37, "best_ntree_limit": 38, "smooth_f2": 0.24763171632191414, "f2_0.1": 0.44483985765124556, "f2_0.2": 0.3065134099616858, "greedy_threshold": 0.09, "greedy_f2": 0.4736842105263158}, "ensemble_val1_label4.xgb": {"eta": 0.05, "max_depth": 6, "min_child_weight": 2, "best_iteration": 2, "best_ntree_limit": 3, "smooth_f2": 0.4804071780055542, "f2_0.1": 0.7242713240644988, "f2_0.2": 0.7242713240644988, "greedy_threshold": 0.46, "greedy_f2": 0.8325746322296229}, "ensemble_val1_label5.xgb": {"eta": 0.05, "max_depth": 5, "min_child_weight": 2, "best_iteration": 25, "best_ntree_limit": 26, "smooth_f2": 0.45863581876831594, "f2_0.1": 0.486964255934182, "f2_0.2": 0.7588579931181996, "greedy_threshold": 0.24, "greedy_f2": 0.7775580820563519}, "ensemble_val1_label6.xgb": {"eta": 0.2, "max_depth": 2, "min_child_weight": 1, "best_iteration": 9, "best_ntree_limit": 10, "smooth_f2": 0.0505481064185688, "f2_0.1": 0.17142857142857143, "f2_0.2": 0.49504950495049505, "greedy_threshold": 0.19, "greedy_f2": 0.5097087378640777}, "ensemble_val1_label7.xgb": {"eta": 0.2, "max_depth": 8, "min_child_weight": 5, "best_iteration": 4, "best_ntree_limit": 5, "smooth_f2": 0.15126636811164978, "f2_0.1": 0.10738366769333223, "f2_0.2": 0.4749403341288783, "greedy_threshold": 0.29, "greedy_f2": 0.5458656330749355}, "ensemble_val1_label8.xgb": {"eta": 0.15, "max_depth": 7, "min_child_weight": 4, "best_iteration": 27, "best_ntree_limit": 28, "smooth_f2": 0.9362880458484517, "f2_0.1": 0.9798190675017396, "f2_0.2": 0.9806382215847975, "greedy_threshold": 0.35, "greedy_f2": 0.981584676533445}, "ensemble_val1_label9.xgb": {"eta": 0.1, "max_depth": 3, "min_child_weight": 1, "best_iteration": 18, "best_ntree_limit": 19, "smooth_f2": 0.3746766364272593, "f2_0.1": 0.5698389951951446, "f2_0.2": 0.6465984346779048, "greedy_threshold": 0.18, "greedy_f2": 0.6585818730416619}, "ensemble_val1_label10.xgb": {"eta": 0.2, "max_depth": 3, "min_child_weight": 2, "best_iteration": 11, "best_ntree_limit": 12, "smooth_f2": 0.5418676271604195, "f2_0.1": 0.7748702909993231, "f2_0.2": 0.7935531496062993, "greedy_threshold": 0.15, "greedy_f2": 0.8049535603715172}, "ensemble_val1_label11.xgb": {"eta": 0.2, "max_depth": 3, "min_child_weight": 1, "best_iteration": 12, "best_ntree_limit": 13, "smooth_f2": 0.2340352984230661, "f2_0.1": 0.5685358255451715, "f2_0.2": 0.5694070080862533, "greedy_threshold": 0.15, "greedy_f2": 0.6019358741681792}, "ensemble_val1_label12.xgb": {"eta": 0.1, "max_depth": 5, "min_child_weight": 1, "best_iteration": 28, "best_ntree_limit": 29, "smooth_f2": 0.18921514826737423, "f2_0.1": 0.3958691910499139, "f2_0.2": 0.5000000000000001, "greedy_threshold": 0.3, "greedy_f2": 0.5726256983240223}, "ensemble_val2_label0.xgb": {"eta": 0.15, "max_depth": 6, "min_child_weight": 2, "best_iteration": 4, "best_ntree_limit": 5, "smooth_f2": 0.019333345037116634, "f2_0.1": 0.012173128944995492, "f2_0.2": 0.012173128944995492, "greedy_threshold": 0.35, "greedy_f2": 0.6293706293706294}, "ensemble_val2_label1.xgb": {"eta": 0.2, "max_depth": 2, "min_child_weight": 1, "best_iteration": 23, "best_ntree_limit": 24, "smooth_f2": 0.4757428869621168, "f2_0.1": 0.6935572184705239, "f2_0.2": 0.7000828500414251, "greedy_threshold": 0.15, "greedy_f2": 0.7152736613317526}, "ensemble_val2_label2.xgb": {"eta": 0.1, "max_depth": 4, "min_child_weight": 3, "best_iteration": 19, "best_ntree_limit": 20, "smooth_f2": 0.8911877640330829, "f2_0.1": 0.9800566438517819, "f2_0.2": 0.982303331950781, "greedy_threshold": 0.27, "greedy_f2": 0.9828138596630012}, "ensemble_val2_label3.xgb": {"eta": 0.1, "max_depth": 4, "min_child_weight": 2, "best_iteration": 34, "best_ntree_limit": 35, "smooth_f2": 0.12109094694487356, "f2_0.1": 0.41353383458646614, "f2_0.2": 0.3571428571428571, "greedy_threshold": 0.09, "greedy_f2": 0.4411764705882352}, "ensemble_val2_label4.xgb": {"eta": 0.1, "max_depth": 5, "min_child_weight": 5, "best_iteration": 23, "best_ntree_limit": 24, "smooth_f2": 0.6092055664940514, "f2_0.1": 0.8157261299812785, "f2_0.2": 0.832895177094785, "greedy_threshold": 0.16, "greedy_f2": 0.8375980092962111}, "ensemble_val2_label5.xgb": {"eta": 0.2, "max_depth": 5, "min_child_weight": 5, "best_iteration": 2, "best_ntree_limit": 3, "smooth_f2": 0.41320070560028244, "f2_0.1": 0.49216075963343275, "f2_0.2": 0.49216075963343275, "greedy_threshold": 0.35, "greedy_f2": 0.771848490826593}, "ensemble_val2_label6.xgb": {"eta": 0.1, "max_depth": 6, "min_child_weight": 4, "best_iteration": 18, "best_ntree_limit": 19, "smooth_f2": 0.03743437906464945, "f2_0.1": 0.36290322580645157, "f2_0.2": 0.3055555555555555, "greedy_threshold": 0.12, "greedy_f2": 0.42857142857142855}, "ensemble_val2_label7.xgb": {"eta": 0.15, "max_depth": 2, "min_child_weight": 1, "best_iteration": 17, "best_ntree_limit": 18, "smooth_f2": 0.1991470236366509, "f2_0.1": 0.5567226890756304, "f2_0.2": 0.5137434554973822, "greedy_threshold": 0.12, "greedy_f2": 0.5772495755517826}, "ensemble_val2_label8.xgb": {"eta": 0.1, "max_depth": 5, "min_child_weight": 4, "best_iteration": 9, "best_ntree_limit": 10, "smooth_f2": 0.8004864058563362, "f2_0.1": 0.9781575507940907, "f2_0.2": 0.9781575507940907, "greedy_threshold": 0.36, "greedy_f2": 0.9820378381611211}, "ensemble_val2_label9.xgb": {"eta": 0.05, "max_depth": 2, "min_child_weight": 1, "best_iteration": 24, "best_ntree_limit": 25, "smooth_f2": 0.34125275424833024, "f2_0.1": 0.41631240131179403, "f2_0.2": 0.6356916578669483, "greedy_threshold": 0.24, "greedy_f2": 0.6560455536709473}, "ensemble_val2_label10.xgb": {"eta": 0.2, "max_depth": 7, "min_child_weight": 4, "best_iteration": 8, "best_ntree_limit": 9, "smooth_f2": 0.4798817398721916, "f2_0.1": 0.7247796278158668, "f2_0.2": 0.8053461274845785, "greedy_threshold": 0.24, "greedy_f2": 0.8158017765310894}, "ensemble_val2_label11.xgb": {"eta": 0.15, "max_depth": 4, "min_child_weight": 5, "best_iteration": 16, "best_ntree_limit": 17, "smooth_f2": 0.21983365520956238, "f2_0.1": 0.5307262569832402, "f2_0.2": 0.5465037338764426, "greedy_threshold": 0.15, "greedy_f2": 0.5710814094775212}, "ensemble_val2_label12.xgb": {"eta": 0.2, "max_depth": 4, "min_child_weight": 1, "best_iteration": 4, "best_ntree_limit": 5, "smooth_f2": 0.07430948202726488, "f2_0.1": 0.03496194016640113, "f2_0.2": 0.6396588486140725, "greedy_threshold": 0.24, "greedy_f2": 0.6627906976744186}, "ensemble_val3_label0.xgb": {"eta": 0.15, "max_depth": 6, "min_child_weight": 3, "best_iteration": 18, "best_ntree_limit": 19, "smooth_f2": 0.0584844309358316, "f2_0.1": 0.35156250000000006, "f2_0.2": 0.43269230769230765, "greedy_threshold": 0.27, "greedy_f2": 0.45454545454545453}, "ensemble_val3_label1.xgb": {"eta": 0.2, "max_depth": 2, "min_child_weight": 4, "best_iteration": 52, "best_ntree_limit": 53, "smooth_f2": 0.4826853517393273, "f2_0.1": 0.6913674560733385, "f2_0.2": 0.7029598308668076, "greedy_threshold": 0.18, "greedy_f2": 0.717544587308171}, "ensemble_val3_label2.xgb": {"eta": 0.2, "max_depth": 6, "min_child_weight": 4, "best_iteration": 10, "best_ntree_limit": 11, "smooth_f2": 0.9049998406187906,