{"ensemble_val1_label0.xgb": {"eta": 0.2, "max_depth": 2, "min_child_weight": 4, "best_iteration": 8, "best_ntree_limit": 9, "smooth_f2": 0.02621036920228404, "f2_0.1": 0.40983606557377056, "f2_0.2": 0.5670103092783505, "greedy_threshold": 0.19, "greedy_f2": 0.6435643564356437}, "ensemble_val1_label1.xgb": {"eta": 0.2, "max_depth": 4, "min_child_weight": 5, "best_iteration": 10, "best_ntree_limit": 11, "smooth_f2": 0.4337701167743841, "f2_0.1": 0.6737707669071993, "f2_0.2": 0.723736176935229, "greedy_threshold": 0.21, "greedy_f2": 0.7243921881227581}, "ensemble_val1_label2.xgb": {"eta": 0.2, "max_depth": 4, "min_child_weight": 3, "best_iteration": 13, "best_ntree_limit": 14, "smooth_f2": 0.9259382644249092, "f2_0.1": 0.9815914606475544, "f2_0.2": 0.9821005215742058, "greedy_threshold": 0.3, "greedy_f2": 0.9824273247185008}, "ensemble_val1_label3.xgb": {"eta": 0.2, "max_depth": 10, "min_child_weight": 5, "best_iteration": 17, "best_ntree_limit": 18, "smooth_f2": 0.11972892472998486, "f2_0.1": 0.3745318352059926, "f2_0.2": 0.29411764705882354, "greedy_threshold": 0.06, "greedy_f2": 0.4166666666666667}, "ensemble_val1_label4.xgb": {"eta": 0.2, "max_depth": 7, "min_child_weight": 5, "best_iteration": 6, "best_ntree_limit": 7, "smooth_f2": 0.5899283029413497, "f2_0.1": 0.7242713240644988, "f2_0.2": 0.827343102018247, "greedy_threshold": 0.24, "greedy_f2": 0.8319573524555363}, "ensemble_val1_label5.xgb": {"eta": 0.2, "max_depth": 4, "min_child_weight": 4, "best_iteration": 29, "best_ntree_limit": 30, "smooth_f2": 0.5086148316225348, "f2_0.1": 0.7627198344775699, "f2_0.2": 0.7601230138390569, "greedy_threshold": 0.15, "greedy_f2": 0.7791435368754955}, "ensemble_val1_label6.xgb": {"eta": 0.2, "max_depth": 4, "min_child_weight": 5, "best_iteration": 4, "best_ntree_limit": 5, "smooth_f2": 0.025316494169054356, "f2_0.1": 0.015291895295493388, "f2_0.2": 0.46, "greedy_threshold": 0.24, "greedy_f2": 0.5072463768115942}, "ensemble_val1_label7.xgb": {"eta": 0.2, "max_depth": 5, "min_child_weight": 1, "best_iteration": 21, "best_ntree_limit": 22, "smooth_f2": 0.25146499253744814, "f2_0.1": 0.5177111716621253, "f2_0.2": 0.5047425474254742, "greedy_threshold": 0.12, "greedy_f2": 0.529513888888889}, "ensemble_val1_label8.xgb": {"eta": 0.2, "max_depth": 6, "min_child_weight": 5, "best_iteration": 40, "best_ntree_limit": 41, "smooth_f2": 0.9415707896666725, "f2_0.1": 0.9802204799617938, "f2_0.2": 0.9807304861263489, "greedy_threshold": 0.24, "greedy_f2": 0.9814297124600638}, "ensemble_val1_label9.xgb": {"eta": 0.2, "max_depth": 4, "min_child_weight": 1, "best_iteration": 8, "best_ntree_limit": 9, "smooth_f2": 0.36302141111252484, "f2_0.1": 0.5705236486486487, "f2_0.2": 0.6474428726877041, "greedy_threshold": 0.18, "greedy_f2": 0.6586345381526105}, "ensemble_val1_label10.xgb": {"eta": 0.2, "max_depth": 3, "min_child_weight": 1, "best_iteration": 16, "best_ntree_limit": 17, "smooth_f2": 0.5733552783182357, "f2_0.1": 0.7879422718808193, "f2_0.2": 0.7947511760336717, "greedy_threshold": 0.15, "greedy_f2": 0.8018754508295264}, "ensemble_val1_label11.xgb": {"eta": 0.2, "max_depth": 2, "min_child_weight": 2, "best_iteration": 34, "best_ntree_limit": 35, "smooth_f2": 0.27254985962516975, "f2_0.1": 0.5839002267573695, "f2_0.2": 0.5301966292134832, "greedy_threshold": 0.15, "greedy_f2": 0.6026785714285715}, "ensemble_val1_label12.xgb": {"eta": 0.2, "max_depth": 10, "min_child_weight": 5, "best_iteration": 8, "best_ntree_limit": 9, "smooth_f2": 0.08586844696553772, "f2_0.1": 0.42241379310344823, "f2_0.2": 0.5014326647564469, "greedy_threshold": 0.16, "greedy_f2": 0.530503978779841}, "ensemble_val2_label0.xgb": {"eta": 0.2, "max_depth": 2, "min_child_weight": 4, "best_iteration": 4, "best_ntree_limit": 5, "smooth_f2": 0.01909841417955694, "f2_0.1": 0.012173128944995492, "f2_0.2": 0.5263157894736842, "greedy_threshold": 0.21, "greedy_f2": 0.5521472392638037}, "ensemble_val2_label1.xgb": {"eta": 0.2, "max_depth": 4, "min_child_weight": 4, "best_iteration": 17, "best_ntree_limit": 18, "smooth_f2": 0.47578932332667095, "f2_0.1": 0.6962949443329075, "f2_0.2": 0.6975051975051975, "greedy_threshold": 0.16, "greedy_f2": 0.718986836856801}, "ensemble_val2_label2.xgb": {"eta": 0.2, "max_depth": 10, "min_child_weight": 3, "best_iteration": 50, "best_ntree_limit": 51, "smooth_f2": 0.9506014633723929, "f2_0.1": 0.9826840681580351, "f2_0.2": 0.9818778934040281, "greedy_threshold": 0.12, "greedy_f2": 0.983128864655564}, "ensemble_val2_label3.xgb": {"eta": 0.2, "max_depth": 9, "min_child_weight": 4, "best_iteration": 17, "best_ntree_limit": 18, "smooth_f2": 0.154506805177742, "f2_0.1": 0.4545454545454546, "f2_0.2": 0.3861788617886179, "greedy_threshold": 0.11, "greedy_f2": 0.46125461254612543}, "ensemble_val2_label4.xgb": {"eta": 0.2, "max_depth": 5, "min_child_weight": 3, "best_iteration": 29, "best_ntree_limit": 30, "smooth_f2": 0.6240397828421468, "f2_0.1": 0.8321413740598902, "f2_0.2": 0.8267678476485087, "greedy_threshold": 0.12, "greedy_f2": 0.8362117251680358}, "ensemble_val2_label5.xgb": {"eta": 0.2, "max_depth": 3, "min_child_weight": 3, "best_iteration": 27, "best_ntree_limit": 28, "smooth_f2": 0.530475325694572, "f2_0.1": 0.758646336928226, "f2_0.2": 0.7634430176565008, "greedy_threshold": 0.18, "greedy_f2": 0.7694972288202692}, "ensemble_val2_label6.xgb": {"eta": 0.2, "max_depth": 7, "min_child_weight": 5, "best_iteration": 21, "best_ntree_limit": 22, "smooth_f2": 0.11427580016246969, "f2_0.1": 0.3157894736842105, "f2_0.2": 0.17964071856287425, "greedy_threshold": 0.06, "greedy_f2": 0.4035874439461884}, "ensemble_val2_label7.xgb": {"eta": 0.2, "max_depth": 2, "min_child_weight": 1, "best_iteration": 22, "best_ntree_limit": 23, "smooth_f2": 0.24601562740036456, "f2_0.1": 0.5615735461801595, "f2_0.2": 0.49391069012178623, "greedy_threshold": 0.09, "greedy_f2": 0.5720572057205722}, "ensemble_val2_label8.xgb": {"eta": 0.2, "max_depth": 6, "min_child_weight": 1, "best_iteration": 12, "best_ntree_limit": 13, "smooth_f2": 0.9179056538113394, "f2_0.1": 0.9795051881832431, "f2_0.2": 0.9815297653404454, "greedy_threshold": 0.24, "greedy_f2": 0.9818511435174118}, "ensemble_val2_label9.xgb": {"eta": 0.2, "max_depth": 4, "min_child_weight": 4, "best_iteration": 16, "best_ntree_limit": 17, "smooth_f2": 0.4112025220192389, "f2_0.1": 0.6307627829002515, "f2_0.2": 0.6488843293152091, "greedy_threshold": 0.18, "greedy_f2": 0.6554003492142679}, "ensemble_val2_label10.xgb": {"eta": 0.2, "max_depth": 2, "min_child_weight": 1, "best_iteration": 9, "best_ntree_limit": 10, "smooth_f2": 0.5119675227490146, "f2_0.1": 0.7774001699235343, "f2_0.2": 0.8104680654830528, "greedy_threshold": 0.21, "greedy_f2": 0.8121240166589543}, "ensemble_val2_label11.xgb": {"eta": 0.2, "max_depth": 3, "min_child_weight": 5, "best_iteration": 7, "best_ntree_limit": 8, "smooth_f2": 0.17826405162537984, "f2_0.1": 0.4150680153470527, "f2_0.2": 0.553191489361702, "greedy_threshold": 0.18, "greedy_f2": 0.57815223707147}, "ensemble_val2_label12.xgb": {"eta": 0.2, "max_depth": 4, "min_child_weight": 4, "best_iteration": 3, "best_ntree_limit": 4, "smooth_f2": 0.0621881106542436, "f2_0.1": 0.03496194016640113, "f2_0.2": 0.03496194016640113, "greedy_threshold": 0.27, "greedy_f2": 0.6787330316742082}, "ensemble_val3_label0.xgb": {"eta": 0.2, "max_depth": 3, "min_child_weight": 4, "best_iteration": 19, "best_ntree_limit": 20, "smooth_f2": 0.11555833083195172, "f2_0.1": 0.33834586466165417, "f2_0.2": 0.40909090909090906, "greedy_threshold": 0.36, "greedy_f2": 0.46874999999999994}, "ensemble_val3_label1.xgb": {"eta": 0.2, "max_depth": 6, "min_child_weight": 4, "best_iteration": 8, "best_ntree_limit": 9, "smooth_f2": 0.40087326126217726, "f2_0.1": 0.5848640705363704, "f2_0.2": 0.7138529886914379, "greedy_threshold": 0.21, "greedy_f2": 0.7174887892376681}, "ensemble_val3_label2.xgb": {"eta": 0.2, "max_depth": 4, "min_child_weight": 5, "best_iteration": 18, "best_ntree_limit": 19, "smooth_f2": 0.933294648302769, "f2_0.1": 0.9817917256567565,