{"ensemble_val1_label0.xgb": {"eta": 0.1, "max_depth": 5, "min_child_weight": 5, "best_iteration": 22, "best_ntree_limit": 23, "smooth_f2": 0.04560399111979102, "f2_0.1": 0.510948905109489, "f2_0.2": 0.5882352941176471, "greedy_threshold": 0.24, "greedy_f2": 0.631578947368421}, "ensemble_val1_label1.xgb": {"eta": 0.1, "max_depth": 4, "min_child_weight": 3, "best_iteration": 14, "best_ntree_limit": 15, "smooth_f2": 0.3932622524860496, "f2_0.1": 0.30732779342078154, "f2_0.2": 0.7100426953777613, "greedy_threshold": 0.24, "greedy_f2": 0.7235294117647059}, "ensemble_val1_label2.xgb": {"eta": 0.1, "max_depth": 4, "min_child_weight": 4, "best_iteration": 46, "best_ntree_limit": 47, "smooth_f2": 0.9413731593102963, "f2_0.1": 0.9817094826565645, "f2_0.2": 0.9817617767941828, "greedy_threshold": 0.27, "greedy_f2": 0.982414843533647}, "ensemble_val1_label3.xgb": {"eta": 0.1, "max_depth": 4, "min_child_weight": 3, "best_iteration": 15, "best_ntree_limit": 16, "smooth_f2": 0.047753865692887476, "f2_0.1": 0.13504823151125403, "f2_0.2": 0.33333333333333337, "greedy_threshold": 0.15, "greedy_f2": 0.4355400696864112}, "ensemble_val1_label4.xgb": {"eta": 0.1, "max_depth": 6, "min_child_weight": 3, "best_iteration": 34, "best_ntree_limit": 35, "smooth_f2": 0.6263240843237154, "f2_0.1": 0.8244319724812167, "f2_0.2": 0.8323055028463, "greedy_threshold": 0.22, "greedy_f2": 0.8326563769293257}, "ensemble_val1_label5.xgb": {"eta": 0.1, "max_depth": 2, "min_child_weight": 1, "best_iteration": 21, "best_ntree_limit": 22, "smooth_f2": 0.4859104392409041, "f2_0.1": 0.742925574381265, "f2_0.2": 0.7716691431401683, "greedy_threshold": 0.18, "greedy_f2": 0.7762913777951372}, "ensemble_val1_label6.xgb": {"eta": 0.1, "max_depth": 3, "min_child_weight": 3, "best_iteration": 25, "best_ntree_limit": 26, "smooth_f2": 0.06780675540992112, "f2_0.1": 0.4807692307692307, "f2_0.2": 0.3107344632768362, "greedy_threshold": 0.09, "greedy_f2": 0.5}, "ensemble_val1_label7.xgb": {"eta": 0.1, "max_depth": 5, "min_child_weight": 3, "best_iteration": 21, "best_ntree_limit": 22, "smooth_f2": 0.20020353845131397, "f2_0.1": 0.4691075514874142, "f2_0.2": 0.5249169435215947, "greedy_threshold": 0.18, "greedy_f2": 0.5296343001261034}, "ensemble_val1_label8.xgb": {"eta": 0.1, "max_depth": 8, "min_child_weight": 2, "best_iteration": 42, "best_ntree_limit": 43, "smooth_f2": 0.9358769186034903, "f2_0.1": 0.9807669334607574, "f2_0.2": 0.9804879995211777, "greedy_threshold": 0.15, "greedy_f2": 0.9812404058930244}, "ensemble_val1_label9.xgb": {"eta": 0.1, "max_depth": 3, "min_child_weight": 1, "best_iteration": 29, "best_ntree_limit": 30, "smooth_f2": 0.3689186103018126, "f2_0.1": 0.634343853820598, "f2_0.2": 0.6325689255346559, "greedy_threshold": 0.15, "greedy_f2": 0.6574723576269171}, "ensemble_val1_label10.xgb": {"eta": 0.1, "max_depth": 3, "min_child_weight": 3, "best_iteration": 23, "best_ntree_limit": 24, "smooth_f2": 0.5309407233160799, "f2_0.1": 0.7801177536231885, "f2_0.2": 0.7954545454545455, "greedy_threshold": 0.15, "greedy_f2": 0.8027632205812292}, "ensemble_val1_label11.xgb": {"eta": 0.1, "max_depth": 2, "min_child_weight": 3, "best_iteration": 31, "best_ntree_limit": 32, "smooth_f2": 0.23798544324457868, "f2_0.1": 0.5814576634512326, "f2_0.2": 0.5574555403556771, "greedy_threshold": 0.15, "greedy_f2": 0.6015960712093309}, "ensemble_val1_label12.xgb": {"eta": 0.1, "max_depth": 8, "min_child_weight": 1, "best_iteration": 15, "best_ntree_limit": 16, "smooth_f2": 0.07642772612516492, "f2_0.1": 0.228595178719867, "f2_0.2": 0.47337278106508873, "greedy_threshold": 0.16, "greedy_f2": 0.5313351498637602}, "ensemble_val2_label0.xgb": {"eta": 0.1, "max_depth": 5, "min_child_weight": 2, "best_iteration": 29, "best_ntree_limit": 30, "smooth_f2": 0.056133240883421684, "f2_0.1": 0.5555555555555555, "f2_0.2": 0.31249999999999994, "greedy_threshold": 0.12, "greedy_f2": 0.5806451612903225}, "ensemble_val2_label1.xgb": {"eta": 0.1, "max_depth": 4, "min_child_weight": 5, "best_iteration": 32, "best_ntree_limit": 33, "smooth_f2": 0.4725408554166583, "f2_0.1": 0.689811457577955, "f2_0.2": 0.6958333333333333, "greedy_threshold": 0.15, "greedy_f2": 0.7147087857847977}, "ensemble_val2_label2.xgb": {"eta": 0.1, "max_depth": 7, "min_child_weight": 3, "best_iteration": 23, "best_ntree_limit": 24, "smooth_f2": 0.9128835376317695, "f2_0.1": 0.9807665807035849, "f2_0.2": 0.9827422794408025, "greedy_threshold": 0.21, "greedy_f2": 0.9827971005905474}, "ensemble_val2_label3.xgb": {"eta": 0.1, "max_depth": 6, "min_child_weight": 2, "best_iteration": 5, "best_ntree_limit": 6, "smooth_f2": 0.02862011972820301, "f2_0.1": 0.0219180533190195, "f2_0.2": 0.0219180533190195, "greedy_threshold": 0.3, "greedy_f2": 0.4207119741100324}, "ensemble_val2_label4.xgb": {"eta": 0.1, "max_depth": 5, "min_child_weight": 3, "best_iteration": 12, "best_ntree_limit": 13, "smooth_f2": 0.5738162619818159, "f2_0.1": 0.7215720994687813, "f2_0.2": 0.8295428440156215, "greedy_threshold": 0.24, "greedy_f2": 0.8362989323843417}, "ensemble_val2_label5.xgb": {"eta": 0.1, "max_depth": 7, "min_child_weight": 4, "best_iteration": 39, "best_ntree_limit": 40, "smooth_f2": 0.5295571237970826, "f2_0.1": 0.75220434505954, "f2_0.2": 0.759537802569977, "greedy_threshold": 0.18, "greedy_f2": 0.7670036313671608}, "ensemble_val2_label6.xgb": {"eta": 0.1, "max_depth": 2, "min_child_weight": 1, "best_iteration": 32, "best_ntree_limit": 33, "smooth_f2": 0.07315691633461714, "f2_0.1": 0.3826530612244898, "f2_0.2": 0.20710059171597633, "greedy_threshold": 0.09, "greedy_f2": 0.45000000000000007}, "ensemble_val2_label7.xgb": {"eta": 0.1, "max_depth": 3, "min_child_weight": 1, "best_iteration": 12, "best_ntree_limit": 13, "smooth_f2": 0.1569966936972678, "f2_0.1": 0.11418169783220256, "f2_0.2": 0.5649717514124294, "greedy_threshold": 0.21, "greedy_f2": 0.5685814771395076}, "ensemble_val2_label8.xgb": {"eta": 0.1, "max_depth": 10, "min_child_weight": 5, "best_iteration": 49, "best_ntree_limit": 50, "smooth_f2": 0.9419666773124237, "f2_0.1": 0.9803668302764145, "f2_0.2": 0.981175298804781, "greedy_threshold": 0.24, "greedy_f2": 0.9813969254082507}, "ensemble_val2_label9.xgb": {"eta": 0.1, "max_depth": 3, "min_child_weight": 1, "best_iteration": 18, "best_ntree_limit": 19, "smooth_f2": 0.3810474703373131, "f2_0.1": 0.5573248407643312, "f2_0.2": 0.6545432280186138, "greedy_threshold": 0.21, "greedy_f2": 0.6572389733366558}, "ensemble_val2_label10.xgb": {"eta": 0.1, "max_depth": 7, "min_child_weight": 5, "best_iteration": 30, "best_ntree_limit": 31, "smooth_f2": 0.5677361070674654, "f2_0.1": 0.7947310647639956, "f2_0.2": 0.8037405303030303, "greedy_threshold": 0.15, "greedy_f2": 0.8124569064582855}, "ensemble_val2_label11.xgb": {"eta": 0.1, "max_depth": 4, "min_child_weight": 2, "best_iteration": 14, "best_ntree_limit": 15, "smooth_f2": 0.17359619249902222, "f2_0.1": 0.10508757297748124, "f2_0.2": 0.56640625, "greedy_threshold": 0.21, "greedy_f2": 0.5758101851851852}, "ensemble_val2_label12.xgb": {"eta": 0.1, "max_depth": 6, "min_child_weight": 1, "best_iteration": 34, "best_ntree_limit": 35, "smooth_f2": 0.26495765521155723, "f2_0.1": 0.6547619047619047, "f2_0.2": 0.6106870229007634, "greedy_threshold": 0.12, "greedy_f2": 0.6740196078431372}, "ensemble_val3_label0.xgb": {"eta": 0.1, "max_depth": 2, "min_child_weight": 5, "best_iteration": 37, "best_ntree_limit": 38, "smooth_f2": 0.07522102893300095, "f2_0.1": 0.3409090909090909, "f2_0.2": 0.40909090909090906, "greedy_threshold": 0.24, "greedy_f2": 0.4455445544554455}, "ensemble_val3_label1.xgb": {"eta": 0.1, "max_depth": 6, "min_child_weight": 4, "best_iteration": 26, "best_ntree_limit": 27, "smooth_f2": 0.4311157972196876, "f2_0.1": 0.6790571169537625, "f2_0.2": 0.7053941908713693, "greedy_threshold": 0.18, "greedy_f2": 0.7123956849175656}, "ensemble_val3_label2.xgb": {"eta": 0.1, "max_depth": 4, "min_child_weight": 4, "best_iteration": 12, "best_ntree_limit": 13, "smooth_f2": 0.8429972748154316, "f2_0.1": 0.9804614629356897,