{"ensemble_val1_label0.xgb": {"eta": 0.1, "max_depth": 5, "min_child_weight": 1, "best_iteration": 21, "best_ntree_limit": 22, "smooth_f2": 0.04038374928865867, "f2_0.1": 0.37837837837837834, "f2_0.2": 0.5909090909090909, "greedy_threshold": 0.22, "greedy_f2": 0.6250000000000001}, "ensemble_val1_label1.xgb": {"eta": 0.1, "max_depth": 4, "min_child_weight": 2, "best_iteration": 26, "best_ntree_limit": 27, "smooth_f2": 0.4459200544594871, "f2_0.1": 0.6882342626687709, "f2_0.2": 0.7194244604316549, "greedy_threshold": 0.21, "greedy_f2": 0.7236312399355876}, "ensemble_val1_label2.xgb": {"eta": 0.1, "max_depth": 9, "min_child_weight": 5, "best_iteration": 16, "best_ntree_limit": 17, "smooth_f2": 0.8785323562520398, "f2_0.1": 0.979861411866609, "f2_0.2": 0.9818590971002191, "greedy_threshold": 0.27, "greedy_f2": 0.9824110671936758}, "ensemble_val1_label3.xgb": {"eta": 0.1, "max_depth": 7, "min_child_weight": 5, "best_iteration": 34, "best_ntree_limit": 35, "smooth_f2": 0.14046425532952575, "f2_0.1": 0.349264705882353, "f2_0.2": 0.339622641509434, "greedy_threshold": 0.06, "greedy_f2": 0.445859872611465}, "ensemble_val1_label4.xgb": {"eta": 0.1, "max_depth": 9, "min_child_weight": 3, "best_iteration": 26, "best_ntree_limit": 27, "smooth_f2": 0.6099839195487912, "f2_0.1": 0.8220589552907446, "f2_0.2": 0.8304547390337388, "greedy_threshold": 0.18, "greedy_f2": 0.8325896002630466}, "ensemble_val1_label5.xgb": {"eta": 0.1, "max_depth": 2, "min_child_weight": 1, "best_iteration": 22, "best_ntree_limit": 23, "smooth_f2": 0.48683120282201464, "f2_0.1": 0.7495281747101644, "f2_0.2": 0.773134328358209, "greedy_threshold": 0.18, "greedy_f2": 0.7770569153641993}, "ensemble_val1_label6.xgb": {"eta": 0.1, "max_depth": 2, "min_child_weight": 4, "best_iteration": 19, "best_ntree_limit": 20, "smooth_f2": 0.04605212572291201, "f2_0.1": 0.1318565400843882, "f2_0.2": 0.46798029556650245, "greedy_threshold": 0.18, "greedy_f2": 0.4929577464788732}, "ensemble_val1_label7.xgb": {"eta": 0.1, "max_depth": 6, "min_child_weight": 3, "best_iteration": 4, "best_ntree_limit": 5, "smooth_f2": 0.11917780324838453, "f2_0.1": 0.10738366769333223, "f2_0.2": 0.10738366769333223, "greedy_threshold": 0.37, "greedy_f2": 0.5268389662027833}, "ensemble_val1_label8.xgb": {"eta": 0.1, "max_depth": 8, "min_child_weight": 1, "best_iteration": 28, "best_ntree_limit": 29, "smooth_f2": 0.9107436419467204, "f2_0.1": 0.9795853459757092, "f2_0.2": 0.9805366854592904, "greedy_threshold": 0.27, "greedy_f2": 0.9814389781458935}, "ensemble_val1_label9.xgb": {"eta": 0.1, "max_depth": 4, "min_child_weight": 5, "best_iteration": 22, "best_ntree_limit": 23, "smooth_f2": 0.37591520405983947, "f2_0.1": 0.615480410000958, "f2_0.2": 0.6469638643983608, "greedy_threshold": 0.16, "greedy_f2": 0.6591304347826088}, "ensemble_val1_label10.xgb": {"eta": 0.1, "max_depth": 3, "min_child_weight": 4, "best_iteration": 17, "best_ntree_limit": 18, "smooth_f2": 0.47869813701217806, "f2_0.1": 0.7392586352148274, "f2_0.2": 0.7990314769975787, "greedy_threshold": 0.18, "greedy_f2": 0.8041458184417442}, "ensemble_val1_label11.xgb": {"eta": 0.1, "max_depth": 3, "min_child_weight": 5, "best_iteration": 22, "best_ntree_limit": 23, "smooth_f2": 0.22456107753536167, "f2_0.1": 0.5544747081712063, "f2_0.2": 0.5780535597648596, "greedy_threshold": 0.17, "greedy_f2": 0.5990220048899756}, "ensemble_val1_label12.xgb": {"eta": 0.1, "max_depth": 5, "min_child_weight": 2, "best_iteration": 26, "best_ntree_limit": 27, "smooth_f2": 0.1856851614438375, "f2_0.1": 0.3730158730158731, "f2_0.2": 0.49438202247191004, "greedy_threshold": 0.35, "greedy_f2": 0.5710306406685237}, "ensemble_val2_label0.xgb": {"eta": 0.1, "max_depth": 2, "min_child_weight": 1, "best_iteration": 21, "best_ntree_limit": 22, "smooth_f2": 0.04554354754708874, "f2_0.1": 0.5367231638418078, "f2_0.2": 0.4895104895104894, "greedy_threshold": 0.15, "greedy_f2": 0.6168831168831169}, "ensemble_val2_label1.xgb": {"eta": 0.1, "max_depth": 6, "min_child_weight": 5, "best_iteration": 27, "best_ntree_limit": 28, "smooth_f2": 0.4516375106268435, "f2_0.1": 0.6655703652414748, "f2_0.2": 0.7016460905349794, "greedy_threshold": 0.17, "greedy_f2": 0.7127171092034339}, "ensemble_val2_label2.xgb": {"eta": 0.1, "max_depth": 4, "min_child_weight": 5, "best_iteration": 19, "best_ntree_limit": 20, "smooth_f2": 0.891167400982505, "f2_0.1": 0.9800180938520239, "f2_0.2": 0.9820406552200512, "greedy_threshold": 0.31, "greedy_f2": 0.9829304956683411}, "ensemble_val2_label3.xgb": {"eta": 0.1, "max_depth": 3, "min_child_weight": 4, "best_iteration": 39, "best_ntree_limit": 40, "smooth_f2": 0.14101948570005343, "f2_0.1": 0.39999999999999997, "f2_0.2": 0.36324786324786323, "greedy_threshold": 0.09, "greedy_f2": 0.444015444015444}, "ensemble_val2_label4.xgb": {"eta": 0.1, "max_depth": 3, "min_child_weight": 1, "best_iteration": 23, "best_ntree_limit": 24, "smooth_f2": 0.605945082751882, "f2_0.1": 0.820393142446818, "f2_0.2": 0.8338903743315508, "greedy_threshold": 0.15, "greedy_f2": 0.8363670307103519}, "ensemble_val2_label5.xgb": {"eta": 0.1, "max_depth": 5, "min_child_weight": 2, "best_iteration": 27, "best_ntree_limit": 28, "smooth_f2": 0.49713287728669814, "f2_0.1": 0.7418188233218664, "f2_0.2": 0.7679063360881543, "greedy_threshold": 0.21, "greedy_f2": 0.7702220459952419}, "ensemble_val2_label6.xgb": {"eta": 0.1, "max_depth": 4, "min_child_weight": 4, "best_iteration": 10, "best_ntree_limit": 11, "smooth_f2": 0.024287870484298226, "f2_0.1": 0.016621743036837378, "f2_0.2": 0.407239819004525, "greedy_threshold": 0.21, "greedy_f2": 0.41871921182266014}, "ensemble_val2_label7.xgb": {"eta": 0.1, "max_depth": 3, "min_child_weight": 1, "best_iteration": 22, "best_ntree_limit": 23, "smooth_f2": 0.19491592071272812, "f2_0.1": 0.5229531471840985, "f2_0.2": 0.5143769968051118, "greedy_threshold": 0.15, "greedy_f2": 0.5809248554913296}, "ensemble_val2_label8.xgb": {"eta": 0.1, "max_depth": 4, "min_child_weight": 5, "best_iteration": 22, "best_ntree_limit": 23, "smooth_f2": 0.8898265586314227, "f2_0.1": 0.978601149197543, "f2_0.2": 0.9807000457156487, "greedy_threshold": 0.3, "greedy_f2": 0.981908025822906}, "ensemble_val2_label9.xgb": {"eta": 0.1, "max_depth": 4, "min_child_weight": 5, "best_iteration": 25, "best_ntree_limit": 26, "smooth_f2": 0.36717403911750324, "f2_0.1": 0.6137782982045277, "f2_0.2": 0.6478891149542217, "greedy_threshold": 0.18, "greedy_f2": 0.6560611666050067}, "ensemble_val2_label10.xgb": {"eta": 0.1, "max_depth": 9, "min_child_weight": 4, "best_iteration": 38, "best_ntree_limit": 39, "smooth_f2": 0.5763034778937095, "f2_0.1": 0.8078750848608283, "f2_0.2": 0.8014354066985646, "greedy_threshold": 0.12, "greedy_f2": 0.8143808867447737}, "ensemble_val2_label11.xgb": {"eta": 0.1, "max_depth": 4, "min_child_weight": 1, "best_iteration": 10, "best_ntree_limit": 11, "smooth_f2": 0.14783691777652422, "f2_0.1": 0.10508757297748124, "f2_0.2": 0.5265875064532782, "greedy_threshold": 0.24, "greedy_f2": 0.5668866226754649}, "ensemble_val2_label12.xgb": {"eta": 0.1, "max_depth": 10, "min_child_weight": 5, "best_iteration": 21, "best_ntree_limit": 22, "smooth_f2": 0.15582282621437973, "f2_0.1": 0.6104651162790697, "f2_0.2": 0.6004901960784313, "greedy_threshold": 0.12, "greedy_f2": 0.6803455723542117}, "ensemble_val3_label0.xgb": {"eta": 0.1, "max_depth": 4, "min_child_weight": 3, "best_iteration": 16, "best_ntree_limit": 17, "smooth_f2": 0.02369790868917136, "f2_0.1": 0.20146520146520147, "f2_0.2": 0.4017857142857143, "greedy_threshold": 0.24, "greedy_f2": 0.44117647058823534}, "ensemble_val3_label1.xgb": {"eta": 0.1, "max_depth": 3, "min_child_weight": 1, "best_iteration": 4, "best_ntree_limit": 5, "smooth_f2": 0.28575040685189723, "f2_0.1": 0.2955288227522425, "f2_0.2": 0.2955288227522425, "greedy_threshold": 0.35, "greedy_f2": 0.7135513057783262}, "ensemble_val3_label2.xgb": {"eta": 0.1, "max_depth": 6, "min_child_weight": 5, "best_iteration": 23, "best_ntree_limit": 24, "smooth_f2": 0.9095513661758297,