{"ensemble_val1_label0.xgb": {"eta": 0.1, "max_depth": 2, "min_child_weight": 1, "best_iteration": 25, "best_ntree_limit": 26, "smooth_f2": 0.04701387612020501, "f2_0.1": 0.45801526717557245, "f2_0.2": 0.5499999999999999, "greedy_threshold": 0.25, "greedy_f2": 0.5670103092783505}, "ensemble_val1_label1.xgb": {"eta": 0.2, "max_depth": 5, "min_child_weight": 5, "best_iteration": 9, "best_ntree_limit": 10, "smooth_f2": 0.4149431677456372, "f2_0.1": 0.6483084185680567, "f2_0.2": 0.714570858283433, "greedy_threshold": 0.19, "greedy_f2": 0.7199288959115149}, "ensemble_val1_label2.xgb": {"eta": 0.25, "max_depth": 6, "min_child_weight": 3, "best_iteration": 57, "best_ntree_limit": 58, "smooth_f2": 0.9500609912057713, "f2_0.1": 0.9820335636722606, "f2_0.2": 0.9827344105373496, "greedy_threshold": 0.22, "greedy_f2": 0.9827859121487932}, "ensemble_val1_label3.xgb": {"eta": 0.2, "max_depth": 5, "min_child_weight": 1, "best_iteration": 11, "best_ntree_limit": 12, "smooth_f2": 0.09430547796276227, "f2_0.1": 0.39936102236421733, "f2_0.2": 0.3745318352059926, "greedy_threshold": 0.11, "greedy_f2": 0.413907284768212}, "ensemble_val1_label4.xgb": {"eta": 0.15, "max_depth": 6, "min_child_weight": 1, "best_iteration": 16, "best_ntree_limit": 17, "smooth_f2": 0.6180301346802761, "f2_0.1": 0.8216806798255473, "f2_0.2": 0.8330554894022386, "greedy_threshold": 0.2, "greedy_f2": 0.8330554894022386}, "ensemble_val1_label5.xgb": {"eta": 0.1, "max_depth": 5, "min_child_weight": 1, "best_iteration": 17, "best_ntree_limit": 18, "smooth_f2": 0.48379412093917196, "f2_0.1": 0.6957335938772187, "f2_0.2": 0.7770900874349149, "greedy_threshold": 0.2, "greedy_f2": 0.7770900874349149}, "ensemble_val1_label6.xgb": {"eta": 0.25, "max_depth": 2, "min_child_weight": 5, "best_iteration": 6, "best_ntree_limit": 7, "smooth_f2": 0.044100459312795603, "f2_0.1": 0.4121863799283154, "f2_0.2": 0.48969072164948446, "greedy_threshold": 0.13, "greedy_f2": 0.5203619909502262}, "ensemble_val1_label7.xgb": {"eta": 0.1, "max_depth": 8, "min_child_weight": 4, "best_iteration": 16, "best_ntree_limit": 17, "smooth_f2": 0.16846943374335782, "f2_0.1": 0.3662062319306136, "f2_0.2": 0.5248091603053435, "greedy_threshold": 0.2, "greedy_f2": 0.5248091603053435}, "ensemble_val1_label8.xgb": {"eta": 0.15, "max_depth": 3, "min_child_weight": 1, "best_iteration": 69, "best_ntree_limit": 70, "smooth_f2": 0.9433549527334818, "f2_0.1": 0.9802029446876245, "f2_0.2": 0.9815749067778022, "greedy_threshold": 0.2, "greedy_f2": 0.9815749067778022}, "ensemble_val1_label9.xgb": {"eta": 0.1, "max_depth": 2, "min_child_weight": 1, "best_iteration": 16, "best_ntree_limit": 17, "smooth_f2": 0.3673458309209479, "f2_0.1": 0.4219701996742475, "f2_0.2": 0.6521997621878716, "greedy_threshold": 0.19, "greedy_f2": 0.6542707728065077}, "ensemble_val1_label10.xgb": {"eta": 0.1, "max_depth": 2, "min_child_weight": 1, "best_iteration": 22, "best_ntree_limit": 23, "smooth_f2": 0.5083884593972243, "f2_0.1": 0.769656699889258, "f2_0.2": 0.8051257253384912, "greedy_threshold": 0.2, "greedy_f2": 0.8051257253384912}, "ensemble_val1_label11.xgb": {"eta": 0.2, "max_depth": 5, "min_child_weight": 5, "best_iteration": 7, "best_ntree_limit": 8, "smooth_f2": 0.17655611975327087, "f2_0.1": 0.4195921096623203, "f2_0.2": 0.6007281553398057, "greedy_threshold": 0.2, "greedy_f2": 0.6007281553398057}, "ensemble_val1_label12.xgb": {"eta": 0.2, "max_depth": 3, "min_child_weight": 1, "best_iteration": 5, "best_ntree_limit": 6, "smooth_f2": 0.056454868954900546, "f2_0.1": 0.02934637616718542, "f2_0.2": 0.5327868852459017, "greedy_threshold": 0.18, "greedy_f2": 0.5487804878048781}, "ensemble_val2_label0.xgb": {"eta": 0.1, "max_depth": 2, "min_child_weight": 1, "best_iteration": 11, "best_ntree_limit": 12, "smooth_f2": 0.01947664329640185, "f2_0.1": 0.012173128944995492, "f2_0.2": 0.5454545454545455, "greedy_threshold": 0.2, "greedy_f2": 0.5454545454545455}, "ensemble_val2_label1.xgb": {"eta": 0.15, "max_depth": 4, "min_child_weight": 2, "best_iteration": 20, "best_ntree_limit": 21, "smooth_f2": 0.4782539938666936, "f2_0.1": 0.6889656426104346, "f2_0.2": 0.715024834437086, "greedy_threshold": 0.2, "greedy_f2": 0.715024834437086}, "ensemble_val2_label2.xgb": {"eta": 0.25, "max_depth": 4, "min_child_weight": 2, "best_iteration": 12, "best_ntree_limit": 13, "smooth_f2": 0.9319241114002399, "f2_0.1": 0.9821287675556258, "f2_0.2": 0.983021702178124, "greedy_threshold": 0.17, "greedy_f2": 0.9831094429079416}, "ensemble_val2_label3.xgb": {"eta": 0.15, "max_depth": 6, "min_child_weight": 1, "best_iteration": 8, "best_ntree_limit": 9, "smooth_f2": 0.04576461567480602, "f2_0.1": 0.0219180533190195, "f2_0.2": 0.47368421052631576, "greedy_threshold": 0.2, "greedy_f2": 0.47368421052631576}, "ensemble_val2_label4.xgb": {"eta": 0.25, "max_depth": 4, "min_child_weight": 1, "best_iteration": 5, "best_ntree_limit": 6, "smooth_f2": 0.591220044330383, "f2_0.1": 0.7215720994687813, "f2_0.2": 0.8349395891119364, "greedy_threshold": 0.2, "greedy_f2": 0.8349395891119364}, "ensemble_val2_label5.xgb": {"eta": 0.1, "max_depth": 4, "min_child_weight": 2, "best_iteration": 19, "best_ntree_limit": 20, "smooth_f2": 0.4873582986485736, "f2_0.1": 0.7234617985125085, "f2_0.2": 0.7662721893491125, "greedy_threshold": 0.2, "greedy_f2": 0.7662721893491125}, "ensemble_val2_label6.xgb": {"eta": 0.1, "max_depth": 5, "min_child_weight": 5, "best_iteration": 12, "best_ntree_limit": 13, "smooth_f2": 0.028879598089254215, "f2_0.1": 0.016621743036837378, "f2_0.2": 0.4265402843601896, "greedy_threshold": 0.19, "greedy_f2": 0.4337899543378995}, "ensemble_val2_label7.xgb": {"eta": 0.15, "max_depth": 4, "min_child_weight": 1, "best_iteration": 8, "best_ntree_limit": 9, "smooth_f2": 0.16186218491317794, "f2_0.1": 0.11418169783220256, "f2_0.2": 0.57396449704142, "greedy_threshold": 0.2, "greedy_f2": 0.57396449704142}, "ensemble_val2_label8.xgb": {"eta": 0.15, "max_depth": 5, "min_child_weight": 5, "best_iteration": 20, "best_ntree_limit": 21, "smooth_f2": 0.9287698897400984, "f2_0.1": 0.9804974056181787, "f2_0.2": 0.9816250473324432, "greedy_threshold": 0.18, "greedy_f2": 0.9817515339867717}, "ensemble_val2_label9.xgb": {"eta": 0.25, "max_depth": 5, "min_child_weight": 1, "best_iteration": 5, "best_ntree_limit": 6, "smooth_f2": 0.3766151474311177, "f2_0.1": 0.41631240131179403, "f2_0.2": 0.6552941176470589, "greedy_threshold": 0.21, "greedy_f2": 0.6586538461538461}, "ensemble_val2_label10.xgb": {"eta": 0.15, "max_depth": 8, "min_child_weight": 4, "best_iteration": 9, "best_ntree_limit": 10, "smooth_f2": 0.45742245409861226, "f2_0.1": 0.27350974534073125, "f2_0.2": 0.8084176632934682, "greedy_threshold": 0.23, "greedy_f2": 0.8096357226792009}, "ensemble_val2_label11.xgb": {"eta": 0.25, "max_depth": 4, "min_child_weight": 1, "best_iteration": 8, "best_ntree_limit": 9, "smooth_f2": 0.21337483808523436, "f2_0.1": 0.5504587155963303, "f2_0.2": 0.5514458641560188, "greedy_threshold": 0.12, "greedy_f2": 0.5687465488680288}, "ensemble_val2_label12.xgb": {"eta": 0.15, "max_depth": 2, "min_child_weight": 1, "best_iteration": 12, "best_ntree_limit": 13, "smooth_f2": 0.13418250025857717, "f2_0.1": 0.4441260744985674, "f2_0.2": 0.6356968215158924, "greedy_threshold": 0.16, "greedy_f2": 0.6436781609195402}, "ensemble_val3_label0.xgb": {"eta": 0.2, "max_depth": 8, "min_child_weight": 4, "best_iteration": 31, "best_ntree_limit": 32, "smooth_f2": 0.16436159302398207, "f2_0.1": 0.4132231404958678, "f2_0.2": 0.47169811320754707, "greedy_threshold": 0.2, "greedy_f2": 0.47169811320754707}, "ensemble_val3_label1.xgb": {"eta": 0.15, "max_depth": 5, "min_child_weight": 1, "best_iteration": 11, "best_ntree_limit": 12, "smooth_f2": 0.37946983303321935, "f2_0.1": 0.5843303180624453, "f2_0.2": 0.7104099678456591, "greedy_threshold": 0.2, "greedy_f2": 0.7104099678456591}, "ensemble_val3_label2.xgb": {"eta": 0.1, "max_depth": 10, "min_child_weight": 3, "best_iteration": 81, "best_ntree_limit": 82, "smooth_f2": 0.9378203830699215,