{"ensemble_val1_label0.xgb": {"eta": 0.1, "max_depth": 6, "min_child_weight": 2, "best_iteration": 15, "best_ntree_limit": 16, "smooth_f2": 0.025857690030651533, "f2_0.1": 0.3346456692913386, "f2_0.2": 0.5042016806722689, "greedy_threshold": 0.18, "greedy_f2": 0.5952380952380952}, "ensemble_val1_label1.xgb": {"eta": 0.1, "max_depth": 2, "min_child_weight": 1, "best_iteration": 23, "best_ntree_limit": 24, "smooth_f2": 0.43148583636340637, "f2_0.1": 0.6651376146788992, "f2_0.2": 0.7191713894860271, "greedy_threshold": 0.21, "greedy_f2": 0.7211917916337807}, "ensemble_val1_label2.xgb": {"eta": 0.1, "max_depth": 9, "min_child_weight": 5, "best_iteration": 20, "best_ntree_limit": 21, "smooth_f2": 0.8977985521834646, "f2_0.1": 0.9819419775014803, "f2_0.2": 0.9816399533587619, "greedy_threshold": 0.12, "greedy_f2": 0.9820952681761653}, "ensemble_val1_label3.xgb": {"eta": 0.1, "max_depth": 3, "min_child_weight": 4, "best_iteration": 16, "best_ntree_limit": 17, "smooth_f2": 0.05430645192641577, "f2_0.1": 0.36989795918367346, "f2_0.2": 0.3345724907063197, "greedy_threshold": 0.11, "greedy_f2": 0.4128440366972477}, "ensemble_val1_label4.xgb": {"eta": 0.1, "max_depth": 5, "min_child_weight": 4, "best_iteration": 10, "best_ntree_limit": 11, "smooth_f2": 0.5753273739968855, "f2_0.1": 0.7242713240644988, "f2_0.2": 0.8183433266711082, "greedy_threshold": 0.27, "greedy_f2": 0.8327062364782242}, "ensemble_val1_label5.xgb": {"eta": 0.1, "max_depth": 6, "min_child_weight": 1, "best_iteration": 7, "best_ntree_limit": 8, "smooth_f2": 0.43798246375962796, "f2_0.1": 0.486964255934182, "f2_0.2": 0.486964255934182, "greedy_threshold": 0.3, "greedy_f2": 0.7772071894133912}, "ensemble_val1_label6.xgb": {"eta": 0.1, "max_depth": 5, "min_child_weight": 5, "best_iteration": 4, "best_ntree_limit": 5, "smooth_f2": 0.018926915910538817, "f2_0.1": 0.015291895295493388, "f2_0.2": 0.015291895295493388, "greedy_threshold": 0.31, "greedy_f2": 0.4484304932735426}, "ensemble_val1_label7.xgb": {"eta": 0.1, "max_depth": 6, "min_child_weight": 5, "best_iteration": 28, "best_ntree_limit": 29, "smooth_f2": 0.23471298303206842, "f2_0.1": 0.5111731843575419, "f2_0.2": 0.4861111111111111, "greedy_threshold": 0.12, "greedy_f2": 0.5190102595051297}, "ensemble_val1_label8.xgb": {"eta": 0.1, "max_depth": 10, "min_child_weight": 4, "best_iteration": 6, "best_ntree_limit": 7, "smooth_f2": 0.7588211517283882, "f2_0.1": 0.9777456016819724, "f2_0.2": 0.9777456016819724, "greedy_threshold": 0.35, "greedy_f2": 0.9812450119712689}, "ensemble_val1_label9.xgb": {"eta": 0.1, "max_depth": 4, "min_child_weight": 5, "best_iteration": 17, "best_ntree_limit": 18, "smooth_f2": 0.3668869706945485, "f2_0.1": 0.5404231801673772, "f2_0.2": 0.6493738819320215, "greedy_threshold": 0.21, "greedy_f2": 0.6551471486139945}, "ensemble_val1_label10.xgb": {"eta": 0.1, "max_depth": 3, "min_child_weight": 5, "best_iteration": 24, "best_ntree_limit": 25, "smooth_f2": 0.5364180647131357, "f2_0.1": 0.7832988267770877, "f2_0.2": 0.8011184050571359, "greedy_threshold": 0.18, "greedy_f2": 0.8048192771084338}, "ensemble_val1_label11.xgb": {"eta": 0.1, "max_depth": 7, "min_child_weight": 3, "best_iteration": 14, "best_ntree_limit": 15, "smooth_f2": 0.1709887626890822, "f2_0.1": 0.10738366769333223, "f2_0.2": 0.5892751915144373, "greedy_threshold": 0.21, "greedy_f2": 0.5981873111782479}, "ensemble_val1_label12.xgb": {"eta": 0.1, "max_depth": 3, "min_child_weight": 1, "best_iteration": 37, "best_ntree_limit": 38, "smooth_f2": 0.18483238286579004, "f2_0.1": 0.463768115942029, "f2_0.2": 0.4071661237785016, "greedy_threshold": 0.06, "greedy_f2": 0.5420054200542005}, "ensemble_val2_label0.xgb": {"eta": 0.1, "max_depth": 2, "min_child_weight": 2, "best_iteration": 33, "best_ntree_limit": 34, "smooth_f2": 0.061864534003221346, "f2_0.1": 0.5263157894736842, "f2_0.2": 0.24, "greedy_threshold": 0.09, "greedy_f2": 0.5696202531645569}, "ensemble_val2_label1.xgb": {"eta": 0.1, "max_depth": 7, "min_child_weight": 1, "best_iteration": 28, "best_ntree_limit": 29, "smooth_f2": 0.45988680378826413, "f2_0.1": 0.6615490771088494, "f2_0.2": 0.6987927153673009, "greedy_threshold": 0.18, "greedy_f2": 0.7105580088317945}, "ensemble_val2_label2.xgb": {"eta": 0.1, "max_depth": 9, "min_child_weight": 5, "best_iteration": 31, "best_ntree_limit": 32, "smooth_f2": 0.9314311265793702, "f2_0.1": 0.982072420321868, "f2_0.2": 0.9826897996285027, "greedy_threshold": 0.22, "greedy_f2": 0.982898378805852}, "ensemble_val2_label3.xgb": {"eta": 0.1, "max_depth": 4, "min_child_weight": 3, "best_iteration": 29, "best_ntree_limit": 30, "smooth_f2": 0.13107576619735947, "f2_0.1": 0.376984126984127, "f2_0.2": 0.3862660944206009, "greedy_threshold": 0.06, "greedy_f2": 0.44217687074829937}, "ensemble_val2_label4.xgb": {"eta": 0.1, "max_depth": 4, "min_child_weight": 2, "best_iteration": 26, "best_ntree_limit": 27, "smooth_f2": 0.6186192280551065, "f2_0.1": 0.8232895333031263, "f2_0.2": 0.8304979153687639, "greedy_threshold": 0.18, "greedy_f2": 0.8366202537660979}, "ensemble_val2_label5.xgb": {"eta": 0.1, "max_depth": 5, "min_child_weight": 5, "best_iteration": 15, "best_ntree_limit": 16, "smooth_f2": 0.49165842549640415, "f2_0.1": 0.49216075963343275, "f2_0.2": 0.7596382674916706, "greedy_threshold": 0.24, "greedy_f2": 0.7640671273445212}, "ensemble_val2_label6.xgb": {"eta": 0.1, "max_depth": 5, "min_child_weight": 4, "best_iteration": 4, "best_ntree_limit": 5, "smooth_f2": 0.019618372198307085, "f2_0.1": 0.016621743036837378, "f2_0.2": 0.016621743036837378, "greedy_threshold": 0.36, "greedy_f2": 0.39893617021276595}, "ensemble_val2_label7.xgb": {"eta": 0.1, "max_depth": 3, "min_child_weight": 3, "best_iteration": 18, "best_ntree_limit": 19, "smooth_f2": 0.17703670657224868, "f2_0.1": 0.47998366013071897, "f2_0.2": 0.5245901639344261, "greedy_threshold": 0.15, "greedy_f2": 0.5742049469964665}, "ensemble_val2_label8.xgb": {"eta": 0.1, "max_depth": 4, "min_child_weight": 5, "best_iteration": 32, "best_ntree_limit": 33, "smooth_f2": 0.9244826965511952, "f2_0.1": 0.9802052931482917, "f2_0.2": 0.981110292800414, "greedy_threshold": 0.24, "greedy_f2": 0.9817105970952125}, "ensemble_val2_label9.xgb": {"eta": 0.1, "max_depth": 2, "min_child_weight": 1, "best_iteration": 12, "best_ntree_limit": 13, "smooth_f2": 0.3520146981598915, "f2_0.1": 0.41631240131179403, "f2_0.2": 0.6337024449073567, "greedy_threshold": 0.24, "greedy_f2": 0.6549287193858901}, "ensemble_val2_label10.xgb": {"eta": 0.1, "max_depth": 2, "min_child_weight": 1, "best_iteration": 9, "best_ntree_limit": 10, "smooth_f2": 0.3831703311796022, "f2_0.1": 0.27350974534073125, "f2_0.2": 0.7664846703065938, "greedy_threshold": 0.27, "greedy_f2": 0.8102766798418972}, "ensemble_val2_label11.xgb": {"eta": 0.1, "max_depth": 3, "min_child_weight": 4, "best_iteration": 19, "best_ntree_limit": 20, "smooth_f2": 0.18640802472854973, "f2_0.1": 0.5159474671669794, "f2_0.2": 0.5478087649402391, "greedy_threshold": 0.15, "greedy_f2": 0.562953995157385}, "ensemble_val2_label12.xgb": {"eta": 0.1, "max_depth": 5, "min_child_weight": 5, "best_iteration": 4, "best_ntree_limit": 5, "smooth_f2": 0.04957307972167557, "f2_0.1": 0.03496194016640113, "f2_0.2": 0.03496194016640113, "greedy_threshold": 0.35, "greedy_f2": 0.6597222222222222}, "ensemble_val3_label0.xgb": {"eta": 0.1, "max_depth": 3, "min_child_weight": 3, "best_iteration": 41, "best_ntree_limit": 42, "smooth_f2": 0.10244673374941322, "f2_0.1": 0.3435114503816794, "f2_0.2": 0.4017857142857143, "greedy_threshold": 0.23, "greedy_f2": 0.42857142857142855}, "ensemble_val3_label1.xgb": {"eta": 0.1, "max_depth": 2, "min_child_weight": 1, "best_iteration": 18, "best_ntree_limit": 19, "smooth_f2": 0.3606095619024188, "f2_0.1": 0.5857247976453275, "f2_0.2": 0.6979771680352493, "greedy_threshold": 0.21, "greedy_f2": 0.6998177030585376}, "ensemble_val3_label2.xgb": {"eta": 0.1, "max_depth": 10, "min_child_weight": 2, "best_iteration": 22, "best_ntree_limit": 23, "smooth_f2": 0.8963995871077962,