{"ensemble_val1_label0.xgb": {"eta": 0.2, "max_depth": 6, "min_child_weight": 1, "best_iteration": 16, "best_ntree_limit": 17, "smooth_f2": 0.08803587961854052, "f2_0.1": 0.5909090909090909, "f2_0.2": 0.44444444444444436, "greedy_threshold": 0.12, "greedy_f2": 0.6250000000000001}, "ensemble_val1_label1.xgb": {"eta": 0.05, "max_depth": 4, "min_child_weight": 5, "best_iteration": 26, "best_ntree_limit": 27, "smooth_f2": 0.38087920294885363, "f2_0.1": 0.30732779342078154, "f2_0.2": 0.6988955277928661, "greedy_threshold": 0.24, "greedy_f2": 0.7261858094864758}, "ensemble_val1_label2.xgb": {"eta": 0.2, "max_depth": 10, "min_child_weight": 3, "best_iteration": 12, "best_ntree_limit": 13, "smooth_f2": 0.920255960135695, "f2_0.1": 0.9817428204875159, "f2_0.2": 0.9826178093298265, "greedy_threshold": 0.2, "greedy_f2": 0.9826178093298265}, "ensemble_val1_label3.xgb": {"eta": 0.15, "max_depth": 2, "min_child_weight": 1, "best_iteration": 28, "best_ntree_limit": 29, "smooth_f2": 0.13585009040051937, "f2_0.1": 0.3370786516853933, "f2_0.2": 0.28957528957528955, "greedy_threshold": 0.03, "greedy_f2": 0.41916167664670656}, "ensemble_val1_label4.xgb": {"eta": 0.1, "max_depth": 6, "min_child_weight": 2, "best_iteration": 5, "best_ntree_limit": 6, "smooth_f2": 0.5365428104986366, "f2_0.1": 0.7242713240644988, "f2_0.2": 0.7242713240644988, "greedy_threshold": 0.36, "greedy_f2": 0.8334122101277802}, "ensemble_val1_label5.xgb": {"eta": 0.2, "max_depth": 3, "min_child_weight": 1, "best_iteration": 26, "best_ntree_limit": 27, "smooth_f2": 0.5247933610597729, "f2_0.1": 0.7641509433962265, "f2_0.2": 0.7677425924040322, "greedy_threshold": 0.15, "greedy_f2": 0.7765170202269364}, "ensemble_val1_label6.xgb": {"eta": 0.15, "max_depth": 2, "min_child_weight": 1, "best_iteration": 51, "best_ntree_limit": 52, "smooth_f2": 0.19221923853642472, "f2_0.1": 0.38461538461538464, "f2_0.2": 0.3757225433526011, "greedy_threshold": 0.07, "greedy_f2": 0.4929577464788732}, "ensemble_val1_label7.xgb": {"eta": 0.15, "max_depth": 3, "min_child_weight": 1, "best_iteration": 18, "best_ntree_limit": 19, "smooth_f2": 0.2189064814412258, "f2_0.1": 0.504201680672269, "f2_0.2": 0.5027739251040221, "greedy_threshold": 0.17, "greedy_f2": 0.5294506949040371}, "ensemble_val1_label8.xgb": {"eta": 0.15, "max_depth": 8, "min_child_weight": 4, "best_iteration": 14, "best_ntree_limit": 15, "smooth_f2": 0.9057872456596157, "f2_0.1": 0.9797391338927107, "f2_0.2": 0.9810410478260003, "greedy_threshold": 0.24, "greedy_f2": 0.9813251930328606}, "ensemble_val1_label9.xgb": {"eta": 0.05, "max_depth": 5, "min_child_weight": 5, "best_iteration": 40, "best_ntree_limit": 41, "smooth_f2": 0.36036682557008254, "f2_0.1": 0.5927333804809053, "f2_0.2": 0.6428923988153998, "greedy_threshold": 0.18, "greedy_f2": 0.6570247933884298}, "ensemble_val1_label10.xgb": {"eta": 0.15, "max_depth": 6, "min_child_weight": 5, "best_iteration": 29, "best_ntree_limit": 30, "smooth_f2": 0.5717010011757967, "f2_0.1": 0.7905184493227465, "f2_0.2": 0.7953144266337854, "greedy_threshold": 0.18, "greedy_f2": 0.8042895442359249}, "ensemble_val1_label11.xgb": {"eta": 0.05, "max_depth": 4, "min_child_weight": 2, "best_iteration": 22, "best_ntree_limit": 23, "smooth_f2": 0.14914870646418435, "f2_0.1": 0.10738366769333223, "f2_0.2": 0.5688935281837161, "greedy_threshold": 0.24, "greedy_f2": 0.608272506082725}, "ensemble_val1_label12.xgb": {"eta": 0.1, "max_depth": 7, "min_child_weight": 4, "best_iteration": 13, "best_ntree_limit": 14, "smooth_f2": 0.06553062517781068, "f2_0.1": 0.02934637616718542, "f2_0.2": 0.5491329479768787, "greedy_threshold": 0.18, "greedy_f2": 0.580110497237569}, "ensemble_val2_label0.xgb": {"eta": 0.2, "max_depth": 2, "min_child_weight": 2, "best_iteration": 19, "best_ntree_limit": 20, "smooth_f2": 0.10982114885244307, "f2_0.1": 0.49668874172185434, "f2_0.2": 0.4166666666666667, "greedy_threshold": 0.09, "greedy_f2": 0.5844155844155844}, "ensemble_val2_label1.xgb": {"eta": 0.1, "max_depth": 10, "min_child_weight": 4, "best_iteration": 50, "best_ntree_limit": 51, "smooth_f2": 0.5097773900134048, "f2_0.1": 0.6932733745549935, "f2_0.2": 0.6850031374189501, "greedy_threshold": 0.14, "greedy_f2": 0.7105994442238985}, "ensemble_val2_label2.xgb": {"eta": 0.15, "max_depth": 10, "min_child_weight": 4, "best_iteration": 27, "best_ntree_limit": 28, "smooth_f2": 0.9391422044833816, "f2_0.1": 0.9821516713064424, "f2_0.2": 0.9822683105420434, "greedy_threshold": 0.15, "greedy_f2": 0.9829178117400503}, "ensemble_val2_label3.xgb": {"eta": 0.2, "max_depth": 7, "min_child_weight": 3, "best_iteration": 10, "best_ntree_limit": 11, "smooth_f2": 0.08060979010810244, "f2_0.1": 0.41818181818181815, "f2_0.2": 0.35564853556485354, "greedy_threshold": 0.09, "greedy_f2": 0.4452054794520548}, "ensemble_val2_label4.xgb": {"eta": 0.2, "max_depth": 2, "min_child_weight": 4, "best_iteration": 19, "best_ntree_limit": 20, "smooth_f2": 0.6260790230083659, "f2_0.1": 0.8304959970553049, "f2_0.2": 0.8318494634005487, "greedy_threshold": 0.15, "greedy_f2": 0.836557516278192}, "ensemble_val2_label5.xgb": {"eta": 0.2, "max_depth": 4, "min_child_weight": 5, "best_iteration": 17, "best_ntree_limit": 18, "smooth_f2": 0.5190955944351743, "f2_0.1": 0.7583156730857827, "f2_0.2": 0.7618187292984041, "greedy_threshold": 0.15, "greedy_f2": 0.7673721851744467}, "ensemble_val2_label6.xgb": {"eta": 0.15, "max_depth": 5, "min_child_weight": 5, "best_iteration": 24, "best_ntree_limit": 25, "smooth_f2": 0.08798060567818312, "f2_0.1": 0.3535353535353535, "f2_0.2": 0.2616279069767442, "greedy_threshold": 0.06, "greedy_f2": 0.43933054393305443}, "ensemble_val2_label7.xgb": {"eta": 0.1, "max_depth": 2, "min_child_weight": 1, "best_iteration": 16, "best_ntree_limit": 17, "smooth_f2": 0.1682934815939312, "f2_0.1": 0.4408105225737647, "f2_0.2": 0.5326569435637286, "greedy_threshold": 0.18, "greedy_f2": 0.5684523809523808}, "ensemble_val2_label8.xgb": {"eta": 0.2, "max_depth": 6, "min_child_weight": 5, "best_iteration": 12, "best_ntree_limit": 13, "smooth_f2": 0.9181648967606397, "f2_0.1": 0.979412114720933, "f2_0.2": 0.981767878824068, "greedy_threshold": 0.2, "greedy_f2": 0.981767878824068}, "ensemble_val2_label9.xgb": {"eta": 0.2, "max_depth": 3, "min_child_weight": 1, "best_iteration": 13, "best_ntree_limit": 14, "smooth_f2": 0.39627937689951725, "f2_0.1": 0.633399312428378, "f2_0.2": 0.6520902795588612, "greedy_threshold": 0.18, "greedy_f2": 0.6592101974506374}, "ensemble_val2_label10.xgb": {"eta": 0.2, "max_depth": 9, "min_child_weight": 4, "best_iteration": 9, "best_ntree_limit": 10, "smooth_f2": 0.5073880931495832, "f2_0.1": 0.7538619979402678, "f2_0.2": 0.8019199250760947, "greedy_threshold": 0.18, "greedy_f2": 0.8083487084870847}, "ensemble_val2_label11.xgb": {"eta": 0.15, "max_depth": 2, "min_child_weight": 1, "best_iteration": 8, "best_ntree_limit": 9, "smooth_f2": 0.15502782501908316, "f2_0.1": 0.10508757297748124, "f2_0.2": 0.5650198750709825, "greedy_threshold": 0.21, "greedy_f2": 0.5774896876841485}, "ensemble_val2_label12.xgb": {"eta": 0.2, "max_depth": 5, "min_child_weight": 2, "best_iteration": 11, "best_ntree_limit": 12, "smooth_f2": 0.1905703758025, "f2_0.1": 0.5996131528046421, "f2_0.2": 0.656934306569343, "greedy_threshold": 0.17, "greedy_f2": 0.6872037914691943}, "ensemble_val3_label0.xgb": {"eta": 0.1, "max_depth": 5, "min_child_weight": 2, "best_iteration": 29, "best_ntree_limit": 30, "smooth_f2": 0.059760886639462094, "f2_0.1": 0.2631578947368421, "f2_0.2": 0.3629032258064516, "greedy_threshold": 0.31, "greedy_f2": 0.44117647058823534}, "ensemble_val3_label1.xgb": {"eta": 0.2, "max_depth": 2, "min_child_weight": 1, "best_iteration": 35, "best_ntree_limit": 36, "smooth_f2": 0.43813845604812474, "f2_0.1": 0.6842006739049046, "f2_0.2": 0.6916912695065374, "greedy_threshold": 0.18, "greedy_f2": 0.7039636663914121}, "ensemble_val3_label2.xgb": {"eta": 0.15, "max_depth": 6, "min_child_weight": 3, "best_iteration": 16, "best_ntree_limit": 17, "smooth_f2": 0.9091482862673002,