{"ensemble_val1_label0.xgb": {"eta": 0.2, "max_depth": 2, "min_child_weight": 2, "best_iteration": 20, "best_ntree_limit": 21, "smooth_f2": 0.08901926866473803, "f2_0.1": 0.5508474576271186, "f2_0.2": 0.4022988505747126, "greedy_threshold": 0.15, "greedy_f2": 0.6250000000000001}, "ensemble_val1_label1.xgb": {"eta": 0.05, "max_depth": 5, "min_child_weight": 3, "best_iteration": 2, "best_ntree_limit": 3, "smooth_f2": 0.2606971002814631, "f2_0.1": 0.30732779342078154, "f2_0.2": 0.30732779342078154, "greedy_threshold": 0.45, "greedy_f2": 0.7099391480730223}, "ensemble_val1_label2.xgb": {"eta": 0.2, "max_depth": 8, "min_child_weight": 4, "best_iteration": 9, "best_ntree_limit": 10, "smooth_f2": 0.8947045799874991, "f2_0.1": 0.9798767401106583, "f2_0.2": 0.9819312796208532, "greedy_threshold": 0.26, "greedy_f2": 0.9825452676524075}, "ensemble_val1_label3.xgb": {"eta": 0.2, "max_depth": 3, "min_child_weight": 1, "best_iteration": 25, "best_ntree_limit": 26, "smooth_f2": 0.1313159919786907, "f2_0.1": 0.30303030303030304, "f2_0.2": 0.2620967741935484, "greedy_threshold": 0.06, "greedy_f2": 0.4225352112676056}, "ensemble_val1_label4.xgb": {"eta": 0.15, "max_depth": 4, "min_child_weight": 4, "best_iteration": 28, "best_ntree_limit": 29, "smooth_f2": 0.6211263021664234, "f2_0.1": 0.8248852116197662, "f2_0.2": 0.8266951161688003, "greedy_threshold": 0.14, "greedy_f2": 0.8316661238542781}, "ensemble_val1_label5.xgb": {"eta": 0.15, "max_depth": 5, "min_child_weight": 1, "best_iteration": 18, "best_ntree_limit": 19, "smooth_f2": 0.5301121024186295, "f2_0.1": 0.7522286554544619, "f2_0.2": 0.7699881843245372, "greedy_threshold": 0.21, "greedy_f2": 0.7705614867536577}, "ensemble_val1_label6.xgb": {"eta": 0.1, "max_depth": 6, "min_child_weight": 5, "best_iteration": 23, "best_ntree_limit": 24, "smooth_f2": 0.03798401377374326, "f2_0.1": 0.42553191489361697, "f2_0.2": 0.16339869281045752, "greedy_threshold": 0.12, "greedy_f2": 0.44943820224719094}, "ensemble_val1_label7.xgb": {"eta": 0.1, "max_depth": 9, "min_child_weight": 3, "best_iteration": 6, "best_ntree_limit": 7, "smooth_f2": 0.13167609053506293, "f2_0.1": 0.10738366769333223, "f2_0.2": 0.10738366769333223, "greedy_threshold": 0.3, "greedy_f2": 0.5271270036991369}, "ensemble_val1_label8.xgb": {"eta": 0.2, "max_depth": 8, "min_child_weight": 5, "best_iteration": 52, "best_ntree_limit": 53, "smooth_f2": 0.9461219044477928, "f2_0.1": 0.9801150500607098, "f2_0.2": 0.9807128467997686, "greedy_threshold": 0.25, "greedy_f2": 0.9811124865231802}, "ensemble_val1_label9.xgb": {"eta": 0.2, "max_depth": 4, "min_child_weight": 2, "best_iteration": 12, "best_ntree_limit": 13, "smooth_f2": 0.36002164538451, "f2_0.1": 0.6271450858034321, "f2_0.2": 0.6145538698894317, "greedy_threshold": 0.15, "greedy_f2": 0.64873417721519}, "ensemble_val1_label10.xgb": {"eta": 0.2, "max_depth": 8, "min_child_weight": 1, "best_iteration": 10, "best_ntree_limit": 11, "smooth_f2": 0.5409623256338061, "f2_0.1": 0.7684402831696734, "f2_0.2": 0.7913492258540181, "greedy_threshold": 0.16, "greedy_f2": 0.7957848837209303}, "ensemble_val1_label11.xgb": {"eta": 0.1, "max_depth": 3, "min_child_weight": 4, "best_iteration": 22, "best_ntree_limit": 23, "smooth_f2": 0.20322135150672, "f2_0.1": 0.5633802816901408, "f2_0.2": 0.5413196668802049, "greedy_threshold": 0.12, "greedy_f2": 0.5872093023255814}, "ensemble_val1_label12.xgb": {"eta": 0.05, "max_depth": 2, "min_child_weight": 1, "best_iteration": 15, "best_ntree_limit": 16, "smooth_f2": 0.04174011180987623, "f2_0.1": 0.02934637616718542, "f2_0.2": 0.02934637616718542, "greedy_threshold": 0.31, "greedy_f2": 0.49222797927461154}, "ensemble_val2_label0.xgb": {"eta": 0.2, "max_depth": 3, "min_child_weight": 1, "best_iteration": 9, "best_ntree_limit": 10, "smooth_f2": 0.027793964317128442, "f2_0.1": 0.4945054945054944, "f2_0.2": 0.39007092198581556, "greedy_threshold": 0.12, "greedy_f2": 0.5357142857142857}, "ensemble_val2_label1.xgb": {"eta": 0.15, "max_depth": 4, "min_child_weight": 1, "best_iteration": 20, "best_ntree_limit": 21, "smooth_f2": 0.46017006353395207, "f2_0.1": 0.6470881035340964, "f2_0.2": 0.6985367809180197, "greedy_threshold": 0.21, "greedy_f2": 0.7026972216588926}, "ensemble_val2_label2.xgb": {"eta": 0.2, "max_depth": 2, "min_child_weight": 1, "best_iteration": 41, "best_ntree_limit": 42, "smooth_f2": 0.9440603921066785, "f2_0.1": 0.9818963477163365, "f2_0.2": 0.9816994757147098, "greedy_threshold": 0.15, "greedy_f2": 0.9824533670565917}, "ensemble_val2_label3.xgb": {"eta": 0.2, "max_depth": 10, "min_child_weight": 2, "best_iteration": 13, "best_ntree_limit": 14, "smooth_f2": 0.09650621139342902, "f2_0.1": 0.4208754208754209, "f2_0.2": 0.4664179104477612, "greedy_threshold": 0.21, "greedy_f2": 0.47528517110266155}, "ensemble_val2_label4.xgb": {"eta": 0.1, "max_depth": 10, "min_child_weight": 2, "best_iteration": 14, "best_ntree_limit": 15, "smooth_f2": 0.5834461628423229, "f2_0.1": 0.7215720994687813, "f2_0.2": 0.8284464302336405, "greedy_threshold": 0.24, "greedy_f2": 0.8322663252240717}, "ensemble_val2_label5.xgb": {"eta": 0.1, "max_depth": 5, "min_child_weight": 3, "best_iteration": 6, "best_ntree_limit": 7, "smooth_f2": 0.42908804556454233, "f2_0.1": 0.49216075963343275, "f2_0.2": 0.49216075963343275, "greedy_threshold": 0.35, "greedy_f2": 0.7624445539674718}, "ensemble_val2_label6.xgb": {"eta": 0.1, "max_depth": 7, "min_child_weight": 3, "best_iteration": 12, "best_ntree_limit": 13, "smooth_f2": 0.024507769671533244, "f2_0.1": 0.016621743036837378, "f2_0.2": 0.2777777777777778, "greedy_threshold": 0.15, "greedy_f2": 0.3431372549019608}, "ensemble_val2_label7.xgb": {"eta": 0.1, "max_depth": 8, "min_child_weight": 5, "best_iteration": 29, "best_ntree_limit": 30, "smooth_f2": 0.20621757200644986, "f2_0.1": 0.5339028296849972, "f2_0.2": 0.47306176084099866, "greedy_threshold": 0.12, "greedy_f2": 0.5491990846681922}, "ensemble_val2_label8.xgb": {"eta": 0.2, "max_depth": 3, "min_child_weight": 1, "best_iteration": 1, "best_ntree_limit": 2, "smooth_f2": 0.6901773211026838, "f2_0.1": 0.9781575507940907, "f2_0.2": 0.9781575507940907, "greedy_threshold": 0.39, "greedy_f2": 0.9813391221222018}, "ensemble_val2_label9.xgb": {"eta": 0.15, "max_depth": 7, "min_child_weight": 3, "best_iteration": 4, "best_ntree_limit": 5, "smooth_f2": 0.3314728037642723, "f2_0.1": 0.41631240131179403, "f2_0.2": 0.41631240131179403, "greedy_threshold": 0.3, "greedy_f2": 0.6484045755568933}, "ensemble_val2_label10.xgb": {"eta": 0.1, "max_depth": 3, "min_child_weight": 1, "best_iteration": 8, "best_ntree_limit": 9, "smooth_f2": 0.37174482992422175, "f2_0.1": 0.27350974534073125, "f2_0.2": 0.27350974534073125, "greedy_threshold": 0.35, "greedy_f2": 0.812206572769953}, "ensemble_val2_label11.xgb": {"eta": 0.1, "max_depth": 6, "min_child_weight": 1, "best_iteration": 41, "best_ntree_limit": 42, "smooth_f2": 0.28614102485236387, "f2_0.1": 0.5286839145106862, "f2_0.2": 0.5388634879163945, "greedy_threshold": 0.15, "greedy_f2": 0.562039312039312}, "ensemble_val2_label12.xgb": {"eta": 0.1, "max_depth": 5, "min_child_weight": 2, "best_iteration": 10, "best_ntree_limit": 11, "smooth_f2": 0.07059637131422644, "f2_0.1": 0.03496194016640113, "f2_0.2": 0.5679513184584178, "greedy_threshold": 0.24, "greedy_f2": 0.6459330143540669}, "ensemble_val3_label0.xgb": {"eta": 0.1, "max_depth": 7, "min_child_weight": 2, "best_iteration": 26, "best_ntree_limit": 27, "smooth_f2": 0.04983823180225679, "f2_0.1": 0.3284671532846715, "f2_0.2": 0.38461538461538464, "greedy_threshold": 0.36, "greedy_f2": 0.4455445544554455}, "ensemble_val3_label1.xgb": {"eta": 0.2, "max_depth": 4, "min_child_weight": 5, "best_iteration": 24, "best_ntree_limit": 25, "smooth_f2": 0.4530549529468438, "f2_0.1": 0.6790010936930369, "f2_0.2": 0.6954925555782174, "greedy_threshold": 0.18, "greedy_f2": 0.7010847730012053}, "ensemble_val3_label2.xgb": {"eta": 0.15, "max_depth": 4, "min_child_weight": 1, "best_iteration": 12, "best_ntree_limit": 13,