{"ensemble_val1_label0.xgb": {"eta": 0.2, "max_depth": 5, "min_child_weight": 2, "best_iteration": 16, "best_ntree_limit": 17, "smooth_f2": 0.08615109097399158, "f2_0.1": 0.5932203389830508, "f2_0.2": 0.3763440860215054, "greedy_threshold": 0.09, "greedy_f2": 0.6048387096774193}, "ensemble_val1_label1.xgb": {"eta": 0.2, "max_depth": 6, "min_child_weight": 3, "best_iteration": 4, "best_ntree_limit": 5, "smooth_f2": 0.3608501515502885, "f2_0.1": 0.30732779342078154, "f2_0.2": 0.6372021521906226, "greedy_threshold": 0.28, "greedy_f2": 0.722515133762937}, "ensemble_val1_label2.xgb": {"eta": 0.2, "max_depth": 6, "min_child_weight": 2, "best_iteration": 15, "best_ntree_limit": 16, "smooth_f2": 0.9286332613001267, "f2_0.1": 0.9816211307643715, "f2_0.2": 0.9822629122834771, "greedy_threshold": 0.21, "greedy_f2": 0.9824183213353374}, "ensemble_val1_label3.xgb": {"eta": 0.2, "max_depth": 3, "min_child_weight": 5, "best_iteration": 7, "best_ntree_limit": 8, "smooth_f2": 0.05133188767807357, "f2_0.1": 0.22099447513812157, "f2_0.2": 0.3358208955223881, "greedy_threshold": 0.11, "greedy_f2": 0.4227405247813411}, "ensemble_val1_label4.xgb": {"eta": 0.2, "max_depth": 2, "min_child_weight": 1, "best_iteration": 14, "best_ntree_limit": 15, "smooth_f2": 0.6223644561542395, "f2_0.1": 0.827042177116767, "f2_0.2": 0.8320711851571373, "greedy_threshold": 0.21, "greedy_f2": 0.8328978001615432}, "ensemble_val1_label5.xgb": {"eta": 0.2, "max_depth": 2, "min_child_weight": 1, "best_iteration": 10, "best_ntree_limit": 11, "smooth_f2": 0.4968465122442065, "f2_0.1": 0.7411199145375233, "f2_0.2": 0.7732215903422129, "greedy_threshold": 0.18, "greedy_f2": 0.777033681307859}, "ensemble_val1_label6.xgb": {"eta": 0.2, "max_depth": 2, "min_child_weight": 4, "best_iteration": 43, "best_ntree_limit": 44, "smooth_f2": 0.17983312859769437, "f2_0.1": 0.46875, "f2_0.2": 0.3012048192771084, "greedy_threshold": 0.1, "greedy_f2": 0.46875}, "ensemble_val1_label7.xgb": {"eta": 0.2, "max_depth": 6, "min_child_weight": 4, "best_iteration": 19, "best_ntree_limit": 20, "smooth_f2": 0.25036941647257915, "f2_0.1": 0.5011792452830188, "f2_0.2": 0.49572039942938656, "greedy_threshold": 0.15, "greedy_f2": 0.5270180120080052}, "ensemble_val1_label8.xgb": {"eta": 0.2, "max_depth": 10, "min_child_weight": 3, "best_iteration": 9, "best_ntree_limit": 10, "smooth_f2": 0.8952136878592986, "f2_0.1": 0.9796571746738784, "f2_0.2": 0.9811117537946028, "greedy_threshold": 0.21, "greedy_f2": 0.9813251930328606}, "ensemble_val1_label9.xgb": {"eta": 0.2, "max_depth": 4, "min_child_weight": 2, "best_iteration": 17, "best_ntree_limit": 18, "smooth_f2": 0.3841497490184073, "f2_0.1": 0.6367454068241469, "f2_0.2": 0.6394103565578934, "greedy_threshold": 0.15, "greedy_f2": 0.6525832646816523}, "ensemble_val1_label10.xgb": {"eta": 0.2, "max_depth": 8, "min_child_weight": 2, "best_iteration": 25, "best_ntree_limit": 26, "smooth_f2": 0.5928213740252205, "f2_0.1": 0.7979102350985514, "f2_0.2": 0.7926981745436359, "greedy_threshold": 0.12, "greedy_f2": 0.804708143165986}, "ensemble_val1_label11.xgb": {"eta": 0.2, "max_depth": 3, "min_child_weight": 2, "best_iteration": 34, "best_ntree_limit": 35, "smooth_f2": 0.26802966603936723, "f2_0.1": 0.5875576036866359, "f2_0.2": 0.5261299435028248, "greedy_threshold": 0.12, "greedy_f2": 0.5961653684841222}, "ensemble_val1_label12.xgb": {"eta": 0.2, "max_depth": 2, "min_child_weight": 1, "best_iteration": 27, "best_ntree_limit": 28, "smooth_f2": 0.22737965669493962, "f2_0.1": 0.4940119760479042, "f2_0.2": 0.3523489932885906, "greedy_threshold": 0.06, "greedy_f2": 0.5446927374301677}, "ensemble_val2_label0.xgb": {"eta": 0.2, "max_depth": 2, "min_child_weight": 2, "best_iteration": 16, "best_ntree_limit": 17, "smooth_f2": 0.06441988798779712, "f2_0.1": 0.5333333333333333, "f2_0.2": 0.3174603174603175, "greedy_threshold": 0.09, "greedy_f2": 0.5732484076433121}, "ensemble_val2_label1.xgb": {"eta": 0.2, "max_depth": 4, "min_child_weight": 4, "best_iteration": 10, "best_ntree_limit": 11, "smooth_f2": 0.4357200499321836, "f2_0.1": 0.6383149127022265, "f2_0.2": 0.6986412492395052, "greedy_threshold": 0.18, "greedy_f2": 0.7100591715976332}, "ensemble_val2_label2.xgb": {"eta": 0.2, "max_depth": 7, "min_child_weight": 5, "best_iteration": 15, "best_ntree_limit": 16, "smooth_f2": 0.9330124421064664, "f2_0.1": 0.9819139284446371, "f2_0.2": 0.9828874046555747, "greedy_threshold": 0.22, "greedy_f2": 0.982942304271342}, "ensemble_val2_label3.xgb": {"eta": 0.2, "max_depth": 3, "min_child_weight": 2, "best_iteration": 16, "best_ntree_limit": 17, "smooth_f2": 0.1451962763299778, "f2_0.1": 0.38, "f2_0.2": 0.3879310344827586, "greedy_threshold": 0.06, "greedy_f2": 0.470383275261324}, "ensemble_val2_label4.xgb": {"eta": 0.2, "max_depth": 3, "min_child_weight": 3, "best_iteration": 17, "best_ntree_limit": 18, "smooth_f2": 0.6263034005219971, "f2_0.1": 0.8303340716131412, "f2_0.2": 0.8306047765793528, "greedy_threshold": 0.18, "greedy_f2": 0.8361587316747051}, "ensemble_val2_label5.xgb": {"eta": 0.2, "max_depth": 5, "min_child_weight": 4, "best_iteration": 13, "best_ntree_limit": 14, "smooth_f2": 0.5224600360939092, "f2_0.1": 0.7544163176106357, "f2_0.2": 0.755179661695526, "greedy_threshold": 0.12, "greedy_f2": 0.765034965034965}, "ensemble_val2_label6.xgb": {"eta": 0.2, "max_depth": 6, "min_child_weight": 3, "best_iteration": 4, "best_ntree_limit": 5, "smooth_f2": 0.024027634574855072, "f2_0.1": 0.016621743036837378, "f2_0.2": 0.3619909502262444, "greedy_threshold": 0.19, "greedy_f2": 0.3947368421052632}, "ensemble_val2_label7.xgb": {"eta": 0.2, "max_depth": 3, "min_child_weight": 2, "best_iteration": 20, "best_ntree_limit": 21, "smooth_f2": 0.22078153400693312, "f2_0.1": 0.565597667638484, "f2_0.2": 0.4691780821917808, "greedy_threshold": 0.09, "greedy_f2": 0.5732122587968218}, "ensemble_val2_label8.xgb": {"eta": 0.2, "max_depth": 3, "min_child_weight": 3, "best_iteration": 23, "best_ntree_limit": 24, "smooth_f2": 0.9349860579752605, "f2_0.1": 0.9802324426343498, "f2_0.2": 0.9813232980905165, "greedy_threshold": 0.24, "greedy_f2": 0.9817442602040817}, "ensemble_val2_label9.xgb": {"eta": 0.2, "max_depth": 7, "min_child_weight": 4, "best_iteration": 25, "best_ntree_limit": 26, "smooth_f2": 0.39884650936240296, "f2_0.1": 0.6347521494533489, "f2_0.2": 0.6374425727411945, "greedy_threshold": 0.15, "greedy_f2": 0.6570854033593565}, "ensemble_val2_label10.xgb": {"eta": 0.2, "max_depth": 2, "min_child_weight": 1, "best_iteration": 4, "best_ntree_limit": 5, "smooth_f2": 0.38814722011028213, "f2_0.1": 0.27350974534073125, "f2_0.2": 0.7651133501259446, "greedy_threshold": 0.27, "greedy_f2": 0.8099906629318394}, "ensemble_val2_label11.xgb": {"eta": 0.2, "max_depth": 4, "min_child_weight": 2, "best_iteration": 7, "best_ntree_limit": 8, "smooth_f2": 0.17827433117429853, "f2_0.1": 0.34323339871112357, "f2_0.2": 0.5644644002565746, "greedy_threshold": 0.2, "greedy_f2": 0.5644644002565746}, "ensemble_val2_label12.xgb": {"eta": 0.2, "max_depth": 2, "min_child_weight": 1, "best_iteration": 3, "best_ntree_limit": 4, "smooth_f2": 0.06322777756782491, "f2_0.1": 0.03496194016640113, "f2_0.2": 0.03496194016640113, "greedy_threshold": 0.26, "greedy_f2": 0.6566820276497695}, "ensemble_val3_label0.xgb": {"eta": 0.2, "max_depth": 3, "min_child_weight": 2, "best_iteration": 19, "best_ntree_limit": 20, "smooth_f2": 0.10542439130078064, "f2_0.1": 0.3435114503816794, "f2_0.2": 0.4054054054054054, "greedy_threshold": 0.27, "greedy_f2": 0.42857142857142855}, "ensemble_val3_label1.xgb": {"eta": 0.2, "max_depth": 5, "min_child_weight": 4, "best_iteration": 7, "best_ntree_limit": 8, "smooth_f2": 0.3644246801465884, "f2_0.1": 0.424064116871259, "f2_0.2": 0.7007386703932922, "greedy_threshold": 0.2, "greedy_f2": 0.7007386703932922}, "ensemble_val3_label2.xgb": {"eta": 0.2, "max_depth": 5, "min_child_weight": 1, "best_iteration": 23, "best_ntree_limit": 24, "smooth_f2": 0.9279144856299771, "f2_0.1": 0.9810393948324982, "f2_0.2": 0.9823256180129114,