{"ensemble_val1_label0.xgb": {"eta": 0.05, "max_depth": 4, "min_child_weight": 4, "best_iteration": 23, "best_ntree_limit": 24, "smooth_f2": 0.018220001137496798, "f2_0.1": 0.008591842271863976, "f2_0.2": 0.49586776859504134, "greedy_threshold": 0.3, "greedy_f2": 0.5978260869565217}, "ensemble_val1_label1.xgb": {"eta": 0.05, "max_depth": 4, "min_child_weight": 5, "best_iteration": 26, "best_ntree_limit": 27, "smooth_f2": 0.38087920294885363, "f2_0.1": 0.30732779342078154, "f2_0.2": 0.6988955277928661, "greedy_threshold": 0.24, "greedy_f2": 0.7261858094864758}, "ensemble_val1_label2.xgb": {"eta": 0.05, "max_depth": 5, "min_child_weight": 2, "best_iteration": 3, "best_ntree_limit": 4, "smooth_f2": 0.6277819327581738, "f2_0.1": 0.9798035471742681, "f2_0.2": 0.9798035471742681, "greedy_threshold": 0.45, "greedy_f2": 0.9823334123784679}, "ensemble_val1_label3.xgb": {"eta": 0.05, "max_depth": 6, "min_child_weight": 5, "best_iteration": 26, "best_ntree_limit": 27, "smooth_f2": 0.04182949883338518, "f2_0.1": 0.024988844265952694, "f2_0.2": 0.3057553956834532, "greedy_threshold": 0.15, "greedy_f2": 0.40372670807453426}, "ensemble_val1_label4.xgb": {"eta": 0.05, "max_depth": 2, "min_child_weight": 1, "best_iteration": 7, "best_ntree_limit": 8, "smooth_f2": 0.5075919334700872, "f2_0.1": 0.7242713240644988, "f2_0.2": 0.7242713240644988, "greedy_threshold": 0.4, "greedy_f2": 0.8320715434844328}, "ensemble_val1_label5.xgb": {"eta": 0.05, "max_depth": 2, "min_child_weight": 1, "best_iteration": 25, "best_ntree_limit": 26, "smooth_f2": 0.45688242705239807, "f2_0.1": 0.486964255934182, "f2_0.2": 0.7630841121495329, "greedy_threshold": 0.24, "greedy_f2": 0.7753381689864732}, "ensemble_val1_label6.xgb": {"eta": 0.05, "max_depth": 8, "min_child_weight": 4, "best_iteration": 21, "best_ntree_limit": 22, "smooth_f2": 0.02657159107476699, "f2_0.1": 0.015291895295493388, "f2_0.2": 0.375, "greedy_threshold": 0.27, "greedy_f2": 0.4545454545454545}, "ensemble_val1_label7.xgb": {"eta": 0.05, "max_depth": 3, "min_child_weight": 2, "best_iteration": 22, "best_ntree_limit": 23, "smooth_f2": 0.14568697870606326, "f2_0.1": 0.10738366769333223, "f2_0.2": 0.49736842105263146, "greedy_threshold": 0.27, "greedy_f2": 0.5280974949221395}, "ensemble_val1_label8.xgb": {"eta": 0.05, "max_depth": 5, "min_child_weight": 3, "best_iteration": 82, "best_ntree_limit": 83, "smooth_f2": 0.9337647000192812, "f2_0.1": 0.9803628984123194, "f2_0.2": 0.9806365412994057, "greedy_threshold": 0.21, "greedy_f2": 0.9809103965530999}, "ensemble_val1_label9.xgb": {"eta": 0.05, "max_depth": 5, "min_child_weight": 5, "best_iteration": 40, "best_ntree_limit": 41, "smooth_f2": 0.36036682557008254, "f2_0.1": 0.5927333804809053, "f2_0.2": 0.6428923988153998, "greedy_threshold": 0.18, "greedy_f2": 0.6570247933884298}, "ensemble_val1_label10.xgb": {"eta": 0.05, "max_depth": 2, "min_child_weight": 1, "best_iteration": 29, "best_ntree_limit": 30, "smooth_f2": 0.4308885568165326, "f2_0.1": 0.2645559623806447, "f2_0.2": 0.7931679925128685, "greedy_threshold": 0.24, "greedy_f2": 0.8016826923076924}, "ensemble_val1_label11.xgb": {"eta": 0.05, "max_depth": 4, "min_child_weight": 2, "best_iteration": 22, "best_ntree_limit": 23, "smooth_f2": 0.14914870646418435, "f2_0.1": 0.10738366769333223, "f2_0.2": 0.5688935281837161, "greedy_threshold": 0.24, "greedy_f2": 0.608272506082725}, "ensemble_val1_label12.xgb": {"eta": 0.05, "max_depth": 6, "min_child_weight": 4, "best_iteration": 24, "best_ntree_limit": 25, "smooth_f2": 0.059922909251936975, "f2_0.1": 0.02934637616718542, "f2_0.2": 0.5555555555555556, "greedy_threshold": 0.21, "greedy_f2": 0.5602240896358543}, "ensemble_val2_label0.xgb": {"eta": 0.05, "max_depth": 7, "min_child_weight": 3, "best_iteration": 16, "best_ntree_limit": 17, "smooth_f2": 0.01686445162907831, "f2_0.1": 0.012173128944995492, "f2_0.2": 0.012173128944995492, "greedy_threshold": 0.24, "greedy_f2": 0.5722891566265059}, "ensemble_val2_label1.xgb": {"eta": 0.05, "max_depth": 5, "min_child_weight": 2, "best_iteration": 25, "best_ntree_limit": 26, "smooth_f2": 0.38150749893726665, "f2_0.1": 0.29894693085769714, "f2_0.2": 0.6802057467186946, "greedy_threshold": 0.24, "greedy_f2": 0.7094994087504927}, "ensemble_val2_label2.xgb": {"eta": 0.05, "max_depth": 10, "min_child_weight": 5, "best_iteration": 45, "best_ntree_limit": 46, "smooth_f2": 0.9045458460658047, "f2_0.1": 0.9816114155071151, "f2_0.2": 0.9824835412506672, "greedy_threshold": 0.19, "greedy_f2": 0.9828046249629411}, "ensemble_val2_label3.xgb": {"eta": 0.05, "max_depth": 7, "min_child_weight": 3, "best_iteration": 21, "best_ntree_limit": 22, "smooth_f2": 0.03894661106855514, "f2_0.1": 0.0219180533190195, "f2_0.2": 0.3666666666666667, "greedy_threshold": 0.18, "greedy_f2": 0.41666666666666674}, "ensemble_val2_label4.xgb": {"eta": 0.05, "max_depth": 6, "min_child_weight": 3, "best_iteration": 36, "best_ntree_limit": 37, "smooth_f2": 0.6027381117062084, "f2_0.1": 0.7660859561180047, "f2_0.2": 0.8349924156238151, "greedy_threshold": 0.21, "greedy_f2": 0.8358344052212854}, "ensemble_val2_label5.xgb": {"eta": 0.05, "max_depth": 6, "min_child_weight": 3, "best_iteration": 44, "best_ntree_limit": 45, "smooth_f2": 0.49836228448970776, "f2_0.1": 0.7386114280698675, "f2_0.2": 0.7621465551573078, "greedy_threshold": 0.21, "greedy_f2": 0.765331727391348}, "ensemble_val2_label6.xgb": {"eta": 0.05, "max_depth": 3, "min_child_weight": 4, "best_iteration": 56, "best_ntree_limit": 57, "smooth_f2": 0.059514590558819344, "f2_0.1": 0.397196261682243, "f2_0.2": 0.2857142857142857, "greedy_threshold": 0.09, "greedy_f2": 0.4166666666666667}, "ensemble_val2_label7.xgb": {"eta": 0.05, "max_depth": 3, "min_child_weight": 5, "best_iteration": 29, "best_ntree_limit": 30, "smooth_f2": 0.16553547901631155, "f2_0.1": 0.11418169783220256, "f2_0.2": 0.5518896220755849, "greedy_threshold": 0.18, "greedy_f2": 0.568246716162193}, "ensemble_val2_label8.xgb": {"eta": 0.05, "max_depth": 7, "min_child_weight": 5, "best_iteration": 35, "best_ntree_limit": 36, "smooth_f2": 0.8826810938924073, "f2_0.1": 0.9783319138822318, "f2_0.2": 0.9805888897719145, "greedy_threshold": 0.24, "greedy_f2": 0.9815725060197807}, "ensemble_val2_label9.xgb": {"eta": 0.05, "max_depth": 4, "min_child_weight": 3, "best_iteration": 21, "best_ntree_limit": 22, "smooth_f2": 0.36275180938051504, "f2_0.1": 0.41631240131179403, "f2_0.2": 0.6063193851409052, "greedy_threshold": 0.27, "greedy_f2": 0.656459211505083}, "ensemble_val2_label10.xgb": {"eta": 0.05, "max_depth": 3, "min_child_weight": 1, "best_iteration": 19, "best_ntree_limit": 20, "smooth_f2": 0.3846190883625341, "f2_0.1": 0.27350974534073125, "f2_0.2": 0.758167248818574, "greedy_threshold": 0.3, "greedy_f2": 0.8076375711574951}, "ensemble_val2_label11.xgb": {"eta": 0.05, "max_depth": 2, "min_child_weight": 1, "best_iteration": 8, "best_ntree_limit": 9, "smooth_f2": 0.11086228429916234, "f2_0.1": 0.10508757297748124, "f2_0.2": 0.10508757297748124, "greedy_threshold": 0.35, "greedy_f2": 0.5726256983240224}, "ensemble_val2_label12.xgb": {"eta": 0.05, "max_depth": 3, "min_child_weight": 1, "best_iteration": 15, "best_ntree_limit": 16, "smooth_f2": 0.06262679650020712, "f2_0.1": 0.03496194016640113, "f2_0.2": 0.03496194016640113, "greedy_threshold": 0.27, "greedy_f2": 0.6759906759906761}, "ensemble_val3_label0.xgb": {"eta": 0.05, "max_depth": 2, "min_child_weight": 1, "best_iteration": 8, "best_ntree_limit": 9, "smooth_f2": 0.009896877288088095, "f2_0.1": 0.008591842271863976, "f2_0.2": 0.008591842271863976, "greedy_threshold": 0.4, "greedy_f2": 0.42857142857142855}, "ensemble_val3_label1.xgb": {"eta": 0.05, "max_depth": 5, "min_child_weight": 1, "best_iteration": 34, "best_ntree_limit": 35, "smooth_f2": 0.38082737254628574, "f2_0.1": 0.5049821626276295, "f2_0.2": 0.6927175843694495, "greedy_threshold": 0.24, "greedy_f2": 0.7032218091697645}, "ensemble_val3_label2.xgb": {"eta": 0.05, "max_depth": 5, "min_child_weight": 4, "best_iteration": 38, "best_ntree_limit": 39,