{"ensemble_val1_label0.xgb": {"eta": 0.2, "max_depth": 6, "min_child_weight": 1, "best_iteration": 1, "best_ntree_limit": 2, "smooth_f2": 0.01139601017576151, "f2_0.1": 0.008591842271863976, "f2_0.2": 0.008591842271863976, "greedy_threshold": 0.4, "greedy_f2": 0.6306306306306305}, "ensemble_val1_label1.xgb": {"eta": 0.2, "max_depth": 5, "min_child_weight": 4, "best_iteration": 3, "best_ntree_limit": 4, "smooth_f2": 0.3374280550734632, "f2_0.1": 0.30732779342078154, "f2_0.2": 0.30732779342078154, "greedy_threshold": 0.3, "greedy_f2": 0.7246947617172116}, "ensemble_val1_label2.xgb": {"eta": 0.2, "max_depth": 7, "min_child_weight": 1, "best_iteration": 16, "best_ntree_limit": 17, "smooth_f2": 0.9269063377952592, "f2_0.1": 0.9818784792135498, "f2_0.2": 0.982344102178813, "greedy_threshold": 0.24, "greedy_f2": 0.9826109319670023}, "ensemble_val1_label3.xgb": {"eta": 0.2, "max_depth": 9, "min_child_weight": 3, "best_iteration": 13, "best_ntree_limit": 14, "smooth_f2": 0.11678904924523167, "f2_0.1": 0.37542662116040953, "f2_0.2": 0.3690036900369004, "greedy_threshold": 0.06, "greedy_f2": 0.4179566563467492}, "ensemble_val1_label4.xgb": {"eta": 0.2, "max_depth": 7, "min_child_weight": 2, "best_iteration": 8, "best_ntree_limit": 9, "smooth_f2": 0.5864378340861455, "f2_0.1": 0.7739912534037461, "f2_0.2": 0.8327125430673247, "greedy_threshold": 0.22, "greedy_f2": 0.8336076753045196}, "ensemble_val1_label5.xgb": {"eta": 0.2, "max_depth": 4, "min_child_weight": 5, "best_iteration": 28, "best_ntree_limit": 29, "smooth_f2": 0.5210534249502163, "f2_0.1": 0.7652869238005644, "f2_0.2": 0.7598690938842299, "greedy_threshold": 0.15, "greedy_f2": 0.7767901234567901}, "ensemble_val1_label6.xgb": {"eta": 0.2, "max_depth": 2, "min_child_weight": 1, "best_iteration": 16, "best_ntree_limit": 17, "smooth_f2": 0.0919137539242355, "f2_0.1": 0.46948356807511743, "f2_0.2": 0.4261363636363636, "greedy_threshold": 0.12, "greedy_f2": 0.4926108374384236}, "ensemble_val1_label7.xgb": {"eta": 0.2, "max_depth": 6, "min_child_weight": 2, "best_iteration": 19, "best_ntree_limit": 20, "smooth_f2": 0.2266654933965653, "f2_0.1": 0.5166163141993957, "f2_0.2": 0.46215429403202324, "greedy_threshold": 0.12, "greedy_f2": 0.5306380290587492}, "ensemble_val1_label8.xgb": {"eta": 0.2, "max_depth": 10, "min_child_weight": 4, "best_iteration": 11, "best_ntree_limit": 12, "smooth_f2": 0.9105585884766296, "f2_0.1": 0.9793670986721792, "f2_0.2": 0.9804449228561176, "greedy_threshold": 0.27, "greedy_f2": 0.9810985589397629}, "ensemble_val1_label9.xgb": {"eta": 0.2, "max_depth": 2, "min_child_weight": 1, "best_iteration": 20, "best_ntree_limit": 21, "smooth_f2": 0.3834476575039791, "f2_0.1": 0.6456472613795329, "f2_0.2": 0.6385419321947489, "greedy_threshold": 0.12, "greedy_f2": 0.6564010340564236}, "ensemble_val1_label10.xgb": {"eta": 0.2, "max_depth": 3, "min_child_weight": 5, "best_iteration": 11, "best_ntree_limit": 12, "smooth_f2": 0.5408848273636203, "f2_0.1": 0.7737030411449015, "f2_0.2": 0.7948969578017664, "greedy_threshold": 0.16, "greedy_f2": 0.8019659554063773}, "ensemble_val1_label11.xgb": {"eta": 0.2, "max_depth": 3, "min_child_weight": 2, "best_iteration": 11, "best_ntree_limit": 12, "smooth_f2": 0.2184443273939787, "f2_0.1": 0.5691056910569107, "f2_0.2": 0.576923076923077, "greedy_threshold": 0.18, "greedy_f2": 0.6012461059190032}, "ensemble_val1_label12.xgb": {"eta": 0.2, "max_depth": 4, "min_child_weight": 2, "best_iteration": 11, "best_ntree_limit": 12, "smooth_f2": 0.1556945375127992, "f2_0.1": 0.3503184713375796, "f2_0.2": 0.510948905109489, "greedy_threshold": 0.3, "greedy_f2": 0.5774647887323944}, "ensemble_val2_label0.xgb": {"eta": 0.2, "max_depth": 3, "min_child_weight": 4, "best_iteration": 3, "best_ntree_limit": 4, "smooth_f2": 0.019538616689452868, "f2_0.1": 0.012173128944995492, "f2_0.2": 0.012173128944995492, "greedy_threshold": 0.28, "greedy_f2": 0.6250000000000001}, "ensemble_val2_label1.xgb": {"eta": 0.2, "max_depth": 4, "min_child_weight": 1, "best_iteration": 10, "best_ntree_limit": 11, "smooth_f2": 0.4391595754510627, "f2_0.1": 0.6340057636887607, "f2_0.2": 0.7093115797851175, "greedy_threshold": 0.21, "greedy_f2": 0.7121212121212122}, "ensemble_val2_label2.xgb": {"eta": 0.2, "max_depth": 9, "min_child_weight": 2, "best_iteration": 30, "best_ntree_limit": 31, "smooth_f2": 0.9360532098470968, "f2_0.1": 0.9822326516929265, "f2_0.2": 0.9824200597203818, "greedy_threshold": 0.16, "greedy_f2": 0.9828325332385073}, "ensemble_val2_label3.xgb": {"eta": 0.2, "max_depth": 6, "min_child_weight": 2, "best_iteration": 10, "best_ntree_limit": 11, "smooth_f2": 0.06071011289626641, "f2_0.1": 0.4301075268817205, "f2_0.2": 0.3629032258064517, "greedy_threshold": 0.09, "greedy_f2": 0.48442906574394456}, "ensemble_val2_label4.xgb": {"eta": 0.2, "max_depth": 4, "min_child_weight": 4, "best_iteration": 21, "best_ntree_limit": 22, "smooth_f2": 0.6270830900021639, "f2_0.1": 0.8328729281767955, "f2_0.2": 0.8312051269695948, "greedy_threshold": 0.15, "greedy_f2": 0.8371597633136096}, "ensemble_val2_label5.xgb": {"eta": 0.2, "max_depth": 2, "min_child_weight": 1, "best_iteration": 9, "best_ntree_limit": 10, "smooth_f2": 0.4612210777753872, "f2_0.1": 0.6951914586176446, "f2_0.2": 0.7610357347601758, "greedy_threshold": 0.24, "greedy_f2": 0.7659343907004237}, "ensemble_val2_label6.xgb": {"eta": 0.2, "max_depth": 3, "min_child_weight": 1, "best_iteration": 3, "best_ntree_limit": 4, "smooth_f2": 0.02300121951872209, "f2_0.1": 0.016621743036837378, "f2_0.2": 0.016621743036837378, "greedy_threshold": 0.27, "greedy_f2": 0.425}, "ensemble_val2_label7.xgb": {"eta": 0.2, "max_depth": 2, "min_child_weight": 2, "best_iteration": 21, "best_ntree_limit": 22, "smooth_f2": 0.22953002637517095, "f2_0.1": 0.5542857142857143, "f2_0.2": 0.5100671140939597, "greedy_threshold": 0.09, "greedy_f2": 0.5690607734806629}, "ensemble_val2_label8.xgb": {"eta": 0.2, "max_depth": 4, "min_child_weight": 1, "best_iteration": 16, "best_ntree_limit": 17, "smooth_f2": 0.8998390715692269, "f2_0.1": 0.9795112856519499, "f2_0.2": 0.9808426832179519, "greedy_threshold": 0.3, "greedy_f2": 0.9820360475317012}, "ensemble_val2_label9.xgb": {"eta": 0.2, "max_depth": 5, "min_child_weight": 2, "best_iteration": 15, "best_ntree_limit": 16, "smooth_f2": 0.36843273494657985, "f2_0.1": 0.6238494579668645, "f2_0.2": 0.6491940601599188, "greedy_threshold": 0.18, "greedy_f2": 0.6566279930881265}, "ensemble_val2_label10.xgb": {"eta": 0.2, "max_depth": 3, "min_child_weight": 5, "best_iteration": 5, "best_ntree_limit": 6, "smooth_f2": 0.42744313344586604, "f2_0.1": 0.27350974534073125, "f2_0.2": 0.7959814528593507, "greedy_threshold": 0.26, "greedy_f2": 0.8133640552995391}, "ensemble_val2_label11.xgb": {"eta": 0.2, "max_depth": 7, "min_child_weight": 3, "best_iteration": 25, "best_ntree_limit": 26, "smooth_f2": 0.2741332306187406, "f2_0.1": 0.5416666666666666, "f2_0.2": 0.5342741935483871, "greedy_threshold": 0.15, "greedy_f2": 0.564516129032258}, "ensemble_val2_label12.xgb": {"eta": 0.2, "max_depth": 4, "min_child_weight": 2, "best_iteration": 8, "best_ntree_limit": 9, "smooth_f2": 0.13637228090414305, "f2_0.1": 0.628930817610063, "f2_0.2": 0.6553398058252428, "greedy_threshold": 0.15, "greedy_f2": 0.6807511737089202}, "ensemble_val3_label0.xgb": {"eta": 0.2, "max_depth": 6, "min_child_weight": 1, "best_iteration": 19, "best_ntree_limit": 20, "smooth_f2": 0.17002533202377745, "f2_0.1": 0.39823008849557523, "f2_0.2": 0.43269230769230765, "greedy_threshold": 0.39, "greedy_f2": 0.4838709677419354}, "ensemble_val3_label1.xgb": {"eta": 0.2, "max_depth": 3, "min_child_weight": 1, "best_iteration": 9, "best_ntree_limit": 10, "smooth_f2": 0.4063947450746006, "f2_0.1": 0.6546294711620743, "f2_0.2": 0.7024706867671692, "greedy_threshold": 0.18, "greedy_f2": 0.7126743232157506}, "ensemble_val3_label2.xgb": {"eta": 0.2, "max_depth": 4, "min_child_weight": 2, "best_iteration": 6, "best_ntree_limit": 7, "smooth_f2": 0.8547003846996523, "f2_0.1": 0.9804614629356897,