{"ensemble_val1_label0.xgb": {"eta": 0.2, "max_depth": 6, "min_child_weight": 1, "best_iteration": 1, "best_ntree_limit": 2, "smooth_f2": 0.01139601017576151, "f2_0.1": 0.008591842271863976, "f2_0.2": 0.008591842271863976, "greedy_threshold": 0.4, "greedy_f2": 0.6306306306306305}}