{"ensemble_val1_label0.xgb": {"eta": 0.15, "max_depth": 4, "min_child_weight": 2, "best_iteration": 5, "best_ntree_limit": 6, "smooth_f2": 0.015317174994212365, "f2_0.1": 0.008591842271863976, "f2_0.2": 0.41436464088397784, "greedy_threshold": 0.28, "greedy_f2": 0.6306306306306305}, "ensemble_val1_label1.xgb": {"eta": 0.15, "max_depth": 3, "min_child_weight": 1, "best_iteration": 14, "best_ntree_limit": 15, "smooth_f2": 0.43127447268965674, "f2_0.1": 0.67702177950363, "f2_0.2": 0.7226291823401308, "greedy_threshold": 0.21, "greedy_f2": 0.7264019157852724}, "ensemble_val1_label2.xgb": {"eta": 0.15, "max_depth": 3, "min_child_weight": 2, "best_iteration": 26, "best_ntree_limit": 27, "smooth_f2": 0.9402445225775026, "f2_0.1": 0.9816338205993174, "f2_0.2": 0.9820634889279577, "greedy_threshold": 0.25, "greedy_f2": 0.9825223907155143}, "ensemble_val1_label3.xgb": {"eta": 0.15, "max_depth": 5, "min_child_weight": 5, "best_iteration": 14, "best_ntree_limit": 15, "smooth_f2": 0.07277584857463952, "f2_0.1": 0.41538461538461535, "f2_0.2": 0.311284046692607, "greedy_threshold": 0.12, "greedy_f2": 0.4355400696864112}, "ensemble_val1_label4.xgb": {"eta": 0.15, "max_depth": 7, "min_child_weight": 1, "best_iteration": 7, "best_ntree_limit": 8, "smooth_f2": 0.5771356723040085, "f2_0.1": 0.7242713240644988, "f2_0.2": 0.8247632854618765, "greedy_threshold": 0.25, "greedy_f2": 0.8329810718143816}, "ensemble_val1_label5.xgb": {"eta": 0.15, "max_depth": 3, "min_child_weight": 1, "best_iteration": 20, "best_ntree_limit": 21, "smooth_f2": 0.5069916190344822, "f2_0.1": 0.7606378047649948, "f2_0.2": 0.7647357723577237, "greedy_threshold": 0.15, "greedy_f2": 0.7781262250098}, "ensemble_val1_label6.xgb": {"eta": 0.15, "max_depth": 5, "min_child_weight": 2, "best_iteration": 17, "best_ntree_limit": 18, "smooth_f2": 0.06737084232422628, "f2_0.1": 0.47738693467336685, "f2_0.2": 0.3012048192771084, "greedy_threshold": 0.12, "greedy_f2": 0.5053191489361702}, "ensemble_val1_label7.xgb": {"eta": 0.15, "max_depth": 6, "min_child_weight": 2, "best_iteration": 22, "best_ntree_limit": 23, "smooth_f2": 0.24193550519611556, "f2_0.1": 0.4986301369863014, "f2_0.2": 0.4931506849315069, "greedy_threshold": 0.15, "greedy_f2": 0.5235109717868339}, "ensemble_val1_label8.xgb": {"eta": 0.15, "max_depth": 3, "min_child_weight": 5, "best_iteration": 59, "best_ntree_limit": 60, "smooth_f2": 0.9415536416912934, "f2_0.1": 0.9799124900556883, "f2_0.2": 0.9806404019459286, "greedy_threshold": 0.25, "greedy_f2": 0.9811787717302359}, "ensemble_val1_label9.xgb": {"eta": 0.15, "max_depth": 2, "min_child_weight": 1, "best_iteration": 15, "best_ntree_limit": 16, "smooth_f2": 0.3629511118090419, "f2_0.1": 0.6215402544430416, "f2_0.2": 0.6401209677419355, "greedy_threshold": 0.15, "greedy_f2": 0.6574453551912569}, "ensemble_val1_label10.xgb": {"eta": 0.15, "max_depth": 3, "min_child_weight": 5, "best_iteration": 19, "best_ntree_limit": 20, "smooth_f2": 0.5600827841159587, "f2_0.1": 0.784971098265896, "f2_0.2": 0.7942772570300938, "greedy_threshold": 0.17, "greedy_f2": 0.8021390374331551}, "ensemble_val1_label11.xgb": {"eta": 0.15, "max_depth": 3, "min_child_weight": 5, "best_iteration": 12, "best_ntree_limit": 13, "smooth_f2": 0.19366905746609067, "f2_0.1": 0.5318661164603393, "f2_0.2": 0.5738233397807866, "greedy_threshold": 0.18, "greedy_f2": 0.6009762050030506}, "ensemble_val1_label12.xgb": {"eta": 0.15, "max_depth": 4, "min_child_weight": 3, "best_iteration": 6, "best_ntree_limit": 7, "smooth_f2": 0.05565901385101204, "f2_0.1": 0.02934637616718542, "f2_0.2": 0.4515418502202644, "greedy_threshold": 0.24, "greedy_f2": 0.516304347826087}, "ensemble_val2_label0.xgb": {"eta": 0.15, "max_depth": 2, "min_child_weight": 1, "best_iteration": 24, "best_ntree_limit": 25, "smooth_f2": 0.08639183470011362, "f2_0.1": 0.4635761589403974, "f2_0.2": 0.3571428571428571, "greedy_threshold": 0.06, "greedy_f2": 0.5555555555555555}, "ensemble_val2_label1.xgb": {"eta": 0.15, "max_depth": 6, "min_child_weight": 3, "best_iteration": 10, "best_ntree_limit": 11, "smooth_f2": 0.4048934840979644, "f2_0.1": 0.45121951219512196, "f2_0.2": 0.7144241954245832, "greedy_threshold": 0.21, "greedy_f2": 0.7176609568812758}, "ensemble_val2_label2.xgb": {"eta": 0.15, "max_depth": 6, "min_child_weight": 4, "best_iteration": 32, "best_ntree_limit": 33, "smooth_f2": 0.9395359386019291, "f2_0.1": 0.9816973354633849, "f2_0.2": 0.9826778193035532, "greedy_threshold": 0.21, "greedy_f2": 0.9827944230198754}, "ensemble_val2_label3.xgb": {"eta": 0.15, "max_depth": 7, "min_child_weight": 2, "best_iteration": 2, "best_ntree_limit": 3, "smooth_f2": 0.02714951866017617, "f2_0.1": 0.0219180533190195, "f2_0.2": 0.0219180533190195, "greedy_threshold": 0.35, "greedy_f2": 0.45620437956204374}, "ensemble_val2_label4.xgb": {"eta": 0.15, "max_depth": 2, "min_child_weight": 1, "best_iteration": 16, "best_ntree_limit": 17, "smooth_f2": 0.6037793242116366, "f2_0.1": 0.8232631817153203, "f2_0.2": 0.8341300191204588, "greedy_threshold": 0.14, "greedy_f2": 0.8361663484375728}, "ensemble_val2_label5.xgb": {"eta": 0.15, "max_depth": 5, "min_child_weight": 3, "best_iteration": 17, "best_ntree_limit": 18, "smooth_f2": 0.5164675723940788, "f2_0.1": 0.7493261455525607, "f2_0.2": 0.7635858786195956, "greedy_threshold": 0.18, "greedy_f2": 0.7694181853620505}, "ensemble_val2_label6.xgb": {"eta": 0.15, "max_depth": 7, "min_child_weight": 2, "best_iteration": 3, "best_ntree_limit": 4, "smooth_f2": 0.021345039510200742, "f2_0.1": 0.016621743036837378, "f2_0.2": 0.016621743036837378, "greedy_threshold": 0.35, "greedy_f2": 0.4145077720207254}, "ensemble_val2_label7.xgb": {"eta": 0.15, "max_depth": 2, "min_child_weight": 1, "best_iteration": 9, "best_ntree_limit": 10, "smooth_f2": 0.16103927982125266, "f2_0.1": 0.11418169783220256, "f2_0.2": 0.5521844660194175, "greedy_threshold": 0.18, "greedy_f2": 0.5784650630011454}, "ensemble_val2_label8.xgb": {"eta": 0.15, "max_depth": 6, "min_child_weight": 1, "best_iteration": 45, "best_ntree_limit": 46, "smooth_f2": 0.9441636243709319, "f2_0.1": 0.9804739487118367, "f2_0.2": 0.9816146445431547, "greedy_threshold": 0.18, "greedy_f2": 0.9817233415624751}, "ensemble_val2_label9.xgb": {"eta": 0.15, "max_depth": 3, "min_child_weight": 1, "best_iteration": 27, "best_ntree_limit": 28, "smooth_f2": 0.4148047058269841, "f2_0.1": 0.6335797254487857, "f2_0.2": 0.648479427549195, "greedy_threshold": 0.18, "greedy_f2": 0.6585487077534791}, "ensemble_val2_label10.xgb": {"eta": 0.15, "max_depth": 2, "min_child_weight": 1, "best_iteration": 14, "best_ntree_limit": 15, "smooth_f2": 0.5284421101937873, "f2_0.1": 0.7850346020761246, "f2_0.2": 0.8100300439103304, "greedy_threshold": 0.21, "greedy_f2": 0.8126017205301094}, "ensemble_val2_label11.xgb": {"eta": 0.15, "max_depth": 5, "min_child_weight": 1, "best_iteration": 21, "best_ntree_limit": 22, "smooth_f2": 0.2639674360478323, "f2_0.1": 0.5708131394722671, "f2_0.2": 0.5150918635170604, "greedy_threshold": 0.11, "greedy_f2": 0.5795895729339988}, "ensemble_val2_label12.xgb": {"eta": 0.15, "max_depth": 4, "min_child_weight": 4, "best_iteration": 10, "best_ntree_limit": 11, "smooth_f2": 0.11377385716320455, "f2_0.1": 0.42161520190023755, "f2_0.2": 0.6557377049180327, "greedy_threshold": 0.17, "greedy_f2": 0.6711409395973155}, "ensemble_val3_label0.xgb": {"eta": 0.15, "max_depth": 4, "min_child_weight": 4, "best_iteration": 22, "best_ntree_limit": 23, "smooth_f2": 0.08411681918402901, "f2_0.1": 0.3409090909090909, "f2_0.2": 0.42857142857142855, "greedy_threshold": 0.35, "greedy_f2": 0.47872340425531906}, "ensemble_val3_label1.xgb": {"eta": 0.15, "max_depth": 8, "min_child_weight": 3, "best_iteration": 11, "best_ntree_limit": 12, "smooth_f2": 0.40235388173661873, "f2_0.1": 0.5860349127182045, "f2_0.2": 0.7151490733279613, "greedy_threshold": 0.21, "greedy_f2": 0.7169005491153142}, "ensemble_val3_label2.xgb": {"eta": 0.15, "max_depth": 10, "min_child_weight": 3, "best_iteration": 25, "best_ntree_limit": 26,