{"ensemble_val1_label0.xgb": {"eta": 0.05, "max_depth": 4, "min_child_weight": 4, "best_iteration": 10, "best_ntree_limit": 11, "smooth_f2": 0.01185561868106871, "f2_0.1": 0.008591842271863976, "f2_0.2": 0.008591842271863976, "greedy_threshold": 0.35, "greedy_f2": 0.6310679611650485}, "ensemble_val1_label1.xgb": {"eta": 0.05, "max_depth": 5, "min_child_weight": 5, "best_iteration": 36, "best_ntree_limit": 37, "smooth_f2": 0.4143550966947904, "f2_0.1": 0.5998304366256889, "f2_0.2": 0.7214993202563605, "greedy_threshold": 0.21, "greedy_f2": 0.7236842105263158}, "ensemble_val1_label2.xgb": {"eta": 0.05, "max_depth": 5, "min_child_weight": 2, "best_iteration": 2, "best_ntree_limit": 3, "smooth_f2": 0.6099643417187502, "f2_0.1": 0.9798035471742681, "f2_0.2": 0.9798035471742681, "greedy_threshold": 0.45, "greedy_f2": 0.9822292427682889}, "ensemble_val1_label3.xgb": {"eta": 0.05, "max_depth": 2, "min_child_weight": 1, "best_iteration": 49, "best_ntree_limit": 50, "smooth_f2": 0.0777438550877362, "f2_0.1": 0.34420289855072467, "f2_0.2": 0.311284046692607, "greedy_threshold": 0.06, "greedy_f2": 0.4128440366972477}, "ensemble_val1_label4.xgb": {"eta": 0.05, "max_depth": 3, "min_child_weight": 1, "best_iteration": 21, "best_ntree_limit": 22, "smooth_f2": 0.564764522170736, "f2_0.1": 0.7242713240644988, "f2_0.2": 0.8128457283343576, "greedy_threshold": 0.27, "greedy_f2": 0.8318068667512094}, "ensemble_val1_label5.xgb": {"eta": 0.05, "max_depth": 4, "min_child_weight": 3, "best_iteration": 32, "best_ntree_limit": 33, "smooth_f2": 0.47415561130665157, "f2_0.1": 0.620625624910727, "f2_0.2": 0.7741684497179538, "greedy_threshold": 0.21, "greedy_f2": 0.7780399095645336}, "ensemble_val1_label6.xgb": {"eta": 0.05, "max_depth": 3, "min_child_weight": 5, "best_iteration": 22, "best_ntree_limit": 23, "smooth_f2": 0.024920094626482654, "f2_0.1": 0.015291895295493388, "f2_0.2": 0.45662100456620996, "greedy_threshold": 0.18, "greedy_f2": 0.49586776859504134}, "ensemble_val1_label7.xgb": {"eta": 0.05, "max_depth": 9, "min_child_weight": 5, "best_iteration": 34, "best_ntree_limit": 35, "smooth_f2": 0.17975400873974734, "f2_0.1": 0.343995171997586, "f2_0.2": 0.5112540192926045, "greedy_threshold": 0.18, "greedy_f2": 0.5277442702050664}, "ensemble_val1_label8.xgb": {"eta": 0.05, "max_depth": 9, "min_child_weight": 4, "best_iteration": 72, "best_ntree_limit": 73, "smooth_f2": 0.9346611466680609, "f2_0.1": 0.9803160576387232, "f2_0.2": 0.9807891796999681, "greedy_threshold": 0.18, "greedy_f2": 0.9811155203701117}, "ensemble_val1_label9.xgb": {"eta": 0.05, "max_depth": 6, "min_child_weight": 4, "best_iteration": 26, "best_ntree_limit": 27, "smooth_f2": 0.36291362704645436, "f2_0.1": 0.4219701996742475, "f2_0.2": 0.6416309012875536, "greedy_threshold": 0.24, "greedy_f2": 0.6567056271839979}, "ensemble_val1_label10.xgb": {"eta": 0.05, "max_depth": 3, "min_child_weight": 3, "best_iteration": 39, "best_ntree_limit": 40, "smooth_f2": 0.5029300662695573, "f2_0.1": 0.7601130926489778, "f2_0.2": 0.7950958970623937, "greedy_threshold": 0.18, "greedy_f2": 0.8012974531475252}, "ensemble_val1_label11.xgb": {"eta": 0.05, "max_depth": 3, "min_child_weight": 1, "best_iteration": 5, "best_ntree_limit": 6, "smooth_f2": 0.10976806508675918, "f2_0.1": 0.10738366769333223, "f2_0.2": 0.10738366769333223, "greedy_threshold": 0.4, "greedy_f2": 0.6037059175134488}, "ensemble_val1_label12.xgb": {"eta": 0.05, "max_depth": 7, "min_child_weight": 5, "best_iteration": 27, "best_ntree_limit": 28, "smooth_f2": 0.0637908601293749, "f2_0.1": 0.02934637616718542, "f2_0.2": 0.5066666666666667, "greedy_threshold": 0.21, "greedy_f2": 0.5191256830601094}, "ensemble_val2_label0.xgb": {"eta": 0.05, "max_depth": 5, "min_child_weight": 4, "best_iteration": 7, "best_ntree_limit": 8, "smooth_f2": 0.013751063706746364, "f2_0.1": 0.012173128944995492, "f2_0.2": 0.012173128944995492, "greedy_threshold": 0.36, "greedy_f2": 0.5519480519480519}, "ensemble_val2_label1.xgb": {"eta": 0.05, "max_depth": 4, "min_child_weight": 4, "best_iteration": 16, "best_ntree_limit": 17, "smooth_f2": 0.3395443023326309, "f2_0.1": 0.29894693085769714, "f2_0.2": 0.29894693085769714, "greedy_threshold": 0.3, "greedy_f2": 0.7164268585131895}, "ensemble_val2_label2.xgb": {"eta": 0.05, "max_depth": 8, "min_child_weight": 4, "best_iteration": 29, "best_ntree_limit": 30, "smooth_f2": 0.861659784908082, "f2_0.1": 0.9800180938520239, "f2_0.2": 0.9813581366018995, "greedy_threshold": 0.3, "greedy_f2": 0.9826921174957967}, "ensemble_val2_label3.xgb": {"eta": 0.05, "max_depth": 3, "min_child_weight": 2, "best_iteration": 27, "best_ntree_limit": 28, "smooth_f2": 0.04478367438025823, "f2_0.1": 0.0219180533190195, "f2_0.2": 0.38314176245210724, "greedy_threshold": 0.18, "greedy_f2": 0.4363636363636364}, "ensemble_val2_label4.xgb": {"eta": 0.05, "max_depth": 3, "min_child_weight": 5, "best_iteration": 37, "best_ntree_limit": 38, "smooth_f2": 0.5964486801834942, "f2_0.1": 0.7915972844882796, "f2_0.2": 0.8355412566237699, "greedy_threshold": 0.21, "greedy_f2": 0.836186400380409}, "ensemble_val2_label5.xgb": {"eta": 0.05, "max_depth": 3, "min_child_weight": 1, "best_iteration": 18, "best_ntree_limit": 19, "smooth_f2": 0.44023176432627475, "f2_0.1": 0.49216075963343275, "f2_0.2": 0.6795360784618978, "greedy_threshold": 0.3, "greedy_f2": 0.7683531746031746}, "ensemble_val2_label6.xgb": {"eta": 0.05, "max_depth": 7, "min_child_weight": 1, "best_iteration": 28, "best_ntree_limit": 29, "smooth_f2": 0.031841638933037895, "f2_0.1": 0.016621743036837378, "f2_0.2": 0.3794642857142857, "greedy_threshold": 0.18, "greedy_f2": 0.4132231404958678}, "ensemble_val2_label7.xgb": {"eta": 0.05, "max_depth": 2, "min_child_weight": 1, "best_iteration": 33, "best_ntree_limit": 34, "smooth_f2": 0.16796814604814997, "f2_0.1": 0.38344953016065475, "f2_0.2": 0.5459592843923504, "greedy_threshold": 0.18, "greedy_f2": 0.5688448074679113}, "ensemble_val2_label8.xgb": {"eta": 0.05, "max_depth": 6, "min_child_weight": 3, "best_iteration": 31, "best_ntree_limit": 32, "smooth_f2": 0.8680716700118501, "f2_0.1": 0.9781575507940907, "f2_0.2": 0.979423378375697, "greedy_threshold": 0.3, "greedy_f2": 0.9819203859110571}, "ensemble_val2_label9.xgb": {"eta": 0.05, "max_depth": 5, "min_child_weight": 3, "best_iteration": 23, "best_ntree_limit": 24, "smooth_f2": 0.3708043655154186, "f2_0.1": 0.41631240131179403, "f2_0.2": 0.6180500397140588, "greedy_threshold": 0.27, "greedy_f2": 0.6572595618269588}, "ensemble_val2_label10.xgb": {"eta": 0.05, "max_depth": 2, "min_child_weight": 1, "best_iteration": 13, "best_ntree_limit": 14, "smooth_f2": 0.3414314986711747, "f2_0.1": 0.27350974534073125, "f2_0.2": 0.27350974534073125, "greedy_threshold": 0.35, "greedy_f2": 0.8129227898297177}, "ensemble_val2_label11.xgb": {"eta": 0.05, "max_depth": 4, "min_child_weight": 3, "best_iteration": 23, "best_ntree_limit": 24, "smooth_f2": 0.15477687433061627, "f2_0.1": 0.10508757297748124, "f2_0.2": 0.5657412257726558, "greedy_threshold": 0.21, "greedy_f2": 0.5783991228070176}, "ensemble_val2_label12.xgb": {"eta": 0.05, "max_depth": 4, "min_child_weight": 4, "best_iteration": 17, "best_ntree_limit": 18, "smooth_f2": 0.0657048831241916, "f2_0.1": 0.03496194016640113, "f2_0.2": 0.03496194016640113, "greedy_threshold": 0.27, "greedy_f2": 0.6674473067915692}, "ensemble_val3_label0.xgb": {"eta": 0.05, "max_depth": 4, "min_child_weight": 2, "best_iteration": 33, "best_ntree_limit": 34, "smooth_f2": 0.023970349910466805, "f2_0.1": 0.21551724137931033, "f2_0.2": 0.3237410071942446, "greedy_threshold": 0.35, "greedy_f2": 0.45454545454545453}, "ensemble_val3_label1.xgb": {"eta": 0.05, "max_depth": 4, "min_child_weight": 1, "best_iteration": 48, "best_ntree_limit": 49, "smooth_f2": 0.42664068145129425, "f2_0.1": 0.6786802940649095, "f2_0.2": 0.7145833333333333, "greedy_threshold": 0.21, "greedy_f2": 0.7156328583403186}, "ensemble_val3_label2.xgb": {"eta": 0.05, "max_depth": 6, "min_child_weight": 3, "best_iteration": 33,