{"ensemble_val1_label0.xgb": {"eta": 0.2, "max_depth": 2, "min_child_weight": 3, "best_iteration": 10, "best_ntree_limit": 11, "smooth_f2": 0.03514506818172997, "f2_0.1": 0.49019607843137253, "f2_0.2": 0.5714285714285714, "greedy_threshold": 0.12, "greedy_f2": 0.6097560975609756}, "ensemble_val1_label1.xgb": {"eta": 0.2, "max_depth": 3, "min_child_weight": 3, "best_iteration": 11, "best_ntree_limit": 12, "smooth_f2": 0.44030589560278155, "f2_0.1": 0.6674395495197085, "f2_0.2": 0.7168387609213661, "greedy_threshold": 0.18, "greedy_f2": 0.7214993202563605}, "ensemble_val1_label2.xgb": {"eta": 0.2, "max_depth": 8, "min_child_weight": 4, "best_iteration": 18, "best_ntree_limit": 19, "smooth_f2": 0.9323782220120755, "f2_0.1": 0.9817198357548957, "f2_0.2": 0.9823687539531941, "greedy_threshold": 0.2, "greedy_f2": 0.9823687539531941}, "ensemble_val1_label3.xgb": {"eta": 0.2, "max_depth": 2, "min_child_weight": 1, "best_iteration": 16, "best_ntree_limit": 17, "smooth_f2": 0.11365769501591154, "f2_0.1": 0.3345724907063197, "f2_0.2": 0.34615384615384615, "greedy_threshold": 0.03, "greedy_f2": 0.41547277936962757}, "ensemble_val1_label4.xgb": {"eta": 0.2, "max_depth": 3, "min_child_weight": 4, "best_iteration": 29, "best_ntree_limit": 30, "smooth_f2": 0.6260068974331795, "f2_0.1": 0.8266727563370633, "f2_0.2": 0.8323376188883048, "greedy_threshold": 0.18, "greedy_f2": 0.8351126927639383}, "ensemble_val1_label5.xgb": {"eta": 0.2, "max_depth": 2, "min_child_weight": 1, "best_iteration": 9, "best_ntree_limit": 10, "smooth_f2": 0.48854448738249723, "f2_0.1": 0.720054407889144, "f2_0.2": 0.773068563524995, "greedy_threshold": 0.18, "greedy_f2": 0.7758788114196931}, "ensemble_val1_label6.xgb": {"eta": 0.2, "max_depth": 7, "min_child_weight": 1, "best_iteration": 10, "best_ntree_limit": 11, "smooth_f2": 0.055574785901662115, "f2_0.1": 0.47826086956521746, "f2_0.2": 0.4032258064516129, "greedy_threshold": 0.12, "greedy_f2": 0.5116279069767441}, "ensemble_val1_label7.xgb": {"eta": 0.2, "max_depth": 8, "min_child_weight": 4, "best_iteration": 47, "best_ntree_limit": 48, "smooth_f2": 0.2593783115070491, "f2_0.1": 0.5245398773006135, "f2_0.2": 0.48550724637681164, "greedy_threshold": 0.12, "greedy_f2": 0.5341055341055342}, "ensemble_val1_label8.xgb": {"eta": 0.2, "max_depth": 7, "min_child_weight": 3, "best_iteration": 19, "best_ntree_limit": 20, "smooth_f2": 0.9316435989876529, "f2_0.1": 0.9802086651799936, "f2_0.2": 0.9812002315045802, "greedy_threshold": 0.21, "greedy_f2": 0.9812944182703824}, "ensemble_val1_label9.xgb": {"eta": 0.2, "max_depth": 5, "min_child_weight": 2, "best_iteration": 9, "best_ntree_limit": 10, "smooth_f2": 0.3612375993104044, "f2_0.1": 0.586734693877551, "f2_0.2": 0.648962148962149, "greedy_threshold": 0.18, "greedy_f2": 0.655978388536528}, "ensemble_val1_label10.xgb": {"eta": 0.2, "max_depth": 2, "min_child_weight": 1, "best_iteration": 2, "best_ntree_limit": 3, "smooth_f2": 0.3234608267644537, "f2_0.1": 0.2645559623806447, "f2_0.2": 0.2645559623806447, "greedy_threshold": 0.34, "greedy_f2": 0.8015358771298298}, "ensemble_val1_label11.xgb": {"eta": 0.2, "max_depth": 4, "min_child_weight": 5, "best_iteration": 6, "best_ntree_limit": 7, "smooth_f2": 0.16479803419671626, "f2_0.1": 0.10738366769333223, "f2_0.2": 0.5863662622761409, "greedy_threshold": 0.22, "greedy_f2": 0.5997552019583844}, "ensemble_val1_label12.xgb": {"eta": 0.2, "max_depth": 3, "min_child_weight": 1, "best_iteration": 13, "best_ntree_limit": 14, "smooth_f2": 0.14259195531107818, "f2_0.1": 0.554016620498615, "f2_0.2": 0.46474358974358965, "greedy_threshold": 0.09, "greedy_f2": 0.5851063829787233}, "ensemble_val2_label0.xgb": {"eta": 0.2, "max_depth": 3, "min_child_weight": 5, "best_iteration": 6, "best_ntree_limit": 7, "smooth_f2": 0.02049235998101946, "f2_0.1": 0.012173128944995492, "f2_0.2": 0.39568345323741005, "greedy_threshold": 0.19, "greedy_f2": 0.5379746835443038}, "ensemble_val2_label1.xgb": {"eta": 0.2, "max_depth": 5, "min_child_weight": 3, "best_iteration": 5, "best_ntree_limit": 6, "smooth_f2": 0.3773269575487723, "f2_0.1": 0.29894693085769714, "f2_0.2": 0.6685188400764022, "greedy_threshold": 0.24, "greedy_f2": 0.7128982128982129}, "ensemble_val2_label2.xgb": {"eta": 0.2, "max_depth": 10, "min_child_weight": 3, "best_iteration": 18, "best_ntree_limit": 19, "smooth_f2": 0.9370713028936879, "f2_0.1": 0.9823332017370708, "f2_0.2": 0.9822912544519192, "greedy_threshold": 0.15, "greedy_f2": 0.9828223526853663}, "ensemble_val2_label3.xgb": {"eta": 0.2, "max_depth": 10, "min_child_weight": 2, "best_iteration": 18, "best_ntree_limit": 19, "smooth_f2": 0.1618603361577549, "f2_0.1": 0.41501976284584974, "f2_0.2": 0.37815126050420167, "greedy_threshold": 0.05, "greedy_f2": 0.4591836734693877}, "ensemble_val2_label4.xgb": {"eta": 0.2, "max_depth": 2, "min_child_weight": 1, "best_iteration": 24, "best_ntree_limit": 25, "smooth_f2": 0.6307740206446849, "f2_0.1": 0.8319479080077583, "f2_0.2": 0.8308455315870571, "greedy_threshold": 0.15, "greedy_f2": 0.8368794326241134}, "ensemble_val2_label5.xgb": {"eta": 0.2, "max_depth": 7, "min_child_weight": 5, "best_iteration": 32, "best_ntree_limit": 33, "smooth_f2": 0.537455492962453, "f2_0.1": 0.7577459515117476, "f2_0.2": 0.7567349409746746, "greedy_threshold": 0.16, "greedy_f2": 0.7679063360881543}, "ensemble_val2_label6.xgb": {"eta": 0.2, "max_depth": 5, "min_child_weight": 5, "best_iteration": 1, "best_ntree_limit": 2, "smooth_f2": 0.019103207376768353, "f2_0.1": 0.016621743036837378, "f2_0.2": 0.016621743036837378, "greedy_threshold": 0.36, "greedy_f2": 0.4186046511627907}, "ensemble_val2_label7.xgb": {"eta": 0.2, "max_depth": 3, "min_child_weight": 2, "best_iteration": 13, "best_ntree_limit": 14, "smooth_f2": 0.2141116969214889, "f2_0.1": 0.5530973451327434, "f2_0.2": 0.49498327759197336, "greedy_threshold": 0.13, "greedy_f2": 0.5732292917166867}, "ensemble_val2_label8.xgb": {"eta": 0.2, "max_depth": 4, "min_child_weight": 2, "best_iteration": 33, "best_ntree_limit": 34, "smooth_f2": 0.9403231444556314, "f2_0.1": 0.9807975191826027, "f2_0.2": 0.9814899679212578, "greedy_threshold": 0.18, "greedy_f2": 0.98159509202454}, "ensemble_val2_label9.xgb": {"eta": 0.2, "max_depth": 2, "min_child_weight": 1, "best_iteration": 7, "best_ntree_limit": 8, "smooth_f2": 0.36734699184607195, "f2_0.1": 0.41631240131179403, "f2_0.2": 0.6466323666978484, "greedy_threshold": 0.21, "greedy_f2": 0.6541776394541537}, "ensemble_val2_label10.xgb": {"eta": 0.2, "max_depth": 6, "min_child_weight": 2, "best_iteration": 3, "best_ntree_limit": 4, "smooth_f2": 0.3652017553516739, "f2_0.1": 0.27350974534073125, "f2_0.2": 0.27350974534073125, "greedy_threshold": 0.3, "greedy_f2": 0.8099579242636747}, "ensemble_val2_label11.xgb": {"eta": 0.2, "max_depth": 2, "min_child_weight": 1, "best_iteration": 7, "best_ntree_limit": 8, "smooth_f2": 0.16500777461954189, "f2_0.1": 0.3781773093614383, "f2_0.2": 0.5475594493116396, "greedy_threshold": 0.18, "greedy_f2": 0.5749128919860627}, "ensemble_val2_label12.xgb": {"eta": 0.2, "max_depth": 9, "min_child_weight": 5, "best_iteration": 20, "best_ntree_limit": 21, "smooth_f2": 0.3600850995561315, "f2_0.1": 0.6658878504672897, "f2_0.2": 0.643939393939394, "greedy_threshold": 0.12, "greedy_f2": 0.6801909307875895}, "ensemble_val3_label0.xgb": {"eta": 0.2, "max_depth": 3, "min_child_weight": 2, "best_iteration": 21, "best_ntree_limit": 22, "smooth_f2": 0.1299531550183869, "f2_0.1": 0.3688524590163934, "f2_0.2": 0.42452830188679247, "greedy_threshold": 0.26, "greedy_f2": 0.46874999999999994}, "ensemble_val3_label1.xgb": {"eta": 0.2, "max_depth": 5, "min_child_weight": 1, "best_iteration": 11, "best_ntree_limit": 12, "smooth_f2": 0.40183668009458184, "f2_0.1": 0.6580779944289693, "f2_0.2": 0.6938733552631579, "greedy_threshold": 0.18, "greedy_f2": 0.7013847080072246}, "ensemble_val3_label2.xgb": {"eta": 0.2, "max_depth": 5, "min_child_weight": 5, "best_iteration": 25, "best_ntree_limit": 26, "smooth_f2": 0.9326934130918285,