{"ensemble_val1_label0.xgb": {"eta": 0.2, "max_depth": 2, "min_child_weight": 3, "best_iteration": 10, "best_ntree_limit": 11, "smooth_f2": 0.03514506818172997, "f2_0.1": 0.49019607843137253, "f2_0.2": 0.5714285714285714, "greedy_threshold": 0.12, "greedy_f2": 0.6097560975609756}, "ensemble_val1_label1.xgb": {"eta": 0.2, "max_depth": 3, "min_child_weight": 3, "best_iteration": 11, "best_ntree_limit": 12, "smooth_f2": 0.44030589560278155, "f2_0.1": 0.6674395495197085, "f2_0.2": 0.7168387609213661, "greedy_threshold": 0.18, "greedy_f2": 0.7214993202563605}, "ensemble_val1_label2.xgb": {"eta": 0.2, "max_depth": 8, "min_child_weight": 4, "best_iteration": 18, "best_ntree_limit": 19, "smooth_f2": 0.9323782220120755, "f2_0.1": 0.9817198357548957, "f2_0.2": 0.9823687539531941, "greedy_threshold": 0.2, "greedy_f2": 0.9823687539531941}, "ensemble_val1_label3.xgb": {"eta": 0.2, "max_depth": 2, "min_child_weight": 1, "best_iteration": 16, "best_ntree_limit": 17, "smooth_f2": 0.11365769501591154, "f2_0.1": 0.3345724907063197, "f2_0.2": 0.34615384615384615, "greedy_threshold": 0.03, "greedy_f2": 0.41547277936962757}, "ensemble_val1_label4.xgb": {"eta": 0.2, "max_depth": 3, "min_child_weight": 4, "best_iteration": 29, "best_ntree_limit": 30, "smooth_f2": 0.6260068974331795, "f2_0.1": 0.8266727563370633, "f2_0.2": 0.8323376188883048, "greedy_threshold": 0.18, "greedy_f2": 0.8351126927639383}, "ensemble_val1_label5.xgb": {"eta": 0.2, "max_depth": 2, "min_child_weight": 1, "best_iteration": 9, "best_ntree_limit": 10, "smooth_f2": 0.48854448738249723, "f2_0.1": 0.720054407889144, "f2_0.2": 0.773068563524995, "greedy_threshold": 0.18, "greedy_f2": 0.7758788114196931}, "ensemble_val1_label6.xgb": {"eta": 0.2, "max_depth": 7, "min_child_weight": 1, "best_iteration": 10, "best_ntree_limit": 11, "smooth_f2": 0.055574785901662115, "f2_0.1": 0.47826086956521746, "f2_0.2": 0.4032258064516129, "greedy_threshold": 0.12, "greedy_f2": 0.5116279069767441}, "ensemble_val1_label7.xgb": {"eta": 0.2, "max_depth": 8, "min_child_weight": 4, "best_iteration": 47, "best_ntree_limit": 48, "smooth_f2": 0.2593783115070491, "f2_0.1": 0.5245398773006135, "f2_0.2": 0.48550724637681164, "greedy_threshold": 0.12, "greedy_f2": 0.5341055341055342}, "ensemble_val1_label8.xgb": {"eta": 0.2, "max_depth": 7, "min_child_weight": 3, "best_iteration": 19, "best_ntree_limit": 20, "smooth_f2": 0.9316435989876529, "f2_0.1": 0.9802086651799936, "f2_0.2": 0.9812002315045802, "greedy_threshold": 0.21, "greedy_f2": 0.9812944182703824}, "ensemble_val1_label9.xgb": {"eta": 0.2, "max_depth": 5, "min_child_weight": 2, "best_iteration": 9, "best_ntree_limit": 10, "smooth_f2": 0.3612375993104044, "f2_0.1": 0.586734693877551, "f2_0.2": 0.648962148962149, "greedy_threshold": 0.18, "greedy_f2": 0.655978388536528}, "ensemble_val1_label10.xgb": {"eta": 0.2, "max_depth": 2, "min_child_weight": 1, "best_iteration": 2, "best_ntree_limit": 3, "smooth_f2": 0.3234608267644537, "f2_0.1": 0.2645559623806447, "f2_0.2": 0.2645559623806447, "greedy_threshold": 0.34, "greedy_f2": 0.8015358771298298}, "ensemble_val1_label11.xgb": {"eta": 0.2, "max_depth": 4, "min_child_weight": 5, "best_iteration": 6, "best_ntree_limit": 7, "smooth_f2": 0.16479803419671626, "f2_0.1": 0.10738366769333223, "f2_0.2": 0.5863662622761409, "greedy_threshold": 0.22, "greedy_f2": 0.5997552019583844}}