{"ensemble_val1_label0.xgb": {"eta": 0.25, "max_depth": 3, "min_child_weight": 4, "best_iteration": 3, "best_ntree_limit": 4, "smooth_f2": 0.01692563121890695, "f2_0.1": 0.008591842271863976, "f2_0.2": 0.42372881355932207, "greedy_threshold": 0.3, "greedy_f2": 0.65}, "ensemble_val1_label1.xgb": {"eta": 0.2, "max_depth": 3, "min_child_weight": 1, "best_iteration": 4, "best_ntree_limit": 5, "smooth_f2": 0.35549884328828285, "f2_0.1": 0.30732779342078154, "f2_0.2": 0.6538461538461537, "greedy_threshold": 0.28, "greedy_f2": 0.7236320380650278}, "ensemble_val1_label2.xgb": {"eta": 0.2, "max_depth": 8, "min_child_weight": 2, "best_iteration": 14, "best_ntree_limit": 15, "smooth_f2": 0.9277222510187918, "f2_0.1": 0.98159509202454, "f2_0.2": 0.9824516333023733, "greedy_threshold": 0.21, "greedy_f2": 0.9825275724394196}, "ensemble_val1_label3.xgb": {"eta": 0.15, "max_depth": 6, "min_child_weight": 2, "best_iteration": 52, "best_ntree_limit": 53, "smooth_f2": 0.21116599986325912, "f2_0.1": 0.3832116788321169, "f2_0.2": 0.3474903474903475, "greedy_threshold": 0.05, "greedy_f2": 0.4470198675496689}, "ensemble_val1_label4.xgb": {"eta": 0.2, "max_depth": 6, "min_child_weight": 1, "best_iteration": 38, "best_ntree_limit": 39, "smooth_f2": 0.6280112115489286, "f2_0.1": 0.8259357554681065, "f2_0.2": 0.8312167537259788, "greedy_threshold": 0.18, "greedy_f2": 0.8332540663939884}, "ensemble_val1_label5.xgb": {"eta": 0.2, "max_depth": 4, "min_child_weight": 4, "best_iteration": 4, "best_ntree_limit": 5, "smooth_f2": 0.44982666359269213, "f2_0.1": 0.486964255934182, "f2_0.2": 0.722674667809687, "greedy_threshold": 0.27, "greedy_f2": 0.7782694198623403}, "ensemble_val1_label6.xgb": {"eta": 0.15, "max_depth": 9, "min_child_weight": 1, "best_iteration": 33, "best_ntree_limit": 34, "smooth_f2": 0.15477584077389264, "f2_0.1": 0.45454545454545453, "f2_0.2": 0.24539877300613494, "greedy_threshold": 0.06, "greedy_f2": 0.5339805825242718}, "ensemble_val1_label7.xgb": {"eta": 0.25, "max_depth": 6, "min_child_weight": 2, "best_iteration": 10, "best_ntree_limit": 11, "smooth_f2": 0.21832598937411976, "f2_0.1": 0.5121816168327796, "f2_0.2": 0.5183137525915688, "greedy_threshold": 0.13, "greedy_f2": 0.5385078219013236}, "ensemble_val1_label8.xgb": {"eta": 0.1, "max_depth": 7, "min_child_weight": 2, "best_iteration": 52, "best_ntree_limit": 53, "smooth_f2": 0.940457402500622, "f2_0.1": 0.979953463397172, "f2_0.2": 0.9807048317652688, "greedy_threshold": 0.25, "greedy_f2": 0.9816208018199597}, "ensemble_val1_label9.xgb": {"eta": 0.2, "max_depth": 5, "min_child_weight": 1, "best_iteration": 4, "best_ntree_limit": 5, "smooth_f2": 0.3608361222209639, "f2_0.1": 0.4219701996742475, "f2_0.2": 0.5999087591240877, "greedy_threshold": 0.25, "greedy_f2": 0.6566068515497554}, "ensemble_val1_label10.xgb": {"eta": 0.2, "max_depth": 4, "min_child_weight": 2, "best_iteration": 17, "best_ntree_limit": 18, "smooth_f2": 0.5769496725074834, "f2_0.1": 0.7917444029850745, "f2_0.2": 0.7998521074685729, "greedy_threshold": 0.18, "greedy_f2": 0.8083759435110787}, "ensemble_val1_label11.xgb": {"eta": 0.15, "max_depth": 4, "min_child_weight": 4, "best_iteration": 5, "best_ntree_limit": 6, "smooth_f2": 0.13831067276203102, "f2_0.1": 0.10738366769333223, "f2_0.2": 0.4419595314164004, "greedy_threshold": 0.26, "greedy_f2": 0.6084507042253521}, "ensemble_val1_label12.xgb": {"eta": 0.2, "max_depth": 7, "min_child_weight": 2, "best_iteration": 8, "best_ntree_limit": 9, "smooth_f2": 0.0949906011205008, "f2_0.1": 0.43680297397769524, "f2_0.2": 0.5029585798816567, "greedy_threshold": 0.15, "greedy_f2": 0.5789473684210527}, "ensemble_val2_label0.xgb": {"eta": 0.15, "max_depth": 3, "min_child_weight": 4, "best_iteration": 10, "best_ntree_limit": 11, "smooth_f2": 0.02951353100771373, "f2_0.1": 0.4460093896713615, "f2_0.2": 0.42857142857142855, "greedy_threshold": 0.13, "greedy_f2": 0.5523255813953488}, "ensemble_val2_label1.xgb": {"eta": 0.15, "max_depth": 3, "min_child_weight": 1, "best_iteration": 38, "best_ntree_limit": 39, "smooth_f2": 0.4988689481977803, "f2_0.1": 0.6967366841710428, "f2_0.2": 0.7033670729188184, "greedy_threshold": 0.15, "greedy_f2": 0.7120253164556963}, "ensemble_val2_label2.xgb": {"eta": 0.15, "max_depth": 6, "min_child_weight": 1, "best_iteration": 16, "best_ntree_limit": 17, "smooth_f2": 0.9177263160754944, "f2_0.1": 0.9819967266775776, "f2_0.2": 0.9828434763702489, "greedy_threshold": 0.19, "greedy_f2": 0.9831432918996895}}