{"ensemble_val1_label0.xgb": {"eta": 0.1, "max_depth": 2, "min_child_weight": 5, "best_iteration": 15, "best_ntree_limit": 16, "smooth_f2": 0.022212779283291458, "f2_0.1": 0.32028469750889677, "f2_0.2": 0.6018518518518519, "greedy_threshold": 0.21, "greedy_f2": 0.6372549019607844}, "ensemble_val1_label1.xgb": {"eta": 0.1, "max_depth": 5, "min_child_weight": 3, "best_iteration": 19, "best_ntree_limit": 20, "smooth_f2": 0.42633682652392035, "f2_0.1": 0.6517263224580297, "f2_0.2": 0.7216898102875025, "greedy_threshold": 0.21, "greedy_f2": 0.7254552652414885}, "ensemble_val1_label2.xgb": {"eta": 0.1, "max_depth": 5, "min_child_weight": 5, "best_iteration": 51, "best_ntree_limit": 52, "smooth_f2": 0.9451662019690512, "f2_0.1": 0.9816635086057162, "f2_0.2": 0.9820740360100402, "greedy_threshold": 0.24, "greedy_f2": 0.9825366374621759}, "ensemble_val1_label3.xgb": {"eta": 0.1, "max_depth": 4, "min_child_weight": 4, "best_iteration": 29, "best_ntree_limit": 30, "smooth_f2": 0.08756535328251244, "f2_0.1": 0.3505535055350553, "f2_0.2": 0.2952755905511811, "greedy_threshold": 0.06, "greedy_f2": 0.40372670807453426}, "ensemble_val1_label4.xgb": {"eta": 0.1, "max_depth": 4, "min_child_weight": 3, "best_iteration": 8, "best_ntree_limit": 9, "smooth_f2": 0.5561855332398407, "f2_0.1": 0.7242713240644988, "f2_0.2": 0.7242713240644988, "greedy_threshold": 0.3, "greedy_f2": 0.8327429030277265}, "ensemble_val1_label5.xgb": {"eta": 0.1, "max_depth": 3, "min_child_weight": 2, "best_iteration": 57, "best_ntree_limit": 58, "smooth_f2": 0.5130830298459134, "f2_0.1": 0.7644686239564767, "f2_0.2": 0.7638605788830004, "greedy_threshold": 0.15, "greedy_f2": 0.7799703996053281}, "ensemble_val1_label6.xgb": {"eta": 0.1, "max_depth": 6, "min_child_weight": 2, "best_iteration": 21, "best_ntree_limit": 22, "smooth_f2": 0.05074073205579339, "f2_0.1": 0.4524886877828055, "f2_0.2": 0.4, "greedy_threshold": 0.12, "greedy_f2": 0.5025125628140703}, "ensemble_val1_label7.xgb": {"eta": 0.1, "max_depth": 7, "min_child_weight": 4, "best_iteration": 16, "best_ntree_limit": 17, "smooth_f2": 0.17957764384876057, "f2_0.1": 0.3140096618357488, "f2_0.2": 0.5103318722604884, "greedy_threshold": 0.18, "greedy_f2": 0.5283353010625739}, "ensemble_val1_label8.xgb": {"eta": 0.1, "max_depth": 9, "min_child_weight": 3, "best_iteration": 93, "best_ntree_limit": 94, "smooth_f2": 0.9489240737732547, "f2_0.1": 0.980405822497461, "f2_0.2": 0.9803960712289388, "greedy_threshold": 0.15, "greedy_f2": 0.9812953657174763}, "ensemble_val1_label9.xgb": {"eta": 0.1, "max_depth": 4, "min_child_weight": 2, "best_iteration": 14, "best_ntree_limit": 15, "smooth_f2": 0.3598868908019879, "f2_0.1": 0.4219701996742475, "f2_0.2": 0.6487182357550655, "greedy_threshold": 0.21, "greedy_f2": 0.6568115942028985}, "ensemble_val1_label10.xgb": {"eta": 0.1, "max_depth": 2, "min_child_weight": 1, "best_iteration": 19, "best_ntree_limit": 20, "smooth_f2": 0.5003114321070068, "f2_0.1": 0.7639956092206366, "f2_0.2": 0.8003359731221502, "greedy_threshold": 0.21, "greedy_f2": 0.8032273603082851}, "ensemble_val1_label11.xgb": {"eta": 0.1, "max_depth": 3, "min_child_weight": 1, "best_iteration": 9, "best_ntree_limit": 10, "smooth_f2": 0.14364273268325764, "f2_0.1": 0.10738366769333223, "f2_0.2": 0.5320600272851297, "greedy_threshold": 0.27, "greedy_f2": 0.6002514142049026}, "ensemble_val1_label12.xgb": {"eta": 0.1, "max_depth": 4, "min_child_weight": 3, "best_iteration": 10, "best_ntree_limit": 11, "smooth_f2": 0.05861572436458223, "f2_0.1": 0.02934637616718542, "f2_0.2": 0.4385964912280702, "greedy_threshold": 0.27, "greedy_f2": 0.5142857142857143}, "ensemble_val2_label0.xgb": {"eta": 0.1, "max_depth": 2, "min_child_weight": 4, "best_iteration": 17, "best_ntree_limit": 18, "smooth_f2": 0.028367606566632037, "f2_0.1": 0.46798029556650245, "f2_0.2": 0.4225352112676056, "greedy_threshold": 0.15, "greedy_f2": 0.5592105263157894}, "ensemble_val2_label1.xgb": {"eta": 0.1, "max_depth": 6, "min_child_weight": 4, "best_iteration": 34, "best_ntree_limit": 35, "smooth_f2": 0.47310562159246533, "f2_0.1": 0.6933575978161967, "f2_0.2": 0.7034654492633325, "greedy_threshold": 0.15, "greedy_f2": 0.7189157336476136}, "ensemble_val2_label2.xgb": {"eta": 0.1, "max_depth": 9, "min_child_weight": 5, "best_iteration": 34, "best_ntree_limit": 35, "smooth_f2": 0.9318849927083721, "f2_0.1": 0.9817099609759944, "f2_0.2": 0.982589276891761, "greedy_threshold": 0.21, "greedy_f2": 0.9828223526853663}, "ensemble_val2_label3.xgb": {"eta": 0.1, "max_depth": 5, "min_child_weight": 3, "best_iteration": 7, "best_ntree_limit": 8, "smooth_f2": 0.033607849508080045, "f2_0.1": 0.0219180533190195, "f2_0.2": 0.0219180533190195, "greedy_threshold": 0.24, "greedy_f2": 0.4452054794520548}, "ensemble_val2_label4.xgb": {"eta": 0.1, "max_depth": 3, "min_child_weight": 5, "best_iteration": 25, "best_ntree_limit": 26, "smooth_f2": 0.6095445403419479, "f2_0.1": 0.8235693282062881, "f2_0.2": 0.833851897946484, "greedy_threshold": 0.18, "greedy_f2": 0.8362980883259807}, "ensemble_val2_label5.xgb": {"eta": 0.1, "max_depth": 5, "min_child_weight": 2, "best_iteration": 23, "best_ntree_limit": 24, "smooth_f2": 0.512152077794142, "f2_0.1": 0.7458783903563198, "f2_0.2": 0.7675244010647737, "greedy_threshold": 0.21, "greedy_f2": 0.7701480671767863}, "ensemble_val2_label6.xgb": {"eta": 0.1, "max_depth": 3, "min_child_weight": 1, "best_iteration": 10, "best_ntree_limit": 11, "smooth_f2": 0.025219824823008236, "f2_0.1": 0.016621743036837378, "f2_0.2": 0.371900826446281, "greedy_threshold": 0.21, "greedy_f2": 0.3982300884955753}, "ensemble_val2_label7.xgb": {"eta": 0.1, "max_depth": 4, "min_child_weight": 5, "best_iteration": 18, "best_ntree_limit": 19, "smooth_f2": 0.18669037155247895, "f2_0.1": 0.4592821304515631, "f2_0.2": 0.5433417085427136, "greedy_threshold": 0.15, "greedy_f2": 0.5699774266365687}, "ensemble_val2_label8.xgb": {"eta": 0.1, "max_depth": 10, "min_child_weight": 4, "best_iteration": 34, "best_ntree_limit": 35, "smooth_f2": 0.9305628962403617, "f2_0.1": 0.9794039446009764, "f2_0.2": 0.9810655835622984, "greedy_threshold": 0.24, "greedy_f2": 0.9817033065593046}, "ensemble_val2_label9.xgb": {"eta": 0.1, "max_depth": 3, "min_child_weight": 1, "best_iteration": 20, "best_ntree_limit": 21, "smooth_f2": 0.3943605494414164, "f2_0.1": 0.5815796425112265, "f2_0.2": 0.6539725027375594, "greedy_threshold": 0.21, "greedy_f2": 0.6572101090188306}, "ensemble_val2_label10.xgb": {"eta": 0.1, "max_depth": 2, "min_child_weight": 1, "best_iteration": 12, "best_ntree_limit": 13, "smooth_f2": 0.43145331272381, "f2_0.1": 0.27350974534073125, "f2_0.2": 0.7938441098317095, "greedy_threshold": 0.28, "greedy_f2": 0.8120055839925547}, "ensemble_val2_label11.xgb": {"eta": 0.1, "max_depth": 3, "min_child_weight": 1, "best_iteration": 19, "best_ntree_limit": 20, "smooth_f2": 0.2023021423922433, "f2_0.1": 0.5178735105407882, "f2_0.2": 0.5403726708074534, "greedy_threshold": 0.15, "greedy_f2": 0.5774569683509161}, "ensemble_val2_label12.xgb": {"eta": 0.1, "max_depth": 4, "min_child_weight": 5, "best_iteration": 6, "best_ntree_limit": 7, "smooth_f2": 0.05732658580138838, "f2_0.1": 0.03496194016640113, "f2_0.2": 0.03496194016640113, "greedy_threshold": 0.31, "greedy_f2": 0.6753554502369669}, "ensemble_val3_label0.xgb": {"eta": 0.1, "max_depth": 4, "min_child_weight": 4, "best_iteration": 35, "best_ntree_limit": 36, "smooth_f2": 0.09121767560964192, "f2_0.1": 0.35999999999999993, "f2_0.2": 0.41284403669724773, "greedy_threshold": 0.3, "greedy_f2": 0.4591836734693877}, "ensemble_val3_label1.xgb": {"eta": 0.1, "max_depth": 4, "min_child_weight": 5, "best_iteration": 12, "best_ntree_limit": 13, "smooth_f2": 0.36255079446363, "f2_0.1": 0.2955288227522425, "f2_0.2": 0.7003665830600039, "greedy_threshold": 0.24, "greedy_f2": 0.7155963302752294}, "ensemble_val3_label2.xgb": {"eta": 0.1, "max_depth": 3, "min_child_weight": 1, "best_iteration": 7, "best_ntree_limit": 8, "smooth_f2": 0.7771476302243463,