{"ensemble_val1_label0.xgb": {"eta": 0.1, "max_depth": 7, "min_child_weight": 5, "best_iteration": 33, "best_ntree_limit": 34, "smooth_f2": 0.06321741931460934, "f2_0.1": 0.5825242718446602, "f2_0.2": 0.5056179775280899, "greedy_threshold": 0.09, "greedy_f2": 0.6944444444444444}, "ensemble_val1_label1.xgb": {"eta": 0.1, "max_depth": 6, "min_child_weight": 5, "best_iteration": 10, "best_ntree_limit": 11, "smooth_f2": 0.36107814081312517, "f2_0.1": 0.30732779342078154, "f2_0.2": 0.6652466000327708, "greedy_threshold": 0.28, "greedy_f2": 0.7238152130625249}, "ensemble_val1_label2.xgb": {"eta": 0.1, "max_depth": 8, "min_child_weight": 4, "best_iteration": 38, "best_ntree_limit": 39, "smooth_f2": 0.9385796756141774, "f2_0.1": 0.981696842853476, "f2_0.2": 0.9824023727137915, "greedy_threshold": 0.2, "greedy_f2": 0.9824023727137915}, "ensemble_val1_label3.xgb": {"eta": 0.1, "max_depth": 3, "min_child_weight": 5, "best_iteration": 24, "best_ntree_limit": 25, "smooth_f2": 0.08643621653118125, "f2_0.1": 0.3776978417266187, "f2_0.2": 0.34090909090909094, "greedy_threshold": 0.06, "greedy_f2": 0.4166666666666667}, "ensemble_val1_label4.xgb": {"eta": 0.1, "max_depth": 6, "min_child_weight": 3, "best_iteration": 30, "best_ntree_limit": 31, "smooth_f2": 0.6226513865139658, "f2_0.1": 0.8241733387614782, "f2_0.2": 0.8308767592240394, "greedy_threshold": 0.18, "greedy_f2": 0.8335692714231785}, "ensemble_val1_label5.xgb": {"eta": 0.1, "max_depth": 2, "min_child_weight": 1, "best_iteration": 14, "best_ntree_limit": 15, "smooth_f2": 0.46828888353842996, "f2_0.1": 0.486964255934182, "f2_0.2": 0.772439585730725, "greedy_threshold": 0.21, "greedy_f2": 0.7761382390059217}, "ensemble_val1_label6.xgb": {"eta": 0.1, "max_depth": 6, "min_child_weight": 4, "best_iteration": 19, "best_ntree_limit": 20, "smooth_f2": 0.04610568336866777, "f2_0.1": 0.4074074074074075, "f2_0.2": 0.41884816753926696, "greedy_threshold": 0.15, "greedy_f2": 0.5069124423963134}, "ensemble_val1_label7.xgb": {"eta": 0.1, "max_depth": 5, "min_child_weight": 5, "best_iteration": 14, "best_ntree_limit": 15, "smooth_f2": 0.16076740043219173, "f2_0.1": 0.10738366769333223, "f2_0.2": 0.49821002386634855, "greedy_threshold": 0.24, "greedy_f2": 0.5254350736278447}, "ensemble_val1_label8.xgb": {"eta": 0.1, "max_depth": 4, "min_child_weight": 3, "best_iteration": 71, "best_ntree_limit": 72, "smooth_f2": 0.9391254437999791, "f2_0.1": 0.980163940949425, "f2_0.2": 0.9808807990589925, "greedy_threshold": 0.21, "greedy_f2": 0.9809943561414356}, "ensemble_val1_label9.xgb": {"eta": 0.1, "max_depth": 6, "min_child_weight": 3, "best_iteration": 14, "best_ntree_limit": 15, "smooth_f2": 0.35887557253993707, "f2_0.1": 0.4219701996742475, "f2_0.2": 0.6470197208065589, "greedy_threshold": 0.22, "greedy_f2": 0.6567303213786678}, "ensemble_val1_label10.xgb": {"eta": 0.1, "max_depth": 2, "min_child_weight": 1, "best_iteration": 25, "best_ntree_limit": 26, "smooth_f2": 0.5207808411531453, "f2_0.1": 0.7761732851985561, "f2_0.2": 0.8015545299975712, "greedy_threshold": 0.21, "greedy_f2": 0.804050756466569}, "ensemble_val1_label11.xgb": {"eta": 0.1, "max_depth": 2, "min_child_weight": 1, "best_iteration": 18, "best_ntree_limit": 19, "smooth_f2": 0.18801782843402304, "f2_0.1": 0.5209222886421861, "f2_0.2": 0.5786736020806241, "greedy_threshold": 0.18, "greedy_f2": 0.5956017104459378}, "ensemble_val1_label12.xgb": {"eta": 0.1, "max_depth": 2, "min_child_weight": 1, "best_iteration": 33, "best_ntree_limit": 34, "smooth_f2": 0.16264684887051403, "f2_0.1": 0.4790419161676646, "f2_0.2": 0.4180602006688963, "greedy_threshold": 0.06, "greedy_f2": 0.5569948186528497}, "ensemble_val2_label0.xgb": {"eta": 0.1, "max_depth": 3, "min_child_weight": 4, "best_iteration": 19, "best_ntree_limit": 20, "smooth_f2": 0.03284159132324682, "f2_0.1": 0.4521276595744681, "f2_0.2": 0.3571428571428572, "greedy_threshold": 0.15, "greedy_f2": 0.5228758169934641}, "ensemble_val2_label1.xgb": {"eta": 0.1, "max_depth": 6, "min_child_weight": 4, "best_iteration": 19, "best_ntree_limit": 20, "smooth_f2": 0.432975899122737, "f2_0.1": 0.615091463414634, "f2_0.2": 0.7027463651050081, "greedy_threshold": 0.18, "greedy_f2": 0.7095321980818164}, "ensemble_val2_label2.xgb": {"eta": 0.1, "max_depth": 7, "min_child_weight": 4, "best_iteration": 22, "best_ntree_limit": 23, "smooth_f2": 0.9094994711804766, "f2_0.1": 0.9813093315476427, "f2_0.2": 0.982472780445393, "greedy_threshold": 0.24, "greedy_f2": 0.9829727484871257}, "ensemble_val2_label3.xgb": {"eta": 0.1, "max_depth": 10, "min_child_weight": 3, "best_iteration": 34, "best_ntree_limit": 35, "smooth_f2": 0.17166535346294548, "f2_0.1": 0.3861003861003861, "f2_0.2": 0.3586497890295359, "greedy_threshold": 0.07, "greedy_f2": 0.44964028776978415}, "ensemble_val2_label4.xgb": {"eta": 0.1, "max_depth": 5, "min_child_weight": 2, "best_iteration": 15, "best_ntree_limit": 16, "smooth_f2": 0.5946304265439959, "f2_0.1": 0.7215720994687813, "f2_0.2": 0.8343503567405183, "greedy_threshold": 0.21, "greedy_f2": 0.8367549200056634}, "ensemble_val2_label5.xgb": {"eta": 0.1, "max_depth": 10, "min_child_weight": 4, "best_iteration": 40, "best_ntree_limit": 41, "smooth_f2": 0.5271140010312607, "f2_0.1": 0.7594405594405593, "f2_0.2": 0.7579150972208083, "greedy_threshold": 0.15, "greedy_f2": 0.767869432700816}, "ensemble_val2_label6.xgb": {"eta": 0.1, "max_depth": 5, "min_child_weight": 4, "best_iteration": 17, "best_ntree_limit": 18, "smooth_f2": 0.03877609994672541, "f2_0.1": 0.30769230769230765, "f2_0.2": 0.32828282828282834, "greedy_threshold": 0.15, "greedy_f2": 0.4460093896713615}, "ensemble_val2_label7.xgb": {"eta": 0.1, "max_depth": 2, "min_child_weight": 1, "best_iteration": 33, "best_ntree_limit": 34, "smooth_f2": 0.22156782034938083, "f2_0.1": 0.5626081938834392, "f2_0.2": 0.48517520215633425, "greedy_threshold": 0.09, "greedy_f2": 0.5726256983240223}, "ensemble_val2_label8.xgb": {"eta": 0.1, "max_depth": 4, "min_child_weight": 3, "best_iteration": 32, "best_ntree_limit": 33, "smooth_f2": 0.9301057413889532, "f2_0.1": 0.980491487375092, "f2_0.2": 0.9810347231906289, "greedy_threshold": 0.18, "greedy_f2": 0.9814814814814813}, "ensemble_val2_label9.xgb": {"eta": 0.1, "max_depth": 2, "min_child_weight": 1, "best_iteration": 23, "best_ntree_limit": 24, "smooth_f2": 0.37790151494682755, "f2_0.1": 0.622251099560176, "f2_0.2": 0.6503409795412275, "greedy_threshold": 0.18, "greedy_f2": 0.6556291390728477}, "ensemble_val2_label10.xgb": {"eta": 0.1, "max_depth": 5, "min_child_weight": 2, "best_iteration": 13, "best_ntree_limit": 14, "smooth_f2": 0.4497085708463045, "f2_0.1": 0.27350974534073125, "f2_0.2": 0.797788309636651, "greedy_threshold": 0.23, "greedy_f2": 0.8082096474953617}, "ensemble_val2_label11.xgb": {"eta": 0.1, "max_depth": 2, "min_child_weight": 1, "best_iteration": 6, "best_ntree_limit": 7, "smooth_f2": 0.12386316183981701, "f2_0.1": 0.10508757297748124, "f2_0.2": 0.10508757297748124, "greedy_threshold": 0.3, "greedy_f2": 0.565597667638484}, "ensemble_val2_label12.xgb": {"eta": 0.1, "max_depth": 2, "min_child_weight": 1, "best_iteration": 29, "best_ntree_limit": 30, "smooth_f2": 0.23404648097896766, "f2_0.1": 0.6737588652482269, "f2_0.2": 0.5912596401028277, "greedy_threshold": 0.09, "greedy_f2": 0.677570093457944}, "ensemble_val3_label0.xgb": {"eta": 0.1, "max_depth": 2, "min_child_weight": 1, "best_iteration": 18, "best_ntree_limit": 19, "smooth_f2": 0.022904968772483686, "f2_0.1": 0.274390243902439, "f2_0.2": 0.39473684210526316, "greedy_threshold": 0.3, "greedy_f2": 0.47872340425531906}, "ensemble_val3_label1.xgb": {"eta": 0.1, "max_depth": 7, "min_child_weight": 4, "best_iteration": 40, "best_ntree_limit": 41, "smooth_f2": 0.4418702733036332, "f2_0.1": 0.6868592730661697, "f2_0.2": 0.7047049112670244, "greedy_threshold": 0.18, "greedy_f2": 0.7076142131979695}, "ensemble_val3_label2.xgb": {"eta": 0.1, "max_depth": 5, "min_child_weight": 4, "best_iteration": 19, "best_ntree_limit": 20, "smooth_f2": 0.8900880820199486,