{"ensemble_val1_label0.xgb": {"eta": 0.2, "max_depth": 2, "min_child_weight": 4, "best_iteration": 8, "best_ntree_limit": 9, "smooth_f2": 0.02621036920228404, "f2_0.1": 0.40983606557377056, "f2_0.2": 0.5670103092783505, "greedy_threshold": 0.19, "greedy_f2": 0.6435643564356437}, "ensemble_val1_label1.xgb": {"eta": 0.1, "max_depth": 5, "min_child_weight": 3, "best_iteration": 19, "best_ntree_limit": 20, "smooth_f2": 0.42633682652392035, "f2_0.1": 0.6517263224580297, "f2_0.2": 0.7216898102875025, "greedy_threshold": 0.21, "greedy_f2": 0.7254552652414885}, "ensemble_val1_label2.xgb": {"eta": 0.15, "max_depth": 8, "min_child_weight": 1, "best_iteration": 18, "best_ntree_limit": 19, "smooth_f2": 0.9272981179538592, "f2_0.1": 0.9817216399202541, "f2_0.2": 0.9824023727137915, "greedy_threshold": 0.19, "greedy_f2": 0.9825629670633823}, "ensemble_val1_label3.xgb": {"eta": 0.2, "max_depth": 10, "min_child_weight": 5, "best_iteration": 17, "best_ntree_limit": 18, "smooth_f2": 0.11972892472998486, "f2_0.1": 0.3745318352059926, "f2_0.2": 0.29411764705882354, "greedy_threshold": 0.06, "greedy_f2": 0.4166666666666667}, "ensemble_val1_label4.xgb": {"eta": 0.1, "max_depth": 4, "min_child_weight": 3, "best_iteration": 8, "best_ntree_limit": 9, "smooth_f2": 0.5561855332398407, "f2_0.1": 0.7242713240644988, "f2_0.2": 0.7242713240644988, "greedy_threshold": 0.3, "greedy_f2": 0.8327429030277265}, "ensemble_val1_label5.xgb": {"eta": 0.1, "max_depth": 3, "min_child_weight": 2, "best_iteration": 57, "best_ntree_limit": 58, "smooth_f2": 0.5130830298459134, "f2_0.1": 0.7644686239564767, "f2_0.2": 0.7638605788830004, "greedy_threshold": 0.15, "greedy_f2": 0.7799703996053281}, "ensemble_val1_label6.xgb": {"eta": 0.2, "max_depth": 4, "min_child_weight": 5, "best_iteration": 4, "best_ntree_limit": 5, "smooth_f2": 0.025316494169054356, "f2_0.1": 0.015291895295493388, "f2_0.2": 0.46, "greedy_threshold": 0.24, "greedy_f2": 0.5072463768115942}, "ensemble_val1_label7.xgb": {"eta": 0.2, "max_depth": 5, "min_child_weight": 1, "best_iteration": 21, "best_ntree_limit": 22, "smooth_f2": 0.25146499253744814, "f2_0.1": 0.5177111716621253, "f2_0.2": 0.5047425474254742, "greedy_threshold": 0.12, "greedy_f2": 0.529513888888889}, "ensemble_val1_label8.xgb": {"eta": 0.2, "max_depth": 6, "min_child_weight": 5, "best_iteration": 40, "best_ntree_limit": 41, "smooth_f2": 0.9415707896666725, "f2_0.1": 0.9802204799617938, "f2_0.2": 0.9807304861263489, "greedy_threshold": 0.24, "greedy_f2": 0.9814297124600638}, "ensemble_val1_label9.xgb": {"eta": 0.2, "max_depth": 4, "min_child_weight": 1, "best_iteration": 8, "best_ntree_limit": 9, "smooth_f2": 0.36302141111252484, "f2_0.1": 0.5705236486486487, "f2_0.2": 0.6474428726877041, "greedy_threshold": 0.18, "greedy_f2": 0.6586345381526105}, "ensemble_val1_label10.xgb": {"eta": 0.1, "max_depth": 2, "min_child_weight": 1, "best_iteration": 19, "best_ntree_limit": 20, "smooth_f2": 0.5003114321070068, "f2_0.1": 0.7639956092206366, "f2_0.2": 0.8003359731221502, "greedy_threshold": 0.21, "greedy_f2": 0.8032273603082851}, "ensemble_val1_label11.xgb": {"eta": 0.05, "max_depth": 3, "min_child_weight": 1, "best_iteration": 5, "best_ntree_limit": 6, "smooth_f2": 0.10970333712440773, "f2_0.1": 0.10738366769333223, "f2_0.2": 0.10738366769333223, "greedy_threshold": 0.4, "greedy_f2": 0.6037059175134488}, "ensemble_val1_label12.xgb": {"eta": 0.2, "max_depth": 10, "min_child_weight": 5, "best_iteration": 8, "best_ntree_limit": 9, "smooth_f2": 0.08586844696553772, "f2_0.1": 0.42241379310344823, "f2_0.2": 0.5014326647564469, "greedy_threshold": 0.16, "greedy_f2": 0.530503978779841}, "ensemble_val2_label0.xgb": {"eta": 0.1, "max_depth": 2, "min_child_weight": 4, "best_iteration": 17, "best_ntree_limit": 18, "smooth_f2": 0.028367606566632037, "f2_0.1": 0.46798029556650245, "f2_0.2": 0.4225352112676056, "greedy_threshold": 0.15, "greedy_f2": 0.5592105263157894}, "ensemble_val2_label1.xgb": {"eta": 0.15, "max_depth": 4, "min_child_weight": 3, "best_iteration": 24, "best_ntree_limit": 25, "smooth_f2": 0.48053922424045187, "f2_0.1": 0.6940920623414281, "f2_0.2": 0.7054709995886468, "greedy_threshold": 0.18, "greedy_f2": 0.7196129812537795}, "ensemble_val2_label2.xgb": {"eta": 0.2, "max_depth": 10, "min_child_weight": 3, "best_iteration": 50, "best_ntree_limit": 51, "smooth_f2": 0.9506014633723929, "f2_0.1": 0.9826840681580351, "f2_0.2": 0.9818778934040281, "greedy_threshold": 0.12, "greedy_f2": 0.983128864655564}, "ensemble_val2_label3.xgb": {"eta": 0.2, "max_depth": 9, "min_child_weight": 4, "best_iteration": 17, "best_ntree_limit": 18, "smooth_f2": 0.154506805177742, "f2_0.1": 0.4545454545454546, "f2_0.2": 0.3861788617886179, "greedy_threshold": 0.11, "greedy_f2": 0.46125461254612543}, "ensemble_val2_label4.xgb": {"eta": 0.15, "max_depth": 5, "min_child_weight": 3, "best_iteration": 11, "best_ntree_limit": 12, "smooth_f2": 0.5911148223788029, "f2_0.1": 0.7748002663115846, "f2_0.2": 0.8339262843318629, "greedy_threshold": 0.18, "greedy_f2": 0.8365777006426192}, "ensemble_val2_label5.xgb": {"eta": 0.1, "max_depth": 5, "min_child_weight": 2, "best_iteration": 23, "best_ntree_limit": 24, "smooth_f2": 0.512152077794142, "f2_0.1": 0.7458783903563198, "f2_0.2": 0.7675244010647737, "greedy_threshold": 0.21, "greedy_f2": 0.7701480671767863}, "ensemble_val2_label6.xgb": {"eta": 0.15, "max_depth": 5, "min_child_weight": 4, "best_iteration": 12, "best_ntree_limit": 13, "smooth_f2": 0.04297202144978743, "f2_0.1": 0.31147540983606553, "f2_0.2": 0.2894736842105263, "greedy_threshold": 0.15, "greedy_f2": 0.41666666666666663}, "ensemble_val2_label7.xgb": {"eta": 0.15, "max_depth": 2, "min_child_weight": 1, "best_iteration": 15, "best_ntree_limit": 16, "smooth_f2": 0.19363555860497345, "f2_0.1": 0.5498193082085701, "f2_0.2": 0.5052840158520476, "greedy_threshold": 0.15, "greedy_f2": 0.5746089049338147}, "ensemble_val2_label8.xgb": {"eta": 0.2, "max_depth": 6, "min_child_weight": 1, "best_iteration": 12, "best_ntree_limit": 13, "smooth_f2": 0.9179056538113394, "f2_0.1": 0.9795051881832431, "f2_0.2": 0.9815297653404454, "greedy_threshold": 0.24, "greedy_f2": 0.9818511435174118}, "ensemble_val2_label9.xgb": {"eta": 0.15, "max_depth": 6, "min_child_weight": 3, "best_iteration": 13, "best_ntree_limit": 14, "smooth_f2": 0.4038723671397701, "f2_0.1": 0.5842596709648732, "f2_0.2": 0.6515513126491647, "greedy_threshold": 0.24, "greedy_f2": 0.6582615306639634}, "ensemble_val2_label10.xgb": {"eta": 0.05, "max_depth": 2, "min_child_weight": 1, "best_iteration": 13, "best_ntree_limit": 14, "smooth_f2": 0.3414314986711747, "f2_0.1": 0.27350974534073125, "f2_0.2": 0.27350974534073125, "greedy_threshold": 0.35, "greedy_f2": 0.8129227898297177}, "ensemble_val2_label11.xgb": {"eta": 0.15, "max_depth": 7, "min_child_weight": 1, "best_iteration": 25, "best_ntree_limit": 26, "smooth_f2": 0.2514536493371529, "f2_0.1": 0.5575221238938052, "f2_0.2": 0.48150732728541523, "greedy_threshold": 0.08, "greedy_f2": 0.5807522123893806}, "ensemble_val2_label12.xgb": {"eta": 0.15, "max_depth": 4, "min_child_weight": 5, "best_iteration": 5, "best_ntree_limit": 6, "smooth_f2": 0.06500279205617628, "f2_0.1": 0.03496194016640113, "f2_0.2": 0.3977900552486188, "greedy_threshold": 0.24, "greedy_f2": 0.6852248394004282}, "ensemble_val3_label0.xgb": {"eta": 0.2, "max_depth": 3, "min_child_weight": 4, "best_iteration": 19, "best_ntree_limit": 20, "smooth_f2": 0.11555833083195172, "f2_0.1": 0.33834586466165417, "f2_0.2": 0.40909090909090906, "greedy_threshold": 0.36, "greedy_f2": 0.46874999999999994}, "ensemble_val3_label1.xgb": {"eta": 0.2, "max_depth": 6, "min_child_weight": 4, "best_iteration": 8, "best_ntree_limit": 9, "smooth_f2": 0.40087326126217726, "f2_0.1": 0.5848640705363704, "f2_0.2": 0.7138529886914379, "greedy_threshold": 0.21, "greedy_f2": 0.7174887892376681}, "ensemble_val3_label2.xgb": {"eta": 0.05, "max_depth": 4, "min_child_weight": 4, "best_iteration": 25, "best_ntree_limit": 26, "smooth_f2": 0.8417851981359799,