{"ensemble_val1_label0.xgb": {"eta": 0.2, "max_depth": 2, "min_child_weight": 2, "best_iteration": 20, "best_ntree_limit": 21, "smooth_f2": 0.08901926866473803, "f2_0.1": 0.5508474576271186, "f2_0.2": 0.4022988505747126, "greedy_threshold": 0.15, "greedy_f2": 0.6250000000000001}, "ensemble_val1_label1.xgb": {"eta": 0.2, "max_depth": 3, "min_child_weight": 1, "best_iteration": 9, "best_ntree_limit": 10, "smooth_f2": 0.39370475233654234, "f2_0.1": 0.6657811721733355, "f2_0.2": 0.7047252078685866, "greedy_threshold": 0.21, "greedy_f2": 0.7063882063882062}, "ensemble_val1_label2.xgb": {"eta": 0.2, "max_depth": 8, "min_child_weight": 4, "best_iteration": 9, "best_ntree_limit": 10, "smooth_f2": 0.8947045799874991, "f2_0.1": 0.9798767401106583, "f2_0.2": 0.9819312796208532, "greedy_threshold": 0.26, "greedy_f2": 0.9825452676524075}, "ensemble_val1_label3.xgb": {"eta": 0.2, "max_depth": 3, "min_child_weight": 1, "best_iteration": 25, "best_ntree_limit": 26, "smooth_f2": 0.1313159919786907, "f2_0.1": 0.30303030303030304, "f2_0.2": 0.2620967741935484, "greedy_threshold": 0.06, "greedy_f2": 0.4225352112676056}, "ensemble_val1_label4.xgb": {"eta": 0.2, "max_depth": 6, "min_child_weight": 5, "best_iteration": 11, "best_ntree_limit": 12, "smooth_f2": 0.6086032889465486, "f2_0.1": 0.8135563145987668, "f2_0.2": 0.8296891898246109, "greedy_threshold": 0.18, "greedy_f2": 0.8312666697861588}, "ensemble_val1_label5.xgb": {"eta": 0.2, "max_depth": 6, "min_child_weight": 4, "best_iteration": 8, "best_ntree_limit": 9, "smooth_f2": 0.49656067798908177, "f2_0.1": 0.7048237940514872, "f2_0.2": 0.766865176217905, "greedy_threshold": 0.21, "greedy_f2": 0.7694951875859359}, "ensemble_val1_label6.xgb": {"eta": 0.2, "max_depth": 7, "min_child_weight": 5, "best_iteration": 10, "best_ntree_limit": 11, "smooth_f2": 0.036865511125080505, "f2_0.1": 0.4102564102564103, "f2_0.2": 0.16233766233766234, "greedy_threshold": 0.12, "greedy_f2": 0.44198895027624313}, "ensemble_val1_label7.xgb": {"eta": 0.2, "max_depth": 4, "min_child_weight": 1, "best_iteration": 13, "best_ntree_limit": 14, "smooth_f2": 0.2297344655135482, "f2_0.1": 0.49476135040745056, "f2_0.2": 0.47265361242403775, "greedy_threshold": 0.15, "greedy_f2": 0.5214917825537295}}