{"ensemble_val1_label0.xgb": {"eta": 0.2, "max_depth": 2, "min_child_weight": 2, "best_iteration": 20, "best_ntree_limit": 21, "smooth_f2": 0.08901926866473803, "f2_0.1": 0.5508474576271186, "f2_0.2": 0.4022988505747126, "greedy_threshold": 0.15, "greedy_f2": 0.6250000000000001}, "ensemble_val1_label1.xgb": {"eta": 0.2, "max_depth": 3, "min_child_weight": 1, "best_iteration": 9, "best_ntree_limit": 10, "smooth_f2": 0.39370475233654234, "f2_0.1": 0.6657811721733355, "f2_0.2": 0.7047252078685866, "greedy_threshold": 0.21, "greedy_f2": 0.7063882063882062}, "ensemble_val1_label2.xgb": {"eta": 0.2, "max_depth": 8, "min_child_weight": 4, "best_iteration": 9, "best_ntree_limit": 10, "smooth_f2": 0.8947045799874991, "f2_0.1": 0.9798767401106583, "f2_0.2": 0.9819312796208532, "greedy_threshold": 0.26, "greedy_f2": 0.9825452676524075}, "ensemble_val1_label3.xgb": {"eta": 0.2, "max_depth": 3, "min_child_weight": 1, "best_iteration": 25, "best_ntree_limit": 26, "smooth_f2": 0.1313159919786907, "f2_0.1": 0.30303030303030304, "f2_0.2": 0.2620967741935484, "greedy_threshold": 0.06, "greedy_f2": 0.4225352112676056}, "ensemble_val1_label4.xgb": {"eta": 0.2, "max_depth": 6, "min_child_weight": 5, "best_iteration": 11, "best_ntree_limit": 12, "smooth_f2": 0.6086032889465486, "f2_0.1": 0.8135563145987668, "f2_0.2": 0.8296891898246109, "greedy_threshold": 0.18, "greedy_f2": 0.8312666697861588}, "ensemble_val1_label5.xgb": {"eta": 0.2, "max_depth": 6, "min_child_weight": 4, "best_iteration": 8, "best_ntree_limit": 9, "smooth_f2": 0.49656067798908177, "f2_0.1": 0.7048237940514872, "f2_0.2": 0.766865176217905, "greedy_threshold": 0.21, "greedy_f2": 0.7694951875859359}, "ensemble_val1_label6.xgb": {"eta": 0.2, "max_depth": 7, "min_child_weight": 5, "best_iteration": 10, "best_ntree_limit": 11, "smooth_f2": 0.036865511125080505, "f2_0.1": 0.4102564102564103, "f2_0.2": 0.16233766233766234, "greedy_threshold": 0.12, "greedy_f2": 0.44198895027624313}, "ensemble_val1_label7.xgb": {"eta": 0.2, "max_depth": 4, "min_child_weight": 1, "best_iteration": 13, "best_ntree_limit": 14, "smooth_f2": 0.2297344655135482, "f2_0.1": 0.49476135040745056, "f2_0.2": 0.47265361242403775, "greedy_threshold": 0.15, "greedy_f2": 0.5214917825537295}, "ensemble_val1_label8.xgb": {"eta": 0.2, "max_depth": 8, "min_child_weight": 5, "best_iteration": 52, "best_ntree_limit": 53, "smooth_f2": 0.9461219044477928, "f2_0.1": 0.9801150500607098, "f2_0.2": 0.9807128467997686, "greedy_threshold": 0.25, "greedy_f2": 0.9811124865231802}, "ensemble_val1_label9.xgb": {"eta": 0.2, "max_depth": 4, "min_child_weight": 2, "best_iteration": 12, "best_ntree_limit": 13, "smooth_f2": 0.36002164538451, "f2_0.1": 0.6271450858034321, "f2_0.2": 0.6145538698894317, "greedy_threshold": 0.15, "greedy_f2": 0.64873417721519}, "ensemble_val1_label10.xgb": {"eta": 0.2, "max_depth": 8, "min_child_weight": 1, "best_iteration": 10, "best_ntree_limit": 11, "smooth_f2": 0.5409623256338061, "f2_0.1": 0.7684402831696734, "f2_0.2": 0.7913492258540181, "greedy_threshold": 0.16, "greedy_f2": 0.7957848837209303}, "ensemble_val1_label11.xgb": {"eta": 0.2, "max_depth": 3, "min_child_weight": 2, "best_iteration": 9, "best_ntree_limit": 10, "smooth_f2": 0.19361619438088695, "f2_0.1": 0.553580497714576, "f2_0.2": 0.5615482233502538, "greedy_threshold": 0.12, "greedy_f2": 0.58244231851435}, "ensemble_val1_label12.xgb": {"eta": 0.2, "max_depth": 2, "min_child_weight": 1, "best_iteration": 3, "best_ntree_limit": 4, "smooth_f2": 0.04262852101890198, "f2_0.1": 0.02934637616718542, "f2_0.2": 0.02934637616718542, "greedy_threshold": 0.29, "greedy_f2": 0.49222797927461154}, "ensemble_val2_label0.xgb": {"eta": 0.2, "max_depth": 3, "min_child_weight": 1, "best_iteration": 9, "best_ntree_limit": 10, "smooth_f2": 0.027793964317128442, "f2_0.1": 0.4945054945054944, "f2_0.2": 0.39007092198581556, "greedy_threshold": 0.12, "greedy_f2": 0.5357142857142857}, "ensemble_val2_label1.xgb": {"eta": 0.2, "max_depth": 6, "min_child_weight": 3, "best_iteration": 17, "best_ntree_limit": 18, "smooth_f2": 0.4637852887090729, "f2_0.1": 0.6619816068020128, "f2_0.2": 0.7013118062563067, "greedy_threshold": 0.21, "greedy_f2": 0.7025213501423343}, "ensemble_val2_label2.xgb": {"eta": 0.2, "max_depth": 2, "min_child_weight": 1, "best_iteration": 41, "best_ntree_limit": 42, "smooth_f2": 0.9440603921066785, "f2_0.1": 0.9818963477163365, "f2_0.2": 0.9816994757147098, "greedy_threshold": 0.15, "greedy_f2": 0.9824533670565917}, "ensemble_val2_label3.xgb": {"eta": 0.2, "max_depth": 10, "min_child_weight": 2, "best_iteration": 13, "best_ntree_limit": 14, "smooth_f2": 0.09650621139342902, "f2_0.1": 0.4208754208754209, "f2_0.2": 0.4664179104477612, "greedy_threshold": 0.21, "greedy_f2": 0.47528517110266155}, "ensemble_val2_label4.xgb": {"eta": 0.2, "max_depth": 7, "min_child_weight": 4, "best_iteration": 12, "best_ntree_limit": 13, "smooth_f2": 0.6118613913015779, "f2_0.1": 0.82266368979815, "f2_0.2": 0.8270120700348266, "greedy_threshold": 0.15, "greedy_f2": 0.8320453374549202}, "ensemble_val2_label5.xgb": {"eta": 0.2, "max_depth": 4, "min_child_weight": 2, "best_iteration": 23, "best_ntree_limit": 24, "smooth_f2": 0.5263230181198187, "f2_0.1": 0.7501830831197364, "f2_0.2": 0.7580978635423844, "greedy_threshold": 0.15, "greedy_f2": 0.7620603497981934}, "ensemble_val2_label6.xgb": {"eta": 0.2, "max_depth": 4, "min_child_weight": 1, "best_iteration": 12, "best_ntree_limit": 13, "smooth_f2": 0.047825668014087816, "f2_0.1": 0.24324324324324326, "f2_0.2": 0.24242424242424246, "greedy_threshold": 0.06, "greedy_f2": 0.3431372549019608}, "ensemble_val2_label7.xgb": {"eta": 0.2, "max_depth": 6, "min_child_weight": 5, "best_iteration": 23, "best_ntree_limit": 24, "smooth_f2": 0.22397352486590902, "f2_0.1": 0.5379188712522045, "f2_0.2": 0.47188755020080325, "greedy_threshold": 0.09, "greedy_f2": 0.5460750853242321}, "ensemble_val2_label8.xgb": {"eta": 0.2, "max_depth": 3, "min_child_weight": 1, "best_iteration": 1, "best_ntree_limit": 2, "smooth_f2": 0.6901773211026838, "f2_0.1": 0.9781575507940907, "f2_0.2": 0.9781575507940907, "greedy_threshold": 0.39, "greedy_f2": 0.9813391221222018}, "ensemble_val2_label9.xgb": {"eta": 0.2, "max_depth": 5, "min_child_weight": 3, "best_iteration": 13, "best_ntree_limit": 14, "smooth_f2": 0.35605638303832077, "f2_0.1": 0.6291284892392925, "f2_0.2": 0.6163126147390507, "greedy_threshold": 0.15, "greedy_f2": 0.6470160997457934}, "ensemble_val2_label10.xgb": {"eta": 0.2, "max_depth": 2, "min_child_weight": 1, "best_iteration": 3, "best_ntree_limit": 4, "smooth_f2": 0.3592093913615238, "f2_0.1": 0.27350974534073125, "f2_0.2": 0.27350974534073125, "greedy_threshold": 0.33, "greedy_f2": 0.8112232918525475}, "ensemble_val2_label11.xgb": {"eta": 0.2, "max_depth": 7, "min_child_weight": 3, "best_iteration": 24, "best_ntree_limit": 25, "smooth_f2": 0.30205213172976053, "f2_0.1": 0.5429221148379761, "f2_0.2": 0.5150501672240804, "greedy_threshold": 0.15, "greedy_f2": 0.559724828017511}, "ensemble_val2_label12.xgb": {"eta": 0.2, "max_depth": 4, "min_child_weight": 1, "best_iteration": 7, "best_ntree_limit": 8, "smooth_f2": 0.10842755110002991, "f2_0.1": 0.4149933065595715, "f2_0.2": 0.5860349127182044, "greedy_threshold": 0.18, "greedy_f2": 0.6425233644859814}, "ensemble_val3_label0.xgb": {"eta": 0.2, "max_depth": 6, "min_child_weight": 3, "best_iteration": 7, "best_ntree_limit": 8, "smooth_f2": 0.020449343375904448, "f2_0.1": 0.2727272727272727, "f2_0.2": 0.3543307086614173, "greedy_threshold": 0.35, "greedy_f2": 0.44117647058823534}, "ensemble_val3_label1.xgb": {"eta": 0.2, "max_depth": 4, "min_child_weight": 5, "best_iteration": 24, "best_ntree_limit": 25, "smooth_f2": 0.4530549529468438, "f2_0.1": 0.6790010936930369, "f2_0.2": 0.6954925555782174, "greedy_threshold": 0.18, "greedy_f2": 0.7010847730012053}, "ensemble_val3_label2.xgb": {"eta": 0.2, "max_depth": 3, "min_child_weight": 1, "best_iteration": 9, "best_ntree_limit": 10, "smooth_f2": 0.8876805119396566,