{"ensemble_val1_label0.xgb": {"eta": 0.1, "max_depth": 5, "min_child_weight": 5, "best_iteration": 24, "best_ntree_limit": 25, "smooth_f2": 0.05182529218903031, "f2_0.1": 0.5147058823529412, "f2_0.2": 0.49504950495049505, "greedy_threshold": 0.15, "greedy_f2": 0.6086956521739131}, "ensemble_val1_label1.xgb": {"eta": 0.1, "max_depth": 4, "min_child_weight": 4, "best_iteration": 19, "best_ntree_limit": 20, "smooth_f2": 0.4203836763506446, "f2_0.1": 0.6491063029162747, "f2_0.2": 0.722690723671308, "greedy_threshold": 0.21, "greedy_f2": 0.7253423298273467}, "ensemble_val1_label2.xgb": {"eta": 0.1, "max_depth": 6, "min_child_weight": 3, "best_iteration": 24, "best_ntree_limit": 25, "smooth_f2": 0.9179505343531039, "f2_0.1": 0.9813185512506905, "f2_0.2": 0.9820369931230734, "greedy_threshold": 0.24, "greedy_f2": 0.9825206627911575}, "ensemble_val1_label3.xgb": {"eta": 0.1, "max_depth": 6, "min_child_weight": 4, "best_iteration": 46, "best_ntree_limit": 47, "smooth_f2": 0.1579140845676098, "f2_0.1": 0.3690036900369004, "f2_0.2": 0.2952755905511811, "greedy_threshold": 0.06, "greedy_f2": 0.44262295081967207}, "ensemble_val1_label4.xgb": {"eta": 0.1, "max_depth": 5, "min_child_weight": 5, "best_iteration": 23, "best_ntree_limit": 24, "smooth_f2": 0.6137170463048571, "f2_0.1": 0.81629944252721, "f2_0.2": 0.8321925890960585, "greedy_threshold": 0.21, "greedy_f2": 0.8327410566216537}, "ensemble_val1_label5.xgb": {"eta": 0.1, "max_depth": 3, "min_child_weight": 2, "best_iteration": 56, "best_ntree_limit": 57, "smooth_f2": 0.5152780259810413, "f2_0.1": 0.7623780945236308, "f2_0.2": 0.7647775746496039, "greedy_threshold": 0.15, "greedy_f2": 0.7795144008650351}, "ensemble_val1_label6.xgb": {"eta": 0.1, "max_depth": 3, "min_child_weight": 3, "best_iteration": 25, "best_ntree_limit": 26, "smooth_f2": 0.06172986466122007, "f2_0.1": 0.475, "f2_0.2": 0.3508771929824562, "greedy_threshold": 0.12, "greedy_f2": 0.5026455026455027}, "ensemble_val1_label7.xgb": {"eta": 0.1, "max_depth": 3, "min_child_weight": 4, "best_iteration": 26, "best_ntree_limit": 27, "smooth_f2": 0.21890112925014496, "f2_0.1": 0.4992240041386445, "f2_0.2": 0.504371217215871, "greedy_threshold": 0.15, "greedy_f2": 0.5223429951690822}, "ensemble_val1_label8.xgb": {"eta": 0.1, "max_depth": 6, "min_child_weight": 3, "best_iteration": 23, "best_ntree_limit": 24, "smooth_f2": 0.9095895085164588, "f2_0.1": 0.9796007634801972, "f2_0.2": 0.9807653976479968, "greedy_threshold": 0.22, "greedy_f2": 0.9810353767000358}, "ensemble_val1_label9.xgb": {"eta": 0.1, "max_depth": 7, "min_child_weight": 5, "best_iteration": 14, "best_ntree_limit": 15, "smooth_f2": 0.365443247138611, "f2_0.1": 0.4219701996742475, "f2_0.2": 0.6538726729487475, "greedy_threshold": 0.21, "greedy_f2": 0.6571192833569071}, "ensemble_val1_label10.xgb": {"eta": 0.1, "max_depth": 2, "min_child_weight": 1, "best_iteration": 19, "best_ntree_limit": 20, "smooth_f2": 0.5003114321070068, "f2_0.1": 0.7639956092206366, "f2_0.2": 0.8003359731221502, "greedy_threshold": 0.21, "greedy_f2": 0.8032273603082851}, "ensemble_val1_label11.xgb": {"eta": 0.1, "max_depth": 2, "min_child_weight": 1, "best_iteration": 35, "best_ntree_limit": 36, "smooth_f2": 0.2456406936947456, "f2_0.1": 0.5875769445998881, "f2_0.2": 0.5270555165144062, "greedy_threshold": 0.15, "greedy_f2": 0.6030150753768845}, "ensemble_val1_label12.xgb": {"eta": 0.1, "max_depth": 8, "min_child_weight": 2, "best_iteration": 6, "best_ntree_limit": 7, "smooth_f2": 0.04396900136784913, "f2_0.1": 0.02934637616718542, "f2_0.2": 0.02934637616718542, "greedy_threshold": 0.29, "greedy_f2": 0.5163727959697733}, "ensemble_val2_label0.xgb": {"eta": 0.1, "max_depth": 2, "min_child_weight": 4, "best_iteration": 20, "best_ntree_limit": 21, "smooth_f2": 0.03495260465751057, "f2_0.1": 0.5172413793103449, "f2_0.2": 0.4014598540145985, "greedy_threshold": 0.12, "greedy_f2": 0.5590062111801241}, "ensemble_val2_label1.xgb": {"eta": 0.1, "max_depth": 4, "min_child_weight": 1, "best_iteration": 18, "best_ntree_limit": 19, "smooth_f2": 0.42582916231133877, "f2_0.1": 0.6099409001363844, "f2_0.2": 0.7141444114737883, "greedy_threshold": 0.21, "greedy_f2": 0.7177273639831359}, "ensemble_val2_label2.xgb": {"eta": 0.1, "max_depth": 10, "min_child_weight": 3, "best_iteration": 36, "best_ntree_limit": 37, "smooth_f2": 0.9345984999447576, "f2_0.1": 0.9816761671827847, "f2_0.2": 0.9823881718092151, "greedy_threshold": 0.22, "greedy_f2": 0.9827166841345488}, "ensemble_val2_label3.xgb": {"eta": 0.1, "max_depth": 9, "min_child_weight": 2, "best_iteration": 5, "best_ntree_limit": 6, "smooth_f2": 0.029488319066168427, "f2_0.1": 0.0219180533190195, "f2_0.2": 0.0219180533190195, "greedy_threshold": 0.3, "greedy_f2": 0.4626334519572954}, "ensemble_val2_label4.xgb": {"eta": 0.1, "max_depth": 8, "min_child_weight": 4, "best_iteration": 8, "best_ntree_limit": 9, "smooth_f2": 0.5469614848375397, "f2_0.1": 0.7215720994687813, "f2_0.2": 0.7215720994687813, "greedy_threshold": 0.3, "greedy_f2": 0.8363774372598322}, "ensemble_val2_label5.xgb": {"eta": 0.1, "max_depth": 4, "min_child_weight": 2, "best_iteration": 16, "best_ntree_limit": 17, "smooth_f2": 0.4896874696906112, "f2_0.1": 0.6747043821006259, "f2_0.2": 0.7636083862281208, "greedy_threshold": 0.24, "greedy_f2": 0.7692691693290735}, "ensemble_val2_label6.xgb": {"eta": 0.1, "max_depth": 3, "min_child_weight": 5, "best_iteration": 10, "best_ntree_limit": 11, "smooth_f2": 0.02500549976679941, "f2_0.1": 0.016621743036837378, "f2_0.2": 0.36585365853658536, "greedy_threshold": 0.22, "greedy_f2": 0.407239819004525}, "ensemble_val2_label7.xgb": {"eta": 0.1, "max_depth": 2, "min_child_weight": 1, "best_iteration": 22, "best_ntree_limit": 23, "smooth_f2": 0.1927367420086239, "f2_0.1": 0.5478775913129319, "f2_0.2": 0.5338541666666667, "greedy_threshold": 0.15, "greedy_f2": 0.5745433117265764}, "ensemble_val2_label8.xgb": {"eta": 0.1, "max_depth": 6, "min_child_weight": 3, "best_iteration": 33, "best_ntree_limit": 34, "smooth_f2": 0.9303462173768643, "f2_0.1": 0.9792178948203378, "f2_0.2": 0.981006987994983, "greedy_threshold": 0.23, "greedy_f2": 0.9816660023913909}, "ensemble_val2_label9.xgb": {"eta": 0.1, "max_depth": 5, "min_child_weight": 5, "best_iteration": 15, "best_ntree_limit": 16, "smooth_f2": 0.383196691567421, "f2_0.1": 0.41631240131179403, "f2_0.2": 0.6417775772614482, "greedy_threshold": 0.24, "greedy_f2": 0.6585001865439621}, "ensemble_val2_label10.xgb": {"eta": 0.1, "max_depth": 2, "min_child_weight": 1, "best_iteration": 12, "best_ntree_limit": 13, "smooth_f2": 0.43145331272381, "f2_0.1": 0.27350974534073125, "f2_0.2": 0.7938441098317095, "greedy_threshold": 0.28, "greedy_f2": 0.8120055839925547}, "ensemble_val2_label11.xgb": {"eta": 0.1, "max_depth": 4, "min_child_weight": 1, "best_iteration": 20, "best_ntree_limit": 21, "smooth_f2": 0.211419430665022, "f2_0.1": 0.5283018867924528, "f2_0.2": 0.5356017643352238, "greedy_threshold": 0.15, "greedy_f2": 0.5750708215297451}, "ensemble_val2_label12.xgb": {"eta": 0.1, "max_depth": 3, "min_child_weight": 5, "best_iteration": 16, "best_ntree_limit": 17, "smooth_f2": 0.11505814319413284, "f2_0.1": 0.43893129770992373, "f2_0.2": 0.6563245823389022, "greedy_threshold": 0.15, "greedy_f2": 0.6783369803063458}, "ensemble_val3_label0.xgb": {"eta": 0.1, "max_depth": 7, "min_child_weight": 2, "best_iteration": 31, "best_ntree_limit": 32, "smooth_f2": 0.07316723745182392, "f2_0.1": 0.32142857142857145, "f2_0.2": 0.42056074766355134, "greedy_threshold": 0.3, "greedy_f2": 0.46874999999999994}, "ensemble_val3_label1.xgb": {"eta": 0.1, "max_depth": 8, "min_child_weight": 3, "best_iteration": 16, "best_ntree_limit": 17, "smooth_f2": 0.3901159033214255, "f2_0.1": 0.5155617408906882, "f2_0.2": 0.7123015873015873, "greedy_threshold": 0.23, "greedy_f2": 0.7151639344262296}, "ensemble_val3_label2.xgb": {"eta": 0.1, "max_depth": 4, "min_child_weight": 4, "best_iteration": 11, "best_ntree_limit": 12, "smooth_f2": 0.8330415140908345, "f2_0.1": 0.9804614629356897,