{"ensemble_val1_label0.xgb": {"eta": 0.1, "max_depth": 2, "min_child_weight": 1, "best_iteration": 24, "best_ntree_limit": 25, "smooth_f2": 0.042330685625563795, "f2_0.1": 0.5357142857142857, "f2_0.2": 0.5769230769230769, "greedy_threshold": 0.12, "greedy_f2": 0.6198347107438016}, "ensemble_val1_label1.xgb": {"eta": 0.1, "max_depth": 4, "min_child_weight": 3, "best_iteration": 8, "best_ntree_limit": 9, "smooth_f2": 0.3465906076163934, "f2_0.1": 0.30732779342078154, "f2_0.2": 0.30732779342078154, "greedy_threshold": 0.3, "greedy_f2": 0.7221135029354208}, "ensemble_val1_label2.xgb": {"eta": 0.1, "max_depth": 5, "min_child_weight": 1, "best_iteration": 53, "best_ntree_limit": 54, "smooth_f2": 0.9388056824584107, "f2_0.1": 0.9818221292385427, "f2_0.2": 0.9820334427007156, "greedy_threshold": 0.3, "greedy_f2": 0.9822842438638164}, "ensemble_val1_label3.xgb": {"eta": 0.1, "max_depth": 2, "min_child_weight": 1, "best_iteration": 22, "best_ntree_limit": 23, "smooth_f2": 0.06895879216851449, "f2_0.1": 0.34545454545454546, "f2_0.2": 0.3435114503816794, "greedy_threshold": 0.06, "greedy_f2": 0.40730337078651685}, "ensemble_val1_label4.xgb": {"eta": 0.1, "max_depth": 2, "min_child_weight": 1, "best_iteration": 35, "best_ntree_limit": 36, "smooth_f2": 0.6205464449181748, "f2_0.1": 0.8256109748341964, "f2_0.2": 0.8322255981769845, "greedy_threshold": 0.18, "greedy_f2": 0.8331368758545901}, "ensemble_val1_label5.xgb": {"eta": 0.1, "max_depth": 2, "min_child_weight": 1, "best_iteration": 12, "best_ntree_limit": 13, "smooth_f2": 0.4560386515834769, "f2_0.1": 0.486964255934182, "f2_0.2": 0.7655412395372896, "greedy_threshold": 0.24, "greedy_f2": 0.7765894819466249}, "ensemble_val1_label6.xgb": {"eta": 0.1, "max_depth": 5, "min_child_weight": 3, "best_iteration": 21, "best_ntree_limit": 22, "smooth_f2": 0.052856589328267665, "f2_0.1": 0.4489795918367348, "f2_0.2": 0.3989361702127659, "greedy_threshold": 0.13, "greedy_f2": 0.4952830188679246}, "ensemble_val1_label7.xgb": {"eta": 0.1, "max_depth": 10, "min_child_weight": 4, "best_iteration": 34, "best_ntree_limit": 35, "smooth_f2": 0.23006612545692845, "f2_0.1": 0.5100864553314121, "f2_0.2": 0.46230440967283076, "greedy_threshold": 0.09, "greedy_f2": 0.5219322598556357}, "ensemble_val1_label8.xgb": {"eta": 0.1, "max_depth": 10, "min_child_weight": 4, "best_iteration": 26, "best_ntree_limit": 27, "smooth_f2": 0.9135771998920056, "f2_0.1": 0.9801716071748521, "f2_0.2": 0.980781511934222, "greedy_threshold": 0.23, "greedy_f2": 0.981269220016774}, "ensemble_val1_label9.xgb": {"eta": 0.1, "max_depth": 2, "min_child_weight": 1, "best_iteration": 43, "best_ntree_limit": 44, "smooth_f2": 0.3732730434898542, "f2_0.1": 0.6417197452229298, "f2_0.2": 0.6388710711994868, "greedy_threshold": 0.15, "greedy_f2": 0.6533553875236295}}