{"ensemble_val1_label0.xgb": {"eta": 0.1, "max_depth": 2, "min_child_weight": 1, "best_iteration": 24, "best_ntree_limit": 25, "smooth_f2": 0.042330685625563795, "f2_0.1": 0.5357142857142857, "f2_0.2": 0.5769230769230769, "greedy_threshold": 0.12, "greedy_f2": 0.6198347107438016}, "ensemble_val1_label1.xgb": {"eta": 0.1, "max_depth": 4, "min_child_weight": 3, "best_iteration": 8, "best_ntree_limit": 9, "smooth_f2": 0.3465906076163934, "f2_0.1": 0.30732779342078154, "f2_0.2": 0.30732779342078154, "greedy_threshold": 0.3, "greedy_f2": 0.7221135029354208}, "ensemble_val1_label2.xgb": {"eta": 0.1, "max_depth": 5, "min_child_weight": 1, "best_iteration": 53, "best_ntree_limit": 54, "smooth_f2": 0.9388056824584107, "f2_0.1": 0.9818221292385427, "f2_0.2": 0.9820334427007156, "greedy_threshold": 0.3, "greedy_f2": 0.9822842438638164}, "ensemble_val1_label3.xgb": {"eta": 0.1, "max_depth": 2, "min_child_weight": 1, "best_iteration": 22, "best_ntree_limit": 23, "smooth_f2": 0.06895879216851449, "f2_0.1": 0.34545454545454546, "f2_0.2": 0.3435114503816794, "greedy_threshold": 0.06, "greedy_f2": 0.40730337078651685}, "ensemble_val1_label4.xgb": {"eta": 0.1, "max_depth": 2, "min_child_weight": 1, "best_iteration": 35, "best_ntree_limit": 36, "smooth_f2": 0.6205464449181748, "f2_0.1": 0.8256109748341964, "f2_0.2": 0.8322255981769845, "greedy_threshold": 0.18, "greedy_f2": 0.8331368758545901}, "ensemble_val1_label5.xgb": {"eta": 0.1, "max_depth": 2, "min_child_weight": 1, "best_iteration": 12, "best_ntree_limit": 13, "smooth_f2": 0.4560386515834769, "f2_0.1": 0.486964255934182, "f2_0.2": 0.7655412395372896, "greedy_threshold": 0.24, "greedy_f2": 0.7765894819466249}, "ensemble_val1_label6.xgb": {"eta": 0.1, "max_depth": 5, "min_child_weight": 3, "best_iteration": 21, "best_ntree_limit": 22, "smooth_f2": 0.052856589328267665, "f2_0.1": 0.4489795918367348, "f2_0.2": 0.3989361702127659, "greedy_threshold": 0.13, "greedy_f2": 0.4952830188679246}, "ensemble_val1_label7.xgb": {"eta": 0.1, "max_depth": 10, "min_child_weight": 4, "best_iteration": 34, "best_ntree_limit": 35, "smooth_f2": 0.23006612545692845, "f2_0.1": 0.5100864553314121, "f2_0.2": 0.46230440967283076, "greedy_threshold": 0.09, "greedy_f2": 0.5219322598556357}, "ensemble_val1_label8.xgb": {"eta": 0.1, "max_depth": 10, "min_child_weight": 4, "best_iteration": 26, "best_ntree_limit": 27, "smooth_f2": 0.9135771998920056, "f2_0.1": 0.9801716071748521, "f2_0.2": 0.980781511934222, "greedy_threshold": 0.23, "greedy_f2": 0.981269220016774}, "ensemble_val1_label9.xgb": {"eta": 0.1, "max_depth": 2, "min_child_weight": 1, "best_iteration": 43, "best_ntree_limit": 44, "smooth_f2": 0.3732730434898542, "f2_0.1": 0.6417197452229298, "f2_0.2": 0.6388710711994868, "greedy_threshold": 0.15, "greedy_f2": 0.6533553875236295}, "ensemble_val1_label10.xgb": {"eta": 0.1, "max_depth": 3, "min_child_weight": 2, "best_iteration": 41, "best_ntree_limit": 42, "smooth_f2": 0.5748444966883316, "f2_0.1": 0.7930390095772015, "f2_0.2": 0.7944732297063904, "greedy_threshold": 0.18, "greedy_f2": 0.8030266048328045}, "ensemble_val1_label11.xgb": {"eta": 0.1, "max_depth": 4, "min_child_weight": 5, "best_iteration": 13, "best_ntree_limit": 14, "smooth_f2": 0.16397700366670612, "f2_0.1": 0.10738366769333223, "f2_0.2": 0.5887372013651877, "greedy_threshold": 0.21, "greedy_f2": 0.5997659449970743}, "ensemble_val1_label12.xgb": {"eta": 0.1, "max_depth": 3, "min_child_weight": 3, "best_iteration": 29, "best_ntree_limit": 30, "smooth_f2": 0.1508393237958925, "f2_0.1": 0.5508474576271187, "f2_0.2": 0.46178343949044587, "greedy_threshold": 0.09, "greedy_f2": 0.5826558265582655}, "ensemble_val2_label0.xgb": {"eta": 0.1, "max_depth": 3, "min_child_weight": 5, "best_iteration": 14, "best_ntree_limit": 15, "smooth_f2": 0.02206913308372644, "f2_0.1": 0.012173128944995492, "f2_0.2": 0.425531914893617, "greedy_threshold": 0.18, "greedy_f2": 0.544871794871795}, "ensemble_val2_label1.xgb": {"eta": 0.1, "max_depth": 7, "min_child_weight": 5, "best_iteration": 13, "best_ntree_limit": 14, "smooth_f2": 0.3807357415662048, "f2_0.1": 0.29894693085769714, "f2_0.2": 0.6910420475319927, "greedy_threshold": 0.24, "greedy_f2": 0.714428257832768}, "ensemble_val2_label2.xgb": {"eta": 0.1, "max_depth": 7, "min_child_weight": 5, "best_iteration": 21, "best_ntree_limit": 22, "smooth_f2": 0.9064081915634814, "f2_0.1": 0.9807510628247519, "f2_0.2": 0.9826418373190624, "greedy_threshold": 0.21, "greedy_f2": 0.9828148148148148}, "ensemble_val2_label3.xgb": {"eta": 0.1, "max_depth": 8, "min_child_weight": 2, "best_iteration": 48, "best_ntree_limit": 49, "smooth_f2": 0.22626510856420737, "f2_0.1": 0.4048582995951417, "f2_0.2": 0.3879310344827586, "greedy_threshold": 0.07, "greedy_f2": 0.44061302681992337}, "ensemble_val2_label4.xgb": {"eta": 0.1, "max_depth": 4, "min_child_weight": 4, "best_iteration": 25, "best_ntree_limit": 26, "smooth_f2": 0.6190700833298385, "f2_0.1": 0.8231679768681667, "f2_0.2": 0.8320153366882339, "greedy_threshold": 0.15, "greedy_f2": 0.8363047762034344}, "ensemble_val2_label5.xgb": {"eta": 0.1, "max_depth": 7, "min_child_weight": 1, "best_iteration": 16, "best_ntree_limit": 17, "smooth_f2": 0.4853990926566616, "f2_0.1": 0.6802534814583008, "f2_0.2": 0.7638688587635805, "greedy_threshold": 0.21, "greedy_f2": 0.7666148464827048}, "ensemble_val2_label6.xgb": {"eta": 0.1, "max_depth": 2, "min_child_weight": 5, "best_iteration": 23, "best_ntree_limit": 24, "smooth_f2": 0.05004329433535939, "f2_0.1": 0.391705069124424, "f2_0.2": 0.335195530726257, "greedy_threshold": 0.09, "greedy_f2": 0.4166666666666667}, "ensemble_val2_label7.xgb": {"eta": 0.1, "max_depth": 3, "min_child_weight": 3, "best_iteration": 29, "best_ntree_limit": 30, "smooth_f2": 0.21834442594221048, "f2_0.1": 0.5623608017817371, "f2_0.2": 0.50796812749004, "greedy_threshold": 0.12, "greedy_f2": 0.5769230769230769}, "ensemble_val2_label8.xgb": {"eta": 0.1, "max_depth": 2, "min_child_weight": 1, "best_iteration": 37, "best_ntree_limit": 38, "smooth_f2": 0.9310574692504805, "f2_0.1": 0.9790299883059481, "f2_0.2": 0.9812842210054753, "greedy_threshold": 0.24, "greedy_f2": 0.9815254000837038}, "ensemble_val2_label9.xgb": {"eta": 0.1, "max_depth": 2, "min_child_weight": 1, "best_iteration": 23, "best_ntree_limit": 24, "smooth_f2": 0.3814669076667191, "f2_0.1": 0.6136850301732529, "f2_0.2": 0.6488877964851911, "greedy_threshold": 0.18, "greedy_f2": 0.6522773219169937}, "ensemble_val2_label10.xgb": {"eta": 0.1, "max_depth": 4, "min_child_weight": 1, "best_iteration": 12, "best_ntree_limit": 13, "smooth_f2": 0.43024151601763033, "f2_0.1": 0.27350974534073125, "f2_0.2": 0.797052913596785, "greedy_threshold": 0.27, "greedy_f2": 0.8110979929161748}, "ensemble_val2_label11.xgb": {"eta": 0.1, "max_depth": 2, "min_child_weight": 1, "best_iteration": 6, "best_ntree_limit": 7, "smooth_f2": 0.12135296389540655, "f2_0.1": 0.10508757297748124, "f2_0.2": 0.10508757297748124, "greedy_threshold": 0.3, "greedy_f2": 0.5717619603267211}, "ensemble_val2_label12.xgb": {"eta": 0.1, "max_depth": 7, "min_child_weight": 5, "best_iteration": 35, "best_ntree_limit": 36, "smooth_f2": 0.31792757528619053, "f2_0.1": 0.6292906178489703, "f2_0.2": 0.6297229219143577, "greedy_threshold": 0.18, "greedy_f2": 0.655940594059406}, "ensemble_val3_label0.xgb": {"eta": 0.1, "max_depth": 5, "min_child_weight": 3, "best_iteration": 31, "best_ntree_limit": 32, "smooth_f2": 0.06785042892813212, "f2_0.1": 0.35999999999999993, "f2_0.2": 0.42452830188679247, "greedy_threshold": 0.3, "greedy_f2": 0.4736842105263158}, "ensemble_val3_label1.xgb": {"eta": 0.1, "max_depth": 2, "min_child_weight": 1, "best_iteration": 30, "best_ntree_limit": 31, "smooth_f2": 0.40171914172872863, "f2_0.1": 0.6724355507481522, "f2_0.2": 0.6983471074380165, "greedy_threshold": 0.21, "greedy_f2": 0.7011494252873562}, "ensemble_val3_label2.xgb": {"eta": 0.1, "max_depth": 5, "min_child_weight": 4, "best_iteration": 17, "best_ntree_limit": 18, "smooth_f2": 0.8785573239790306,