{"ensemble_val1_label0.xgb": {"eta": 0.1, "max_depth": 7, "min_child_weight": 2, "best_iteration": 8, "best_ntree_limit": 9, "smooth_f2": 0.014484224369983338, "f2_0.1": 0.008591842271863976, "f2_0.2": 0.2186588921282799, "greedy_threshold": 0.24, "greedy_f2": 0.6097560975609756}}