{"ensemble_val1_label0.xgb": {"eta": 0.1, "max_depth": 7, "min_child_weight": 2, "best_iteration": 8, "best_ntree_limit": 9, "smooth_f2": 0.014484224369983338, "f2_0.1": 0.008591842271863976, "f2_0.2": 0.2186588921282799, "greedy_threshold": 0.24, "greedy_f2": 0.6097560975609756}, "ensemble_val1_label1.xgb": {"eta": 0.1, "max_depth": 5, "min_child_weight": 3, "best_iteration": 10, "best_ntree_limit": 11, "smooth_f2": 0.3600092812558764, "f2_0.1": 0.30732779342078154, "f2_0.2": 0.6646874484578592, "greedy_threshold": 0.27, "greedy_f2": 0.7275754014884449}, "ensemble_val1_label2.xgb": {"eta": 0.1, "max_depth": 7, "min_child_weight": 4, "best_iteration": 49, "best_ntree_limit": 50, "smooth_f2": 0.9367819296418601, "f2_0.1": 0.9817973623943772, "f2_0.2": 0.9822840873141412, "greedy_threshold": 0.24, "greedy_f2": 0.9825331829960636}, "ensemble_val1_label3.xgb": {"eta": 0.1, "max_depth": 4, "min_child_weight": 3, "best_iteration": 20, "best_ntree_limit": 21, "smooth_f2": 0.06973577919503485, "f2_0.1": 0.3758169934640523, "f2_0.2": 0.34090909090909094, "greedy_threshold": 0.09, "greedy_f2": 0.41401273885350315}, "ensemble_val1_label4.xgb": {"eta": 0.1, "max_depth": 7, "min_child_weight": 1, "best_iteration": 5, "best_ntree_limit": 6, "smooth_f2": 0.5313655186532175, "f2_0.1": 0.7242713240644988, "f2_0.2": 0.7242713240644988, "greedy_threshold": 0.35, "greedy_f2": 0.8329007597565002}, "ensemble_val1_label5.xgb": {"eta": 0.1, "max_depth": 2, "min_child_weight": 1, "best_iteration": 17, "best_ntree_limit": 18, "smooth_f2": 0.47607849900692867, "f2_0.1": 0.7003444316877153, "f2_0.2": 0.7754922986937025, "greedy_threshold": 0.21, "greedy_f2": 0.7773729814887751}, "ensemble_val1_label6.xgb": {"eta": 0.1, "max_depth": 2, "min_child_weight": 4, "best_iteration": 11, "best_ntree_limit": 12, "smooth_f2": 0.026806229659135962, "f2_0.1": 0.015291895295493388, "f2_0.2": 0.45662100456620996, "greedy_threshold": 0.21, "greedy_f2": 0.47393364928909953}, "ensemble_val1_label7.xgb": {"eta": 0.1, "max_depth": 10, "min_child_weight": 5, "best_iteration": 68, "best_ntree_limit": 69, "smooth_f2": 0.2231398371414425, "f2_0.1": 0.5197853789403084, "f2_0.2": 0.42824074074074076, "greedy_threshold": 0.09, "greedy_f2": 0.5275229357798166}, "ensemble_val1_label8.xgb": {"eta": 0.1, "max_depth": 9, "min_child_weight": 3, "best_iteration": 25, "best_ntree_limit": 26, "smooth_f2": 0.9149243861965939, "f2_0.1": 0.9795853459757092, "f2_0.2": 0.9803472125331367, "greedy_threshold": 0.3, "greedy_f2": 0.9812533690031744}, "ensemble_val1_label9.xgb": {"eta": 0.1, "max_depth": 3, "min_child_weight": 1, "best_iteration": 12, "best_ntree_limit": 13, "smooth_f2": 0.3599495178571945, "f2_0.1": 0.4219701996742475, "f2_0.2": 0.6516536118363794, "greedy_threshold": 0.21, "greedy_f2": 0.656497175141243}, "ensemble_val1_label10.xgb": {"eta": 0.1, "max_depth": 3, "min_child_weight": 3, "best_iteration": 24, "best_ntree_limit": 25, "smooth_f2": 0.5452478548063857, "f2_0.1": 0.781462971376647, "f2_0.2": 0.7958732498157701, "greedy_threshold": 0.15, "greedy_f2": 0.8032943423251372}, "ensemble_val1_label11.xgb": {"eta": 0.1, "max_depth": 3, "min_child_weight": 5, "best_iteration": 13, "best_ntree_limit": 14, "smooth_f2": 0.16659409956070845, "f2_0.1": 0.10738366769333223, "f2_0.2": 0.5845980888139404, "greedy_threshold": 0.21, "greedy_f2": 0.5990648743424898}, "ensemble_val1_label12.xgb": {"eta": 0.1, "max_depth": 4, "min_child_weight": 5, "best_iteration": 29, "best_ntree_limit": 30, "smooth_f2": 0.2012508385044446, "f2_0.1": 0.3820598006644519, "f2_0.2": 0.47884187082405344, "greedy_threshold": 0.4, "greedy_f2": 0.5740181268882175}, "ensemble_val2_label0.xgb": {"eta": 0.1, "max_depth": 4, "min_child_weight": 4, "best_iteration": 15, "best_ntree_limit": 16, "smooth_f2": 0.030457418200455933, "f2_0.1": 0.33444816053511706, "f2_0.2": 0.547945205479452, "greedy_threshold": 0.18, "greedy_f2": 0.6250000000000001}, "ensemble_val2_label1.xgb": {"eta": 0.1, "max_depth": 4, "min_child_weight": 2, "best_iteration": 20, "best_ntree_limit": 21, "smooth_f2": 0.4309928616279738, "f2_0.1": 0.6009222073479102, "f2_0.2": 0.7087151491518814, "greedy_threshold": 0.21, "greedy_f2": 0.712591421229492}, "ensemble_val2_label2.xgb": {"eta": 0.1, "max_depth": 4, "min_child_weight": 4, "best_iteration": 23, "best_ntree_limit": 24, "smooth_f2": 0.908183575898276, "f2_0.1": 0.9809578196998937, "f2_0.2": 0.9824038233667748, "greedy_threshold": 0.25, "greedy_f2": 0.9828840224523677}, "ensemble_val2_label3.xgb": {"eta": 0.1, "max_depth": 6, "min_child_weight": 3, "best_iteration": 21, "best_ntree_limit": 22, "smooth_f2": 0.06421097138824702, "f2_0.1": 0.4166666666666667, "f2_0.2": 0.3861788617886179, "greedy_threshold": 0.09, "greedy_f2": 0.4697986577181208}, "ensemble_val2_label4.xgb": {"eta": 0.1, "max_depth": 5, "min_child_weight": 1, "best_iteration": 35, "best_ntree_limit": 36, "smooth_f2": 0.6253654145118307, "f2_0.1": 0.8291388304200603, "f2_0.2": 0.8306047765793528, "greedy_threshold": 0.15, "greedy_f2": 0.8373070204428497}, "ensemble_val2_label5.xgb": {"eta": 0.1, "max_depth": 4, "min_child_weight": 4, "best_iteration": 21, "best_ntree_limit": 22, "smooth_f2": 0.4608527539894694, "f2_0.1": 0.7090383821708627, "f2_0.2": 0.7640157707471873, "greedy_threshold": 0.21, "greedy_f2": 0.7660626029654036}, "ensemble_val2_label6.xgb": {"eta": 0.1, "max_depth": 3, "min_child_weight": 3, "best_iteration": 6, "best_ntree_limit": 7, "smooth_f2": 0.021412207390716233, "f2_0.1": 0.016621743036837378, "f2_0.2": 0.016621743036837378, "greedy_threshold": 0.3, "greedy_f2": 0.425}, "ensemble_val2_label7.xgb": {"eta": 0.1, "max_depth": 4, "min_child_weight": 3, "best_iteration": 41, "best_ntree_limit": 42, "smooth_f2": 0.23373592813481356, "f2_0.1": 0.5625686059275522, "f2_0.2": 0.5179282868525896, "greedy_threshold": 0.11, "greedy_f2": 0.5666287015945332}, "ensemble_val2_label8.xgb": {"eta": 0.1, "max_depth": 5, "min_child_weight": 3, "best_iteration": 26, "best_ntree_limit": 27, "smooth_f2": 0.8874105602869727, "f2_0.1": 0.9793773547491573, "f2_0.2": 0.980983071751109, "greedy_threshold": 0.3, "greedy_f2": 0.9820110885086354}, "ensemble_val2_label9.xgb": {"eta": 0.1, "max_depth": 4, "min_child_weight": 2, "best_iteration": 26, "best_ntree_limit": 27, "smooth_f2": 0.35553303882738274, "f2_0.1": 0.6192867905575087, "f2_0.2": 0.6446217189912506, "greedy_threshold": 0.15, "greedy_f2": 0.6573212392507952}, "ensemble_val2_label10.xgb": {"eta": 0.1, "max_depth": 3, "min_child_weight": 1, "best_iteration": 11, "best_ntree_limit": 12, "smooth_f2": 0.4249500924798255, "f2_0.1": 0.27350974534073125, "f2_0.2": 0.7941760423560555, "greedy_threshold": 0.27, "greedy_f2": 0.8149779735682819}, "ensemble_val2_label11.xgb": {"eta": 0.1, "max_depth": 9, "min_child_weight": 2, "best_iteration": 45, "best_ntree_limit": 46, "smooth_f2": 0.3059830914068068, "f2_0.1": 0.5533596837944664, "f2_0.2": 0.5294906166219839, "greedy_threshold": 0.12, "greedy_f2": 0.5657041838538597}, "ensemble_val2_label12.xgb": {"eta": 0.1, "max_depth": 3, "min_child_weight": 1, "best_iteration": 16, "best_ntree_limit": 17, "smooth_f2": 0.11986670866225177, "f2_0.1": 0.5637707948243993, "f2_0.2": 0.6388206388206388, "greedy_threshold": 0.18, "greedy_f2": 0.6834532374100719}, "ensemble_val3_label0.xgb": {"eta": 0.1, "max_depth": 4, "min_child_weight": 4, "best_iteration": 33, "best_ntree_limit": 34, "smooth_f2": 0.09873541692553471, "f2_0.1": 0.3461538461538461, "f2_0.2": 0.42056074766355134, "greedy_threshold": 0.38, "greedy_f2": 0.46874999999999994}, "ensemble_val3_label1.xgb": {"eta": 0.1, "max_depth": 3, "min_child_weight": 1, "best_iteration": 8, "best_ntree_limit": 9, "smooth_f2": 0.32128021672942225, "f2_0.1": 0.2955288227522425, "f2_0.2": 0.2955288227522425, "greedy_threshold": 0.27, "greedy_f2": 0.7131313131313132}, "ensemble_val3_label2.xgb": {"eta": 0.1, "max_depth": 3, "min_child_weight": 1, "best_iteration": 6, "best_ntree_limit": 7, "smooth_f2": 0.7578283731025106,