{"ensemble_val1_label0.xgb": {"eta": 0.15, "max_depth": 2, "min_child_weight": 2, "best_iteration": 11, "best_ntree_limit": 12, "smooth_f2": 0.025617735142067204, "f2_0.1": 0.41666666666666663, "f2_0.2": 0.5555555555555555, "greedy_threshold": 0.15, "greedy_f2": 0.6302521008403361}, "ensemble_val1_label1.xgb": {"eta": 0.15, "max_depth": 5, "min_child_weight": 5, "best_iteration": 7, "best_ntree_limit": 8, "smooth_f2": 0.37652664129602154, "f2_0.1": 0.30732779342078154, "f2_0.2": 0.6875437368789363, "greedy_threshold": 0.26, "greedy_f2": 0.723091976516634}, "ensemble_val1_label2.xgb": {"eta": 0.15, "max_depth": 10, "min_child_weight": 5, "best_iteration": 28, "best_ntree_limit": 29, "smooth_f2": 0.9349193384227971, "f2_0.1": 0.9818537240344363, "f2_0.2": 0.9821216675895894, "greedy_threshold": 0.19, "greedy_f2": 0.9824217977616957}, "ensemble_val1_label3.xgb": {"eta": 0.15, "max_depth": 2, "min_child_weight": 1, "best_iteration": 22, "best_ntree_limit": 23, "smooth_f2": 0.1196666452176141, "f2_0.1": 0.3358208955223881, "f2_0.2": 0.32818532818532814, "greedy_threshold": 0.03, "greedy_f2": 0.40871934604904636}, "ensemble_val1_label4.xgb": {"eta": 0.15, "max_depth": 3, "min_child_weight": 1, "best_iteration": 24, "best_ntree_limit": 25, "smooth_f2": 0.6237656984897259, "f2_0.1": 0.8255295935994181, "f2_0.2": 0.8314285714285714, "greedy_threshold": 0.18, "greedy_f2": 0.8342005676442763}, "ensemble_val1_label5.xgb": {"eta": 0.15, "max_depth": 6, "min_child_weight": 4, "best_iteration": 10, "best_ntree_limit": 11, "smooth_f2": 0.4828520191440444, "f2_0.1": 0.6487519676186192, "f2_0.2": 0.7741463414634147, "greedy_threshold": 0.21, "greedy_f2": 0.7768570583012725}, "ensemble_val1_label6.xgb": {"eta": 0.15, "max_depth": 7, "min_child_weight": 2, "best_iteration": 24, "best_ntree_limit": 25, "smooth_f2": 0.12564216427151406, "f2_0.1": 0.4975124378109453, "f2_0.2": 0.32967032967032966, "greedy_threshold": 0.09, "greedy_f2": 0.5238095238095238}, "ensemble_val1_label7.xgb": {"eta": 0.15, "max_depth": 4, "min_child_weight": 1, "best_iteration": 17, "best_ntree_limit": 18, "smooth_f2": 0.21223623835748395, "f2_0.1": 0.49112097669256377, "f2_0.2": 0.4986052998605299, "greedy_threshold": 0.15, "greedy_f2": 0.5285073670723895}, "ensemble_val1_label8.xgb": {"eta": 0.15, "max_depth": 10, "min_child_weight": 5, "best_iteration": 13, "best_ntree_limit": 14, "smooth_f2": 0.8955393694196968, "f2_0.1": 0.9797330893613636, "f2_0.2": 0.9811016087554572, "greedy_threshold": 0.22, "greedy_f2": 0.9813699285913752}, "ensemble_val1_label9.xgb": {"eta": 0.15, "max_depth": 2, "min_child_weight": 1, "best_iteration": 30, "best_ntree_limit": 31, "smooth_f2": 0.3753206842431497, "f2_0.1": 0.6404650170648465, "f2_0.2": 0.6373243974739013, "greedy_threshold": 0.15, "greedy_f2": 0.655241935483871}, "ensemble_val1_label10.xgb": {"eta": 0.15, "max_depth": 4, "min_child_weight": 2, "best_iteration": 30, "best_ntree_limit": 31, "smooth_f2": 0.5793619728668808, "f2_0.1": 0.7935574888314132, "f2_0.2": 0.7953419226957384, "greedy_threshold": 0.15, "greedy_f2": 0.8038081465413353}, "ensemble_val1_label11.xgb": {"eta": 0.15, "max_depth": 4, "min_child_weight": 5, "best_iteration": 18, "best_ntree_limit": 19, "smooth_f2": 0.23299439765962687, "f2_0.1": 0.5664372683959767, "f2_0.2": 0.5581708137188971, "greedy_threshold": 0.15, "greedy_f2": 0.5985489721886336}, "ensemble_val1_label12.xgb": {"eta": 0.15, "max_depth": 3, "min_child_weight": 5, "best_iteration": 15, "best_ntree_limit": 16, "smooth_f2": 0.118432121025034, "f2_0.1": 0.5687830687830688, "f2_0.2": 0.4603174603174603, "greedy_threshold": 0.12, "greedy_f2": 0.5849582172701949}, "ensemble_val2_label0.xgb": {"eta": 0.15, "max_depth": 3, "min_child_weight": 4, "best_iteration": 9, "best_ntree_limit": 10, "smooth_f2": 0.02237551292460228, "f2_0.1": 0.012173128944995492, "f2_0.2": 0.46428571428571425, "greedy_threshold": 0.18, "greedy_f2": 0.5483870967741935}, "ensemble_val2_label1.xgb": {"eta": 0.15, "max_depth": 5, "min_child_weight": 5, "best_iteration": 6, "best_ntree_limit": 7, "smooth_f2": 0.35927737601007353, "f2_0.1": 0.29894693085769714, "f2_0.2": 0.641357027463651, "greedy_threshold": 0.27, "greedy_f2": 0.7117080994386528}, "ensemble_val2_label2.xgb": {"eta": 0.15, "max_depth": 5, "min_child_weight": 4, "best_iteration": 3, "best_ntree_limit": 4, "smooth_f2": 0.7438490214911669, "f2_0.1": 0.9800180938520239, "f2_0.2": 0.9800180938520239, "greedy_threshold": 0.35, "greedy_f2": 0.9829085161035368}, "ensemble_val2_label3.xgb": {"eta": 0.15, "max_depth": 8, "min_child_weight": 1, "best_iteration": 30, "best_ntree_limit": 31, "smooth_f2": 0.21200235923959748, "f2_0.1": 0.4563492063492064, "f2_0.2": 0.3813559322033898, "greedy_threshold": 0.09, "greedy_f2": 0.4563492063492064}, "ensemble_val2_label4.xgb": {"eta": 0.15, "max_depth": 5, "min_child_weight": 1, "best_iteration": 35, "best_ntree_limit": 36, "smooth_f2": 0.6372902650278028, "f2_0.1": 0.8275385678102694, "f2_0.2": 0.8292306207162854, "greedy_threshold": 0.15, "greedy_f2": 0.836293034048397}}