{"ensemble_val1_label0.xgb": {"eta": 0.15, "max_depth": 3, "best_iteration": 7, "best_ntree_limit": 8, "smooth_f2": 0.018738283499516423, "f2_0.1": 0.008591842271863976, "f2_0.2": 0.6048387096774193, "greedy_threshold": 0.21, "greedy_f2": 0.6302521008403361}, "ensemble_val1_label1.xgb": {"eta": 0.15, "max_depth": 3, "best_iteration": 12, "best_ntree_limit": 13, "smooth_f2": 0.4157859659984591, "f2_0.1": 0.6432474629195941, "f2_0.2": 0.722068145800317, "greedy_threshold": 0.2, "greedy_f2": 0.722068145800317}, "ensemble_val1_label2.xgb": {"eta": 0.15, "max_depth": 6, "best_iteration": 10, "best_ntree_limit": 11, "smooth_f2": 0.8790118691910976, "f2_0.1": 0.9798035471742681, "f2_0.2": 0.9822292427682889, "greedy_threshold": 0.21, "greedy_f2": 0.9822874294064217}, "ensemble_val1_label3.xgb": {"eta": 0.2, "max_depth": 5, "best_iteration": 18, "best_ntree_limit": 19, "smooth_f2": 0.1555608089323723, "f2_0.1": 0.3832116788321169, "f2_0.2": 0.3682170542635658, "greedy_threshold": 0.05, "greedy_f2": 0.4019292604501608}, "ensemble_val1_label4.xgb": {"eta": 0.2, "max_depth": 5, "best_iteration": 24, "best_ntree_limit": 25, "smooth_f2": 0.6276135618731855, "f2_0.1": 0.8253729985443959, "f2_0.2": 0.8322186126504872, "greedy_threshold": 0.2, "greedy_f2": 0.8322186126504872}, "ensemble_val1_label5.xgb": {"eta": 0.2, "max_depth": 5, "best_iteration": 8, "best_ntree_limit": 9, "smooth_f2": 0.4936348174003627, "f2_0.1": 0.7111036395730016, "f2_0.2": 0.7768333662779204, "greedy_threshold": 0.2, "greedy_f2": 0.7768333662779204}, "ensemble_val1_label6.xgb": {"eta": 0.15, "max_depth": 3, "best_iteration": 19, "best_ntree_limit": 20, "smooth_f2": 0.08766615152482772, "f2_0.1": 0.45000000000000007, "f2_0.2": 0.4, "greedy_threshold": 0.09, "greedy_f2": 0.4952830188679246}, "ensemble_val1_label7.xgb": {"eta": 0.1, "max_depth": 3, "best_iteration": 14, "best_ntree_limit": 15, "smooth_f2": 0.16051374032488497, "f2_0.1": 0.10738366769333223, "f2_0.2": 0.5183312262958281, "greedy_threshold": 0.2, "greedy_f2": 0.5183312262958281}, "ensemble_val1_label8.xgb": {"eta": 0.1, "max_depth": 7, "best_iteration": 28, "best_ntree_limit": 29, "smooth_f2": 0.9237800631810099, "f2_0.1": 0.9797955693433561, "f2_0.2": 0.9807282220937881, "greedy_threshold": 0.25, "greedy_f2": 0.9812216878529664}, "ensemble_val1_label9.xgb": {"eta": 0.2, "max_depth": 5, "best_iteration": 6, "best_ntree_limit": 7, "smooth_f2": 0.36851689091381334, "f2_0.1": 0.4219701996742475, "f2_0.2": 0.6545768566493956, "greedy_threshold": 0.2, "greedy_f2": 0.6545768566493956}, "ensemble_val1_label10.xgb": {"eta": 0.1, "max_depth": 5, "best_iteration": 24, "best_ntree_limit": 25, "smooth_f2": 0.5332382254355834, "f2_0.1": 0.7825295723384895, "f2_0.2": 0.8057851239669421, "greedy_threshold": 0.2, "greedy_f2": 0.8057851239669421}, "ensemble_val1_label11.xgb": {"eta": 0.1, "max_depth": 5, "best_iteration": 14, "best_ntree_limit": 15, "smooth_f2": 0.17373459171932673, "f2_0.1": 0.10738366769333223, "f2_0.2": 0.594059405940594, "greedy_threshold": 0.17, "greedy_f2": 0.5984970477724101}, "ensemble_val1_label12.xgb": {"eta": 0.1, "max_depth": 7, "best_iteration": 17, "best_ntree_limit": 18, "smooth_f2": 0.08867486313612342, "f2_0.1": 0.4700000000000001, "f2_0.2": 0.550595238095238, "greedy_threshold": 0.2, "greedy_f2": 0.550595238095238}, "ensemble_val2_label0.xgb": {"eta": 0.1, "max_depth": 4, "best_iteration": 10, "best_ntree_limit": 11, "smooth_f2": 0.02037767597890819, "f2_0.1": 0.012173128944995492, "f2_0.2": 0.49689440993788814, "greedy_threshold": 0.2, "greedy_f2": 0.49689440993788814}, "ensemble_val2_label1.xgb": {"eta": 0.15, "max_depth": 3, "best_iteration": 11, "best_ntree_limit": 12, "smooth_f2": 0.41870241857111024, "f2_0.1": 0.5754493520969765, "f2_0.2": 0.7084148727984344, "greedy_threshold": 0.2, "greedy_f2": 0.7084148727984344}, "ensemble_val2_label2.xgb": {"eta": 0.15, "max_depth": 6, "best_iteration": 13, "best_ntree_limit": 14, "smooth_f2": 0.9019161185888901, "f2_0.1": 0.9817927446846243, "f2_0.2": 0.9830495080801297, "greedy_threshold": 0.21, "greedy_f2": 0.9831044363205216}, "ensemble_val2_label3.xgb": {"eta": 0.2, "max_depth": 4, "best_iteration": 6, "best_ntree_limit": 7, "smooth_f2": 0.05276279307397973, "f2_0.1": 0.0219180533190195, "f2_0.2": 0.4642857142857143, "greedy_threshold": 0.19, "greedy_f2": 0.46874999999999994}, "ensemble_val2_label4.xgb": {"eta": 0.1, "max_depth": 4, "best_iteration": 14, "best_ntree_limit": 15, "smooth_f2": 0.5881463321773678, "f2_0.1": 0.7215720994687813, "f2_0.2": 0.8347781266107493, "greedy_threshold": 0.2, "greedy_f2": 0.8347781266107493}, "ensemble_val2_label5.xgb": {"eta": 0.15, "max_depth": 5, "best_iteration": 12, "best_ntree_limit": 13, "smooth_f2": 0.49629640106535494, "f2_0.1": 0.7257448433919023, "f2_0.2": 0.7662197866718857, "greedy_threshold": 0.21, "greedy_f2": 0.7665024630541872}, "ensemble_val2_label6.xgb": {"eta": 0.15, "max_depth": 4, "best_iteration": 7, "best_ntree_limit": 8, "smooth_f2": 0.027819987310515232, "f2_0.1": 0.016621743036837378, "f2_0.2": 0.39603960396039606, "greedy_threshold": 0.22, "greedy_f2": 0.4166666666666667}, "ensemble_val2_label7.xgb": {"eta": 0.2, "max_depth": 3, "best_iteration": 5, "best_ntree_limit": 6, "smooth_f2": 0.15039354970687507, "f2_0.1": 0.11418169783220256, "f2_0.2": 0.5567991046446558, "greedy_threshold": 0.19, "greedy_f2": 0.564430244941427}, "ensemble_val2_label8.xgb": {"eta": 0.1, "max_depth": 8, "best_iteration": 30, "best_ntree_limit": 31, "smooth_f2": 0.9270571430219983, "f2_0.1": 0.9806824731204163, "f2_0.2": 0.9815663611000398, "greedy_threshold": 0.2, "greedy_f2": 0.9815663611000398}, "ensemble_val2_label9.xgb": {"eta": 0.1, "max_depth": 3, "best_iteration": 14, "best_ntree_limit": 15, "smooth_f2": 0.3646777477350351, "f2_0.1": 0.41631240131179403, "f2_0.2": 0.6590882994603284, "greedy_threshold": 0.2, "greedy_f2": 0.6590882994603284}, "ensemble_val2_label10.xgb": {"eta": 0.15, "max_depth": 6, "best_iteration": 16, "best_ntree_limit": 17, "smooth_f2": 0.5517322721525897, "f2_0.1": 0.7861842105263157, "f2_0.2": 0.806338028169014, "greedy_threshold": 0.2, "greedy_f2": 0.806338028169014}, "ensemble_val2_label11.xgb": {"eta": 0.1, "max_depth": 3, "best_iteration": 11, "best_ntree_limit": 12, "smooth_f2": 0.15151569046633157, "f2_0.1": 0.10508757297748124, "f2_0.2": 0.5619517543859649, "greedy_threshold": 0.2, "greedy_f2": 0.5619517543859649}, "ensemble_val2_label12.xgb": {"eta": 0.2, "max_depth": 5, "best_iteration": 18, "best_ntree_limit": 19, "smooth_f2": 0.31554146723519416, "f2_0.1": 0.608108108108108, "f2_0.2": 0.6329113924050633, "greedy_threshold": 0.23, "greedy_f2": 0.6426735218508998}, "ensemble_val3_label0.xgb": {"eta": 0.05, "max_depth": 6, "best_iteration": 0, "best_ntree_limit": 1, "smooth_f2": 0.008718040058023657, "f2_0.1": 0.008591842271863976, "f2_0.2": 0.008591842271863976, "greedy_threshold": 0.48, "greedy_f2": 0.41666666666666663}, "ensemble_val3_label1.xgb": {"eta": 0.1, "max_depth": 8, "best_iteration": 18, "best_ntree_limit": 19, "smooth_f2": 0.37474404278842866, "f2_0.1": 0.5990220048899756, "f2_0.2": 0.7067745197168857, "greedy_threshold": 0.2, "greedy_f2": 0.7067745197168857}, "ensemble_val3_label2.xgb": {"eta": 0.1, "max_depth": 9, "best_iteration": 71, "best_ntree_limit": 72, "smooth_f2": 0.9429217149379292, "f2_0.1": 0.9817477332179453, "f2_0.2": 0.9829607012705605, "greedy_threshold": 0.23, "greedy_f2": 0.9831914558209189}, "ensemble_val3_label3.xgb": {"eta": 0.15, "max_depth": 3, "best_iteration": 25, "best_ntree_limit": 26, "smooth_f2": 0.2096266490021177, "f2_0.1": 0.4940711462450593, "f2_0.2": 0.5411255411255412, "greedy_threshold": 0.35, "greedy_f2": 0.5580357142857143}, "ensemble_val3_label4.xgb": {"eta": 0.2, "max_depth": 4, "best_iteration": 11, "best_ntree_limit": 12, "smooth_f2": 0.6031921393916617, "f2_0.1": 0.817918186212048, "f2_0.2": 0.839053977807034, "greedy_threshold": 0.2, "greedy_f2": 0.839053977807034}, "ensemble_val3_label5.xgb": {"eta": 0.15, "max_depth": 5,