{"ensemble_val1_label0.xgb": {"eta": 0.15, "max_depth": 2, "min_child_weight": 4, "best_iteration": 6, "best_ntree_limit": 7, "smooth_f2": 0.016149989235258976, "f2_0.1": 0.008591842271863976, "f2_0.2": 0.46012269938650313, "greedy_threshold": 0.27, "greedy_f2": 0.6422018348623852}, "ensemble_val1_label1.xgb": {"eta": 0.2, "max_depth": 4, "min_child_weight": 5, "best_iteration": 17, "best_ntree_limit": 18, "smooth_f2": 0.4770301301862482, "f2_0.1": 0.6988667026443606, "f2_0.2": 0.7217741935483871, "greedy_threshold": 0.18, "greedy_f2": 0.7260627731426301}, "ensemble_val1_label2.xgb": {"eta": 0.15, "max_depth": 5, "min_child_weight": 5, "best_iteration": 24, "best_ntree_limit": 25, "smooth_f2": 0.9361445973158989, "f2_0.1": 0.9817446220643378, "f2_0.2": 0.9818799770782698, "greedy_threshold": 0.27, "greedy_f2": 0.9826355239997627}, "ensemble_val1_label3.xgb": {"eta": 0.2, "max_depth": 9, "min_child_weight": 3, "best_iteration": 38, "best_ntree_limit": 39, "smooth_f2": 0.20052032242087914, "f2_0.1": 0.3703703703703704, "f2_0.2": 0.3515625, "greedy_threshold": 0.06, "greedy_f2": 0.429553264604811}, "ensemble_val1_label4.xgb": {"eta": 0.15, "max_depth": 5, "min_child_weight": 3, "best_iteration": 66, "best_ntree_limit": 67, "smooth_f2": 0.6102290258385575, "f2_0.1": 0.825564390823508, "f2_0.2": 0.828066647515082, "greedy_threshold": 0.15, "greedy_f2": 0.8338815789473685}, "ensemble_val1_label5.xgb": {"eta": 0.05, "max_depth": 3, "min_child_weight": 4, "best_iteration": 30, "best_ntree_limit": 31, "smooth_f2": 0.47068617823276027, "f2_0.1": 0.486964255934182, "f2_0.2": 0.7733307491035953, "greedy_threshold": 0.21, "greedy_f2": 0.7789979409746053}, "ensemble_val1_label6.xgb": {"eta": 0.1, "max_depth": 2, "min_child_weight": 3, "best_iteration": 19, "best_ntree_limit": 20, "smooth_f2": 0.04702742270966311, "f2_0.1": 0.13020833333333334, "f2_0.2": 0.472636815920398, "greedy_threshold": 0.21, "greedy_f2": 0.48717948717948717}, "ensemble_val1_label7.xgb": {"eta": 0.2, "max_depth": 9, "min_child_weight": 4, "best_iteration": 9, "best_ntree_limit": 10, "smooth_f2": 0.19505698359361137, "f2_0.1": 0.41732283464566927, "f2_0.2": 0.5211623499684145, "greedy_threshold": 0.18, "greedy_f2": 0.5413625304136253}, "ensemble_val1_label8.xgb": {"eta": 0.1, "max_depth": 7, "min_child_weight": 3, "best_iteration": 39, "best_ntree_limit": 40, "smooth_f2": 0.9306545926262126, "f2_0.1": 0.9800938631030506, "f2_0.2": 0.9803023362345397, "greedy_threshold": 0.38, "greedy_f2": 0.9812934687025342}, "ensemble_val1_label9.xgb": {"eta": 0.1, "max_depth": 4, "min_child_weight": 3, "best_iteration": 13, "best_ntree_limit": 14, "smooth_f2": 0.36664062574343653, "f2_0.1": 0.4219701996742475, "f2_0.2": 0.6533024077755687, "greedy_threshold": 0.21, "greedy_f2": 0.658239380480583}, "ensemble_val1_label10.xgb": {"eta": 0.15, "max_depth": 3, "min_child_weight": 1, "best_iteration": 19, "best_ntree_limit": 20, "smooth_f2": 0.5656790432629666, "f2_0.1": 0.7906922898819172, "f2_0.2": 0.7960997284621081, "greedy_threshold": 0.16, "greedy_f2": 0.8056699781923915}, "ensemble_val1_label11.xgb": {"eta": 0.05, "max_depth": 3, "min_child_weight": 4, "best_iteration": 35, "best_ntree_limit": 36, "smooth_f2": 0.18701491178712576, "f2_0.1": 0.47187981510015414, "f2_0.2": 0.5898876404494381, "greedy_threshold": 0.18, "greedy_f2": 0.6005917159763313}, "ensemble_val1_label12.xgb": {"eta": 0.2, "max_depth": 3, "min_child_weight": 3, "best_iteration": 12, "best_ntree_limit": 13, "smooth_f2": 0.16907410862103409, "f2_0.1": 0.3730158730158731, "f2_0.2": 0.47884187082405344, "greedy_threshold": 0.36, "greedy_f2": 0.5855855855855856}, "ensemble_val2_label0.xgb": {"eta": 0.2, "max_depth": 4, "min_child_weight": 2, "best_iteration": 10, "best_ntree_limit": 11, "smooth_f2": 0.04781174618715823, "f2_0.1": 0.5080213903743316, "f2_0.2": 0.5357142857142858, "greedy_threshold": 0.15, "greedy_f2": 0.6462585034013605}, "ensemble_val2_label1.xgb": {"eta": 0.1, "max_depth": 3, "min_child_weight": 5, "best_iteration": 28, "best_ntree_limit": 29, "smooth_f2": 0.4677375954980826, "f2_0.1": 0.6670113753877973, "f2_0.2": 0.7069382815651473, "greedy_threshold": 0.18, "greedy_f2": 0.7142857142857143}, "ensemble_val2_label2.xgb": {"eta": 0.1, "max_depth": 6, "min_child_weight": 1, "best_iteration": 17, "best_ntree_limit": 18, "smooth_f2": 0.8782364428166918, "f2_0.1": 0.9801723120500415, "f2_0.2": 0.9822133607075174, "greedy_threshold": 0.24, "greedy_f2": 0.983041132172435}, "ensemble_val2_label3.xgb": {"eta": 0.2, "max_depth": 9, "min_child_weight": 4, "best_iteration": 11, "best_ntree_limit": 12, "smooth_f2": 0.06853117676651611, "f2_0.1": 0.4259259259259259, "f2_0.2": 0.4115226337448559, "greedy_threshold": 0.09, "greedy_f2": 0.4821428571428571}, "ensemble_val2_label4.xgb": {"eta": 0.05, "max_depth": 8, "min_child_weight": 5, "best_iteration": 55, "best_ntree_limit": 56, "smooth_f2": 0.613360756246607, "f2_0.1": 0.8237079313312496, "f2_0.2": 0.8324531925108017, "greedy_threshold": 0.15, "greedy_f2": 0.8364356062391028}, "ensemble_val2_label5.xgb": {"eta": 0.05, "max_depth": 3, "min_child_weight": 1, "best_iteration": 20, "best_ntree_limit": 21, "smooth_f2": 0.4472009650675638, "f2_0.1": 0.49216075963343275, "f2_0.2": 0.6996351844345359, "greedy_threshold": 0.3, "greedy_f2": 0.7697621632290534}, "ensemble_val2_label6.xgb": {"eta": 0.2, "max_depth": 2, "min_child_weight": 5, "best_iteration": 8, "best_ntree_limit": 9, "smooth_f2": 0.03414530702279395, "f2_0.1": 0.3584905660377358, "f2_0.2": 0.30386740331491713, "greedy_threshold": 0.12, "greedy_f2": 0.44811320754716977}, "ensemble_val2_label7.xgb": {"eta": 0.1, "max_depth": 9, "min_child_weight": 5, "best_iteration": 22, "best_ntree_limit": 23, "smooth_f2": 0.20619167400831898, "f2_0.1": 0.49187527448397017, "f2_0.2": 0.5080385852090032, "greedy_threshold": 0.15, "greedy_f2": 0.5770324047754406}, "ensemble_val2_label8.xgb": {"eta": 0.1, "max_depth": 4, "min_child_weight": 2, "best_iteration": 27, "best_ntree_limit": 28, "smooth_f2": 0.9032615039826412, "f2_0.1": 0.9791617098897614, "f2_0.2": 0.9810435024764783, "greedy_threshold": 0.3, "greedy_f2": 0.9819791085240411}, "ensemble_val2_label9.xgb": {"eta": 0.2, "max_depth": 4, "min_child_weight": 1, "best_iteration": 7, "best_ntree_limit": 8, "smooth_f2": 0.3607966355774692, "f2_0.1": 0.4259615982104021, "f2_0.2": 0.6548119668388802, "greedy_threshold": 0.21, "greedy_f2": 0.6575712881022616}, "ensemble_val2_label10.xgb": {"eta": 0.2, "max_depth": 9, "min_child_weight": 1, "best_iteration": 4, "best_ntree_limit": 5, "smooth_f2": 0.39671073940523754, "f2_0.1": 0.27350974534073125, "f2_0.2": 0.7910284463894968, "greedy_threshold": 0.28, "greedy_f2": 0.8166627441751}, "ensemble_val2_label11.xgb": {"eta": 0.15, "max_depth": 6, "min_child_weight": 3, "best_iteration": 35, "best_ntree_limit": 36, "smooth_f2": 0.30185766994329044, "f2_0.1": 0.5539772727272727, "f2_0.2": 0.5354706684856753, "greedy_threshold": 0.15, "greedy_f2": 0.565739570164349}, "ensemble_val2_label12.xgb": {"eta": 0.2, "max_depth": 2, "min_child_weight": 1, "best_iteration": 19, "best_ntree_limit": 20, "smooth_f2": 0.28918598734786094, "f2_0.1": 0.6341463414634146, "f2_0.2": 0.6056701030927835, "greedy_threshold": 0.07, "greedy_f2": 0.676605504587156}, "ensemble_val3_label0.xgb": {"eta": 0.2, "max_depth": 5, "min_child_weight": 5, "best_iteration": 19, "best_ntree_limit": 20, "smooth_f2": 0.12004850926112207, "f2_0.1": 0.3571428571428571, "f2_0.2": 0.4054054054054054, "greedy_threshold": 0.36, "greedy_f2": 0.4736842105263158}, "ensemble_val3_label1.xgb": {"eta": 0.2, "max_depth": 2, "min_child_weight": 1, "best_iteration": 11, "best_ntree_limit": 12, "smooth_f2": 0.4110432551886099, "f2_0.1": 0.6799276672694395, "f2_0.2": 0.7024185068349106, "greedy_threshold": 0.18, "greedy_f2": 0.7142857142857144}, "ensemble_val3_label2.xgb": {"eta": 0.2, "max_depth": 6, "min_child_weight": 5, "best_iteration": 9, "best_ntree_limit": 10, "smooth_f2": 0.8952733281648267,