{"ensemble_val1_label0.xgb": {"eta": 0.05, "max_depth": 5, "min_child_weight": 2, "best_iteration": 9, "best_ntree_limit": 10, "smooth_f2": 0.011629921608455388, "f2_0.1": 0.008591842271863976, "f2_0.2": 0.008591842271863976, "greedy_threshold": 0.4, "greedy_f2": 0.6250000000000001}, "ensemble_val1_label1.xgb": {"eta": 0.05, "max_depth": 6, "min_child_weight": 4, "best_iteration": 58, "best_ntree_limit": 59, "smooth_f2": 0.4595276395001862, "f2_0.1": 0.6861033519553073, "f2_0.2": 0.7205240174672489, "greedy_threshold": 0.18, "greedy_f2": 0.724581223217764}, "ensemble_val1_label2.xgb": {"eta": 0.05, "max_depth": 6, "min_child_weight": 1, "best_iteration": 46, "best_ntree_limit": 47, "smooth_f2": 0.9095788141144019, "f2_0.1": 0.9805737252738592, "f2_0.2": 0.9815363349131123, "greedy_threshold": 0.3, "greedy_f2": 0.9822629122834771}, "ensemble_val1_label3.xgb": {"eta": 0.05, "max_depth": 5, "min_child_weight": 4, "best_iteration": 48, "best_ntree_limit": 49, "smooth_f2": 0.0856721423850065, "f2_0.1": 0.37704918032786877, "f2_0.2": 0.339622641509434, "greedy_threshold": 0.09, "greedy_f2": 0.41800643086816724}, "ensemble_val1_label4.xgb": {"eta": 0.05, "max_depth": 2, "min_child_weight": 1, "best_iteration": 7, "best_ntree_limit": 8, "smooth_f2": 0.5082548287015691, "f2_0.1": 0.7242713240644988, "f2_0.2": 0.7242713240644988, "greedy_threshold": 0.4, "greedy_f2": 0.8321877222090541}, "ensemble_val1_label5.xgb": {"eta": 0.05, "max_depth": 3, "min_child_weight": 4, "best_iteration": 30, "best_ntree_limit": 31, "smooth_f2": 0.47068617823276027, "f2_0.1": 0.486964255934182, "f2_0.2": 0.7733307491035953, "greedy_threshold": 0.21, "greedy_f2": 0.7789979409746053}, "ensemble_val1_label6.xgb": {"eta": 0.05, "max_depth": 2, "min_child_weight": 5, "best_iteration": 19, "best_ntree_limit": 20, "smooth_f2": 0.025220607930034847, "f2_0.1": 0.015291895295493388, "f2_0.2": 0.1256281407035176, "greedy_threshold": 0.3, "greedy_f2": 0.475}, "ensemble_val1_label7.xgb": {"eta": 0.05, "max_depth": 9, "min_child_weight": 3, "best_iteration": 21, "best_ntree_limit": 22, "smooth_f2": 0.14622508607005938, "f2_0.1": 0.10738366769333223, "f2_0.2": 0.47846889952153104, "greedy_threshold": 0.26, "greedy_f2": 0.5340095465393795}, "ensemble_val1_label8.xgb": {"eta": 0.05, "max_depth": 7, "min_child_weight": 2, "best_iteration": 48, "best_ntree_limit": 49, "smooth_f2": 0.907249503595326, "f2_0.1": 0.97908556447128, "f2_0.2": 0.9800895968143356, "greedy_threshold": 0.31, "greedy_f2": 0.9811358419003894}, "ensemble_val1_label9.xgb": {"eta": 0.05, "max_depth": 3, "min_child_weight": 1, "best_iteration": 21, "best_ntree_limit": 22, "smooth_f2": 0.35672429357021995, "f2_0.1": 0.4219701996742475, "f2_0.2": 0.6012888001452169, "greedy_threshold": 0.24, "greedy_f2": 0.6573141758117432}, "ensemble_val1_label10.xgb": {"eta": 0.05, "max_depth": 3, "min_child_weight": 2, "best_iteration": 27, "best_ntree_limit": 28, "smooth_f2": 0.44391487908956717, "f2_0.1": 0.2645559623806447, "f2_0.2": 0.798774740810556, "greedy_threshold": 0.21, "greedy_f2": 0.8031889576392195}, "ensemble_val1_label11.xgb": {"eta": 0.05, "max_depth": 3, "min_child_weight": 4, "best_iteration": 35, "best_ntree_limit": 36, "smooth_f2": 0.18701491178712576, "f2_0.1": 0.47187981510015414, "f2_0.2": 0.5898876404494381, "greedy_threshold": 0.18, "greedy_f2": 0.6005917159763313}, "ensemble_val1_label12.xgb": {"eta": 0.05, "max_depth": 3, "min_child_weight": 2, "best_iteration": 38, "best_ntree_limit": 39, "smooth_f2": 0.11300434410812497, "f2_0.1": 0.27699530516431925, "f2_0.2": 0.4610655737704918, "greedy_threshold": 0.3, "greedy_f2": 0.5570652173913043}, "ensemble_val2_label0.xgb": {"eta": 0.05, "max_depth": 3, "min_child_weight": 5, "best_iteration": 9, "best_ntree_limit": 10, "smooth_f2": 0.01591403183433027, "f2_0.1": 0.012173128944995492, "f2_0.2": 0.012173128944995492, "greedy_threshold": 0.35, "greedy_f2": 0.6250000000000001}, "ensemble_val2_label1.xgb": {"eta": 0.05, "max_depth": 4, "min_child_weight": 1, "best_iteration": 21, "best_ntree_limit": 22, "smooth_f2": 0.36662129991213505, "f2_0.1": 0.29894693085769714, "f2_0.2": 0.6329013906447534, "greedy_threshold": 0.27, "greedy_f2": 0.7137223974763408}, "ensemble_val2_label2.xgb": {"eta": 0.05, "max_depth": 6, "min_child_weight": 5, "best_iteration": 41, "best_ntree_limit": 42, "smooth_f2": 0.8887119933576383, "f2_0.1": 0.9809615687509845, "f2_0.2": 0.9821340440232948, "greedy_threshold": 0.29, "greedy_f2": 0.9828687859785169}, "ensemble_val2_label3.xgb": {"eta": 0.05, "max_depth": 10, "min_child_weight": 4, "best_iteration": 44, "best_ntree_limit": 45, "smooth_f2": 0.06576051309091582, "f2_0.1": 0.45289855072463775, "f2_0.2": 0.37190082644628103, "greedy_threshold": 0.09, "greedy_f2": 0.470383275261324}, "ensemble_val2_label4.xgb": {"eta": 0.05, "max_depth": 8, "min_child_weight": 5, "best_iteration": 55, "best_ntree_limit": 56, "smooth_f2": 0.613360756246607, "f2_0.1": 0.8237079313312496, "f2_0.2": 0.8324531925108017, "greedy_threshold": 0.15, "greedy_f2": 0.8364356062391028}, "ensemble_val2_label5.xgb": {"eta": 0.05, "max_depth": 3, "min_child_weight": 1, "best_iteration": 20, "best_ntree_limit": 21, "smooth_f2": 0.4472009650675638, "f2_0.1": 0.49216075963343275, "f2_0.2": 0.6996351844345359, "greedy_threshold": 0.3, "greedy_f2": 0.7697621632290534}, "ensemble_val2_label6.xgb": {"eta": 0.05, "max_depth": 4, "min_child_weight": 1, "best_iteration": 38, "best_ntree_limit": 39, "smooth_f2": 0.04155430125898304, "f2_0.1": 0.32094594594594594, "f2_0.2": 0.3296703296703297, "greedy_threshold": 0.15, "greedy_f2": 0.4336734693877552}, "ensemble_val2_label7.xgb": {"eta": 0.05, "max_depth": 2, "min_child_weight": 1, "best_iteration": 22, "best_ntree_limit": 23, "smooth_f2": 0.14495295395416982, "f2_0.1": 0.11418169783220256, "f2_0.2": 0.5620052770448549, "greedy_threshold": 0.21, "greedy_f2": 0.5722222222222222}, "ensemble_val2_label8.xgb": {"eta": 0.05, "max_depth": 4, "min_child_weight": 4, "best_iteration": 29, "best_ntree_limit": 30, "smooth_f2": 0.8442806201366113, "f2_0.1": 0.9781575507940907, "f2_0.2": 0.9800710613549296, "greedy_threshold": 0.36, "greedy_f2": 0.9818170943238232}, "ensemble_val2_label9.xgb": {"eta": 0.05, "max_depth": 3, "min_child_weight": 1, "best_iteration": 15, "best_ntree_limit": 16, "smooth_f2": 0.34121347612984704, "f2_0.1": 0.41631240131179403, "f2_0.2": 0.41631240131179403, "greedy_threshold": 0.3, "greedy_f2": 0.6551177259973161}, "ensemble_val2_label10.xgb": {"eta": 0.05, "max_depth": 2, "min_child_weight": 1, "best_iteration": 12, "best_ntree_limit": 13, "smooth_f2": 0.3337015518267676, "f2_0.1": 0.27350974534073125, "f2_0.2": 0.27350974534073125, "greedy_threshold": 0.35, "greedy_f2": 0.8146262439250173}, "ensemble_val2_label11.xgb": {"eta": 0.05, "max_depth": 2, "min_child_weight": 1, "best_iteration": 41, "best_ntree_limit": 42, "smooth_f2": 0.19396408770860749, "f2_0.1": 0.5065879145842799, "f2_0.2": 0.5460526315789473, "greedy_threshold": 0.18, "greedy_f2": 0.5632911392405064}, "ensemble_val2_label12.xgb": {"eta": 0.05, "max_depth": 2, "min_child_weight": 1, "best_iteration": 31, "best_ntree_limit": 32, "smooth_f2": 0.09996044111717005, "f2_0.1": 0.03496194016640113, "f2_0.2": 0.6341463414634146, "greedy_threshold": 0.18, "greedy_f2": 0.6626506024096385}, "ensemble_val3_label0.xgb": {"eta": 0.05, "max_depth": 8, "min_child_weight": 2, "best_iteration": 6, "best_ntree_limit": 7, "smooth_f2": 0.010402440710105638, "f2_0.1": 0.008591842271863976, "f2_0.2": 0.008591842271863976, "greedy_threshold": 0.45, "greedy_f2": 0.45454545454545453}, "ensemble_val3_label1.xgb": {"eta": 0.05, "max_depth": 2, "min_child_weight": 1, "best_iteration": 9, "best_ntree_limit": 10, "smooth_f2": 0.2819402508790176, "f2_0.1": 0.2955288227522425, "f2_0.2": 0.2955288227522425, "greedy_threshold": 0.35, "greedy_f2": 0.7108385280514781}, "ensemble_val3_label2.xgb": {"eta": 0.05, "max_depth": 3, "min_child_weight": 1, "best_iteration": 14, "best_ntree_limit": 15,