{"ensemble_val1_label0.xgb": {"eta": 0.1, "max_depth": 5, "min_child_weight": 4, "best_iteration": 23, "best_ntree_limit": 24, "smooth_f2": 0.04596802050882264, "f2_0.1": 0.5426356589147286, "f2_0.2": 0.6, "greedy_threshold": 0.22, "greedy_f2": 0.625}, "ensemble_val1_label1.xgb": {"eta": 0.05, "max_depth": 5, "min_child_weight": 4, "best_iteration": 22, "best_ntree_limit": 23, "smooth_f2": 0.3592997109928846, "f2_0.1": 0.30732779342078154, "f2_0.2": 0.6844305120167189, "greedy_threshold": 0.27, "greedy_f2": 0.7270935960591133}, "ensemble_val1_label2.xgb": {"eta": 0.2, "max_depth": 10, "min_child_weight": 4, "best_iteration": 22, "best_ntree_limit": 23, "smooth_f2": 0.9426931221851156, "f2_0.1": 0.9818713219321458, "f2_0.2": 0.9825383641828824, "greedy_threshold": 0.21, "greedy_f2": 0.9825772258038997}, "ensemble_val1_label3.xgb": {"eta": 0.1, "max_depth": 3, "min_child_weight": 4, "best_iteration": 11, "best_ntree_limit": 12, "smooth_f2": 0.037167870844504666, "f2_0.1": 0.024988844265952694, "f2_0.2": 0.32608695652173914, "greedy_threshold": 0.18, "greedy_f2": 0.4251700680272109}, "ensemble_val1_label4.xgb": {"eta": 0.15, "max_depth": 6, "min_child_weight": 5, "best_iteration": 3, "best_ntree_limit": 4, "smooth_f2": 0.538173336290984, "f2_0.1": 0.7242713240644988, "f2_0.2": 0.7242713240644988, "greedy_threshold": 0.35, "greedy_f2": 0.8325451622056181}, "ensemble_val1_label5.xgb": {"eta": 0.1, "max_depth": 2, "min_child_weight": 1, "best_iteration": 15, "best_ntree_limit": 16, "smooth_f2": 0.4684973117361364, "f2_0.1": 0.486964255934182, "f2_0.2": 0.773290722448189, "greedy_threshold": 0.21, "greedy_f2": 0.7755920923859856}, "ensemble_val1_label6.xgb": {"eta": 0.15, "max_depth": 5, "min_child_weight": 5, "best_iteration": 8, "best_ntree_limit": 9, "smooth_f2": 0.032754000964151875, "f2_0.1": 0.015291895295493388, "f2_0.2": 0.47826086956521746, "greedy_threshold": 0.21, "greedy_f2": 0.4932735426008969}, "ensemble_val1_label7.xgb": {"eta": 0.2, "max_depth": 7, "min_child_weight": 5, "best_iteration": 9, "best_ntree_limit": 10, "smooth_f2": 0.19507735920198602, "f2_0.1": 0.45713035870516183, "f2_0.2": 0.5055087491898898, "greedy_threshold": 0.18, "greedy_f2": 0.5336212214682295}, "ensemble_val1_label8.xgb": {"eta": 0.2, "max_depth": 7, "min_child_weight": 5, "best_iteration": 32, "best_ntree_limit": 33, "smooth_f2": 0.939727145127241, "f2_0.1": 0.9797351046058389, "f2_0.2": 0.9806599541421595, "greedy_threshold": 0.15, "greedy_f2": 0.9810618129679783}, "ensemble_val1_label9.xgb": {"eta": 0.05, "max_depth": 5, "min_child_weight": 1, "best_iteration": 43, "best_ntree_limit": 44, "smooth_f2": 0.3664898880292409, "f2_0.1": 0.6130446953438461, "f2_0.2": 0.6431406598858844, "greedy_threshold": 0.17, "greedy_f2": 0.6569556569556569}, "ensemble_val1_label10.xgb": {"eta": 0.1, "max_depth": 4, "min_child_weight": 3, "best_iteration": 24, "best_ntree_limit": 25, "smooth_f2": 0.542068744403968, "f2_0.1": 0.785161583978152, "f2_0.2": 0.7976132489040428, "greedy_threshold": 0.18, "greedy_f2": 0.8050132562063147}, "ensemble_val1_label11.xgb": {"eta": 0.2, "max_depth": 2, "min_child_weight": 1, "best_iteration": 11, "best_ntree_limit": 12, "smooth_f2": 0.20925838609366115, "f2_0.1": 0.5700836820083682, "f2_0.2": 0.5437756497948016, "greedy_threshold": 0.15, "greedy_f2": 0.6003638568829595}, "ensemble_val1_label12.xgb": {"eta": 0.15, "max_depth": 10, "min_child_weight": 3, "best_iteration": 8, "best_ntree_limit": 9, "smooth_f2": 0.06505892796605336, "f2_0.1": 0.02934637616718542, "f2_0.2": 0.5401662049861496, "greedy_threshold": 0.2, "greedy_f2": 0.5401662049861496}, "ensemble_val2_label0.xgb": {"eta": 0.2, "max_depth": 8, "min_child_weight": 2, "best_iteration": 23, "best_ntree_limit": 24, "smooth_f2": 0.14888556505570788, "f2_0.1": 0.5281690140845071, "f2_0.2": 0.31496062992125984, "greedy_threshold": 0.06, "greedy_f2": 0.5960264900662251}, "ensemble_val2_label1.xgb": {"eta": 0.15, "max_depth": 5, "min_child_weight": 5, "best_iteration": 28, "best_ntree_limit": 29, "smooth_f2": 0.4848331377468771, "f2_0.1": 0.7000937207122775, "f2_0.2": 0.6891093288307303, "greedy_threshold": 0.14, "greedy_f2": 0.7132894999003786}, "ensemble_val2_label2.xgb": {"eta": 0.15, "max_depth": 8, "min_child_weight": 5, "best_iteration": 19, "best_ntree_limit": 20, "smooth_f2": 0.9259916742890586, "f2_0.1": 0.9818874178718703, "f2_0.2": 0.9825932153100584, "greedy_threshold": 0.18, "greedy_f2": 0.9830166669961843}, "ensemble_val2_label3.xgb": {"eta": 0.2, "max_depth": 10, "min_child_weight": 4, "best_iteration": 35, "best_ntree_limit": 36, "smooth_f2": 0.23552810774720775, "f2_0.1": 0.42910447761194026, "f2_0.2": 0.3974895397489539, "greedy_threshold": 0.13, "greedy_f2": 0.45275590551181105}, "ensemble_val2_label4.xgb": {"eta": 0.1, "max_depth": 4, "min_child_weight": 4, "best_iteration": 28, "best_ntree_limit": 29, "smooth_f2": 0.61774528447255, "f2_0.1": 0.8254299587058131, "f2_0.2": 0.8303231710253817, "greedy_threshold": 0.15, "greedy_f2": 0.8370998116760828}, "ensemble_val2_label5.xgb": {"eta": 0.1, "max_depth": 5, "min_child_weight": 2, "best_iteration": 22, "best_ntree_limit": 23, "smooth_f2": 0.5049191868860001, "f2_0.1": 0.7427008908882422, "f2_0.2": 0.7656589606797076, "greedy_threshold": 0.21, "greedy_f2": 0.7684640685737067}, "ensemble_val2_label6.xgb": {"eta": 0.15, "max_depth": 2, "min_child_weight": 2, "best_iteration": 21, "best_ntree_limit": 22, "smooth_f2": 0.07613492712038263, "f2_0.1": 0.40201005025125625, "f2_0.2": 0.2941176470588235, "greedy_threshold": 0.09, "greedy_f2": 0.412621359223301}, "ensemble_val2_label7.xgb": {"eta": 0.1, "max_depth": 4, "min_child_weight": 3, "best_iteration": 15, "best_ntree_limit": 16, "smooth_f2": 0.17190764491576585, "f2_0.1": 0.26677284491339837, "f2_0.2": 0.5521659548505187, "greedy_threshold": 0.18, "greedy_f2": 0.5699481865284973}, "ensemble_val2_label8.xgb": {"eta": 0.15, "max_depth": 6, "min_child_weight": 3, "best_iteration": 12, "best_ntree_limit": 13, "smooth_f2": 0.8930046546071377, "f2_0.1": 0.9785235963070096, "f2_0.2": 0.9810573651431641, "greedy_threshold": 0.27, "greedy_f2": 0.9817815782654628}, "ensemble_val2_label9.xgb": {"eta": 0.2, "max_depth": 6, "min_child_weight": 4, "best_iteration": 33, "best_ntree_limit": 34, "smooth_f2": 0.4198226661648128, "f2_0.1": 0.6454773048873408, "f2_0.2": 0.6436542953542694, "greedy_threshold": 0.15, "greedy_f2": 0.660982099661345}, "ensemble_val2_label10.xgb": {"eta": 0.1, "max_depth": 7, "min_child_weight": 2, "best_iteration": 48, "best_ntree_limit": 49, "smooth_f2": 0.6172998975797468, "f2_0.1": 0.8009489380930863, "f2_0.2": 0.8055290753098188, "greedy_threshold": 0.18, "greedy_f2": 0.8115121490917669}, "ensemble_val2_label11.xgb": {"eta": 0.05, "max_depth": 9, "min_child_weight": 4, "best_iteration": 18, "best_ntree_limit": 19, "smooth_f2": 0.13883597553617588, "f2_0.1": 0.10508757297748124, "f2_0.2": 0.441834451901566, "greedy_threshold": 0.27, "greedy_f2": 0.5761067313523348}, "ensemble_val2_label12.xgb": {"eta": 0.05, "max_depth": 5, "min_child_weight": 1, "best_iteration": 41, "best_ntree_limit": 42, "smooth_f2": 0.15577747050542637, "f2_0.1": 0.5594405594405595, "f2_0.2": 0.6682577565632457, "greedy_threshold": 0.17, "greedy_f2": 0.6963470319634704}, "ensemble_val3_label0.xgb": {"eta": 0.1, "max_depth": 2, "min_child_weight": 2, "best_iteration": 25, "best_ntree_limit": 26, "smooth_f2": 0.03844909994696779, "f2_0.1": 0.21951219512195122, "f2_0.2": 0.38793103448275856, "greedy_threshold": 0.27, "greedy_f2": 0.4455445544554455}, "ensemble_val3_label1.xgb": {"eta": 0.05, "max_depth": 6, "min_child_weight": 2, "best_iteration": 32, "best_ntree_limit": 33, "smooth_f2": 0.3807147084054094, "f2_0.1": 0.4337637992084982, "f2_0.2": 0.6971059835745015, "greedy_threshold": 0.24, "greedy_f2": 0.7078467527146077}, "ensemble_val3_label2.xgb": {"eta": 0.15, "max_depth": 5, "min_child_weight": 3, "best_iteration": 25, "best_ntree_limit": 26, "smooth_f2": 0.9285465306888984,