{
  "ensemble_val1_label0.xgb": {
    "eta": 0.15,
    "max_depth": 3,
    "best_iteration": 7,
    "best_ntree_limit": 8,
    "smooth_f2": 0.018738283499516423,
    "f2_0.1": 0.008591842271863976,
    "f2_0.2": 0.6048387096774193,
    "greedy_threshold": 0.21,
    "greedy_f2": 0.6302521008403361
  },
  "ensemble_val1_label1.xgb": {
    "eta": 0.2,
    "max_depth": 3,
    "best_iteration": 4,
    "best_ntree_limit": 5,
    "smooth_f2": 0.35549884328828285,
    "f2_0.1": 0.30732779342078154,
    "f2_0.2": 0.6538461538461537,
    "greedy_threshold": 0.28,
    "greedy_f2": 0.7236320380650278
  },
  "ensemble_val1_label2.xgb": {
    "eta": 0.15,
    "max_depth": 6,
    "best_iteration": 15,
    "best_ntree_limit": 16,
    "smooth_f2": 0.9149342076920395,
    "f2_0.1": 0.9813489481674257,
    "f2_0.2": 0.9820652603302522,
    "greedy_threshold": 0.22,
    "greedy_f2": 0.9823157478759138
  },
  "ensemble_val1_label3.xgb": {
    "eta": 0.2,
    "max_depth": 5,
    "best_iteration": 26,
    "best_ntree_limit": 27,
    "smooth_f2": 0.19927771543894066,
    "f2_0.1": 0.3731343283582089,
    "f2_0.2": 0.35019455252918286,
    "greedy_threshold": 0.03,
    "greedy_f2": 0.42168674698795183
  },
  "ensemble_val1_label4.xgb": {
    "eta": 0.2,
    "max_depth": 6,
    "best_iteration": 38,
    "best_ntree_limit": 39,
    "smooth_f2": 0.6280112115489286,
    "f2_0.1": 0.8259357554681065,
    "f2_0.2": 0.8312167537259788,
    "greedy_threshold": 0.18,
    "greedy_f2": 0.8332540663939884
  },
  "ensemble_val1_label5.xgb": {
    "eta": 0.2,
    "max_depth": 5,
    "best_iteration": 11,
    "best_ntree_limit": 12,
    "smooth_f2": 0.511523630463724,
    "f2_0.1": 0.743820224719101,
    "f2_0.2": 0.7702770780856423,
    "greedy_threshold": 0.17,
    "greedy_f2": 0.7781391681450818
  },
  "ensemble_val1_label6.xgb": {
    "eta": 0.15,
    "max_depth": 9,
    "best_iteration": 33,
    "best_ntree_limit": 34,
    "smooth_f2": 0.15477584077389264,
    "f2_0.1": 0.45454545454545453,
    "f2_0.2": 0.24539877300613494,
    "greedy_threshold": 0.06,
    "greedy_f2": 0.5339805825242718
  },
  "ensemble_val1_label7.xgb": {
    "eta": 0.05,
    "max_depth": 6,
    "best_iteration": 13,
    "best_ntree_limit": 14,
    "smooth_f2": 0.1272214522293555,
    "f2_0.1": 0.10738366769333223,
    "f2_0.2": 0.10738366769333223,
    "greedy_threshold": 0.29,
    "greedy_f2": 0.5273660205245154
  },
  "ensemble_val1_label8.xgb": {
    "eta": 0.1,
    "max_depth": 9,
    "best_iteration": 29,
    "best_ntree_limit": 30,
    "smooth_f2": 0.9262050793810352,
    "f2_0.1": 0.9802088513177524,
    "f2_0.2": 0.9808163997846332,
    "greedy_threshold": 0.25,
    "greedy_f2": 0.9813727839003353
  },
  "ensemble_val1_label9.xgb": {
    "eta": 0.2,
    "max_depth": 5,
    "best_iteration": 4,
    "best_ntree_limit": 5,
    "smooth_f2": 0.3608361222209639,
    "f2_0.1": 0.4219701996742475,
    "f2_0.2": 0.5999087591240877,
    "greedy_threshold": 0.25,
    "greedy_f2": 0.6566068515497554
  },
  "ensemble_val1_label10.xgb": {
    "eta": 0.1,
    "max_depth": 4,
    "best_iteration": 37,
    "best_ntree_limit": 38,
    "smooth_f2": 0.5773908041815804,
    "f2_0.1": 0.7940764925373136,
    "f2_0.2": 0.800689825080069,
    "greedy_threshold": 0.18,
    "greedy_f2": 0.807551766138855
  },
  "ensemble_val1_label11.xgb": {
    "eta": 0.1,
    "max_depth": 5,
    "best_iteration": 16,
    "best_ntree_limit": 17,
    "smooth_f2": 0.18669430895454872,
    "f2_0.1": 0.4538799414348463,
    "f2_0.2": 0.5900243309002433,
    "greedy_threshold": 0.16,
    "greedy_f2": 0.6001106194690266
  },
  "ensemble_val1_label12.xgb": {
    "eta": 0.1,
    "max_depth": 7,
    "best_iteration": 19,
    "best_ntree_limit": 20,
    "smooth_f2": 0.09995415265676062,
    "f2_0.1": 0.5125284738041003,
    "f2_0.2": 0.47546012269938653,
    "greedy_threshold": 0.16,
    "greedy_f2": 0.5665722379603401
  },
  "ensemble_val2_label0.xgb": {
    "eta": 0.15,
    "max_depth": 6,
    "best_iteration": 13,
    "best_ntree_limit": 14,
    "smooth_f2": 0.038218627149409344,
    "f2_0.1": 0.5120481927710844,
    "f2_0.2": 0.3968253968253968,
    "greedy_threshold": 0.1,
    "greedy_f2": 0.5120481927710844
  },
  "ensemble_val2_label1.xgb": {
    "eta": 0.15,
    "max_depth": 3,
    "best_iteration": 38,
    "best_ntree_limit": 39,
    "smooth_f2": 0.4988689481977803,
    "f2_0.1": 0.6967366841710428,
    "f2_0.2": 0.7033670729188184,
    "greedy_threshold": 0.15,
    "greedy_f2": 0.7120253164556963
  },
  "ensemble_val2_label2.xgb": {
    "eta": 0.15,
    "max_depth": 6,
    "best_iteration": 16,
    "best_ntree_limit": 17,
    "smooth_f2": 0.9177263160754944,
    "f2_0.1": 0.9819967266775776,
    "f2_0.2": 0.9828434763702489,
    "greedy_threshold": 0.19,
    "greedy_f2": 0.9831432918996895
  },
  "ensemble_val2_label3.xgb": {
    "eta": 0.05,
    "max_depth": 7,
    "best_iteration": 6,
    "best_ntree_limit": 7,
    "smooth_f2": 0.025867177502765983,
    "f2_0.1": 0.0219180533190195,
    "f2_0.2": 0.0219180533190195,
    "greedy_threshold": 0.39,
    "greedy_f2": 0.48913043478260865
  },
  "ensemble_val2_label4.xgb": {
    "eta": 0.1,
    "max_depth": 4,
    "best_iteration": 14,
    "best_ntree_limit": 15,
    "smooth_f2": 0.5881463321773678,
    "f2_0.1": 0.7215720994687813,
    "f2_0.2": 0.8347781266107493,
    "greedy_threshold": 0.2,
    "greedy_f2": 0.8347781266107493
  },
  "ensemble_val2_label5.xgb": {
    "eta": 0.15,
    "max_depth": 5,
    "best_iteration": 12,
    "best_ntree_limit": 13,
    "smooth_f2": 0.49629640106535494,
    "f2_0.1": 0.7257448433919023,
    "f2_0.2": 0.7662197866718857,
    "greedy_threshold": 0.21,
    "greedy_f2": 0.7665024630541872
  },
  "ensemble_val2_label6.xgb": {
    "eta": 0.15,
    "max_depth": 4,
    "best_iteration": 7,
    "best_ntree_limit": 8,
    "smooth_f2": 0.027819987310515232,
    "f2_0.1": 0.016621743036837378,
    "f2_0.2": 0.39603960396039606,
    "greedy_threshold": 0.22,
    "greedy_f2": 0.4166666666666667
  },
  "ensemble_val2_label7.xgb": {
    "eta": 0.2,
    "max_depth": 3,
    "best_iteration": 5,
    "best_ntree_limit": 6,
    "smooth_f2": 0.15039354970687507,
    "f2_0.1": 0.11418169783220256,
    "f2_0.2": 0.5567991046446558,
    "greedy_threshold": 0.19,
    "greedy_f2": 0.564430244941427
  },
  "ensemble_val2_label8.xgb": {
    "eta": 0.1,
    "max_depth": 8,
    "best_iteration": 30,
    "best_ntree_limit": 31,
    "smooth_f2": 0.9270571430219983,
    "f2_0.1": 0.9806824731204163,
    "f2_0.2": 0.9815663611000398,
    "greedy_threshold": 0.2,
    "greedy_f2": 0.9815663611000398
  },
  "ensemble_val2_label9.xgb": {
    "eta": 0.1,
    "max_depth": 3,
    "best_iteration": 14,
    "best_ntree_limit": 15,
    "smooth_f2": 0.3646777477350351,
    "f2_0.1": 0.41631240131179403,
    "f2_0.2": 0.6590882994603284,
    "greedy_threshold": 0.2,
    "greedy_f2": 0.6590882994603284
  },
  "ensemble_val2_label10.xgb": {
    "eta": 0.15,
    "max_depth": 6,
    "best_iteration": 16,
    "best_ntree_limit": 17,
    "smooth_f2": 0.5517322721525897,
    "f2_0.1": 0.7861842105263157,
    "f2_0.2": 0.806338028169014,
    "greedy_threshold": 0.2,
    "greedy_f2": 0.806338028169014
  },
  "ensemble_val2_label11.xgb": {
    "eta": 0.1,
    "max_depth": 3,
    "best_iteration": 11,
    "best_ntree_limit": 12,
    "smooth_f2": 0.15151569046633157,
    "f2_0.1": 0.10508757297748124,
    "f2_0.2": 0.5619517543859649,
    "greedy_threshold": 0.2,
    "greedy_f2": 0.5619517543859649
  },
  "ensemble_val2_label12.xgb": {
    "eta": 0.2,
    "max_depth": 5,
    "best_iteration": 18,
    "best_ntree_limit": 19,
    "smooth_f2": 0.31554146723519416,
    "f2_0.1": 0.608108108108108,
    "f2_0.2": 0.6329113924050633,