{"ensemble_val1_label0.xgb": {"eta": 0.15, "max_depth": 3, "best_iteration": 7, "best_ntree_limit": 8, "smooth_f2": 0.018738283499516423, "f2_0.1": 0.008591842271863976, "f2_0.2": 0.6048387096774193, "greedy_threshold": 0.21, "greedy_f2": 0.6302521008403361}, "ensemble_val1_label1.xgb": {"eta": 0.2, "max_depth": 3, "best_iteration": 4, "best_ntree_limit": 5, "smooth_f2": 0.35549884328828285, "f2_0.1": 0.30732779342078154, "f2_0.2": 0.6538461538461537, "greedy_threshold": 0.28, "greedy_f2": 0.7236320380650278}, "ensemble_val1_label2.xgb": {"eta": 0.15, "max_depth": 6, "best_iteration": 15, "best_ntree_limit": 16, "smooth_f2": 0.9149342076920395, "f2_0.1": 0.9813489481674257, "f2_0.2": 0.9820652603302522, "greedy_threshold": 0.22, "greedy_f2": 0.9823157478759138}, "ensemble_val1_label3.xgb": {"eta": 0.2, "max_depth": 5, "best_iteration": 26, "best_ntree_limit": 27, "smooth_f2": 0.19927771543894066, "f2_0.1": 0.3731343283582089, "f2_0.2": 0.35019455252918286, "greedy_threshold": 0.03, "greedy_f2": 0.42168674698795183}, "ensemble_val1_label4.xgb": {"eta": 0.2, "max_depth": 6, "best_iteration": 38, "best_ntree_limit": 39, "smooth_f2": 0.6280112115489286, "f2_0.1": 0.8259357554681065, "f2_0.2": 0.8312167537259788, "greedy_threshold": 0.18, "greedy_f2": 0.8332540663939884}, "ensemble_val1_label5.xgb": {"eta": 0.2, "max_depth": 5, "best_iteration": 11, "best_ntree_limit": 12, "smooth_f2": 0.511523630463724, "f2_0.1": 0.743820224719101, "f2_0.2": 0.7702770780856423, "greedy_threshold": 0.17, "greedy_f2": 0.7781391681450818}, "ensemble_val1_label6.xgb": {"eta": 0.15, "max_depth": 9, "best_iteration": 33, "best_ntree_limit": 34, "smooth_f2": 0.15477584077389264, "f2_0.1": 0.45454545454545453, "f2_0.2": 0.24539877300613494, "greedy_threshold": 0.06, "greedy_f2": 0.5339805825242718}, "ensemble_val1_label7.xgb": {"eta": 0.05, "max_depth": 6, "best_iteration": 13, "best_ntree_limit": 14, "smooth_f2": 0.1272214522293555, "f2_0.1": 0.10738366769333223, "f2_0.2": 0.10738366769333223, "greedy_threshold": 0.29, "greedy_f2": 0.5273660205245154}, "ensemble_val1_label8.xgb": {"eta": 0.1, "max_depth": 9, "best_iteration": 29, "best_ntree_limit": 30, "smooth_f2": 0.9262050793810352, "f2_0.1": 0.9802088513177524, "f2_0.2": 0.9808163997846332, "greedy_threshold": 0.25, "greedy_f2": 0.9813727839003353}, "ensemble_val1_label9.xgb": {"eta": 0.2, "max_depth": 5, "best_iteration": 4, "best_ntree_limit": 5, "smooth_f2": 0.3608361222209639, "f2_0.1": 0.4219701996742475, "f2_0.2": 0.5999087591240877, "greedy_threshold": 0.25, "greedy_f2": 0.6566068515497554}, "ensemble_val1_label10.xgb": {"eta": 0.1, "max_depth": 4, "best_iteration": 37, "best_ntree_limit": 38, "smooth_f2": 0.5773908041815804, "f2_0.1": 0.7940764925373136, "f2_0.2": 0.800689825080069, "greedy_threshold": 0.18, "greedy_f2": 0.807551766138855}, "ensemble_val1_label11.xgb": {"eta": 0.1, "max_depth": 5, "best_iteration": 16, "best_ntree_limit": 17, "smooth_f2": 0.18669430895454872, "f2_0.1": 0.4538799414348463, "f2_0.2": 0.5900243309002433, "greedy_threshold": 0.16, "greedy_f2": 0.6001106194690266}, "ensemble_val1_label12.xgb": {"eta": 0.1, "max_depth": 7, "best_iteration": 19, "best_ntree_limit": 20, "smooth_f2": 0.09995415265676062, "f2_0.1": 0.5125284738041003, "f2_0.2": 0.47546012269938653, "greedy_threshold": 0.16, "greedy_f2": 0.5665722379603401}, "ensemble_val2_label0.xgb": {"eta": 0.15, "max_depth": 6, "best_iteration": 13, "best_ntree_limit": 14, "smooth_f2": 0.038218627149409344, "f2_0.1": 0.5120481927710844, "f2_0.2": 0.3968253968253968, "greedy_threshold": 0.1, "greedy_f2": 0.5120481927710844}, "ensemble_val2_label1.xgb": {"eta": 0.15, "max_depth": 3, "best_iteration": 38, "best_ntree_limit": 39, "smooth_f2": 0.4988689481977803, "f2_0.1": 0.6967366841710428, "f2_0.2": 0.7033670729188184, "greedy_threshold": 0.15, "greedy_f2": 0.7120253164556963}, "ensemble_val2_label2.xgb": {"eta": 0.15, "max_depth": 6, "best_iteration": 16, "best_ntree_limit": 17, "smooth_f2": 0.9177263160754944, "f2_0.1": 0.9819967266775776, "f2_0.2": 0.9828434763702489, "greedy_threshold": 0.19, "greedy_f2": 0.9831432918996895}, "ensemble_val2_label3.xgb": {"eta": 0.05, "max_depth": 7, "best_iteration": 6, "best_ntree_limit": 7, "smooth_f2": 0.025867177502765983, "f2_0.1": 0.0219180533190195, "f2_0.2": 0.0219180533190195, "greedy_threshold": 0.39, "greedy_f2": 0.48913043478260865}, "ensemble_val2_label4.xgb": {"eta": 0.1, "max_depth": 4, "best_iteration": 20, "best_ntree_limit": 21, "smooth_f2": 0.604730654204567, "f2_0.1": 0.8043392849347362, "f2_0.2": 0.8323765786452353, "greedy_threshold": 0.16, "greedy_f2": 0.8361798699171775}, "ensemble_val2_label5.xgb": {"eta": 0.2, "max_depth": 6, "best_iteration": 7, "best_ntree_limit": 8, "smooth_f2": 0.4875583821931824, "f2_0.1": 0.6234986576232867, "f2_0.2": 0.7637954239569315, "greedy_threshold": 0.21, "greedy_f2": 0.766770065917022}, "ensemble_val2_label6.xgb": {"eta": 0.15, "max_depth": 3, "best_iteration": 21, "best_ntree_limit": 22, "smooth_f2": 0.08740768547000265, "f2_0.1": 0.390625, "f2_0.2": 0.2647058823529412, "greedy_threshold": 0.09, "greedy_f2": 0.4773869346733668}, "ensemble_val2_label7.xgb": {"eta": 0.05, "max_depth": 4, "best_iteration": 47, "best_ntree_limit": 48, "smooth_f2": 0.20317312959843226, "f2_0.1": 0.5513211382113822, "f2_0.2": 0.5065359477124183, "greedy_threshold": 0.13, "greedy_f2": 0.5729166666666666}, "ensemble_val2_label8.xgb": {"eta": 0.2, "max_depth": 7, "best_iteration": 15, "best_ntree_limit": 16, "smooth_f2": 0.927877425284573, "f2_0.1": 0.9805188351058544, "f2_0.2": 0.9811640422563283, "greedy_threshold": 0.17, "greedy_f2": 0.9817356145557393}, "ensemble_val2_label9.xgb": {"eta": 0.1, "max_depth": 3, "best_iteration": 17, "best_ntree_limit": 18, "smooth_f2": 0.3713638501328008, "f2_0.1": 0.5503685503685504, "f2_0.2": 0.6546478198370868, "greedy_threshold": 0.18, "greedy_f2": 0.6603339090385723}, "ensemble_val2_label10.xgb": {"eta": 0.2, "max_depth": 4, "best_iteration": 1, "best_ntree_limit": 2, "smooth_f2": 0.2966104230455988, "f2_0.1": 0.27350974534073125, "f2_0.2": 0.27350974534073125, "greedy_threshold": 0.37, "greedy_f2": 0.8066015806601582}, "ensemble_val2_label11.xgb": {"eta": 0.1, "max_depth": 3, "best_iteration": 21, "best_ntree_limit": 22, "smooth_f2": 0.20967871841844976, "f2_0.1": 0.5250481695568401, "f2_0.2": 0.5406290956749672, "greedy_threshold": 0.13, "greedy_f2": 0.5782122905027932}, "ensemble_val2_label12.xgb": {"eta": 0.1, "max_depth": 4, "best_iteration": 12, "best_ntree_limit": 13, "smooth_f2": 0.09947016186597747, "f2_0.1": 0.03496194016640113, "f2_0.2": 0.5818540433925049, "greedy_threshold": 0.31, "greedy_f2": 0.6495098039215687}, "ensemble_val3_label0.xgb": {"eta": 0.2, "max_depth": 6, "best_iteration": 6, "best_ntree_limit": 7, "smooth_f2": 0.016530452798537848, "f2_0.1": 0.008591842271863976, "f2_0.2": 0.32258064516129037, "greedy_threshold": 0.28, "greedy_f2": 0.43103448275862066}, "ensemble_val3_label1.xgb": {"eta": 0.1, "max_depth": 8, "best_iteration": 20, "best_ntree_limit": 21, "smooth_f2": 0.3849752995551565, "f2_0.1": 0.6372062231049322, "f2_0.2": 0.7040670345391375, "greedy_threshold": 0.19, "greedy_f2": 0.7093705727585509}, "ensemble_val3_label2.xgb": {"eta": 0.1, "max_depth": 9, "best_iteration": 33, "best_ntree_limit": 34, "smooth_f2": 0.9287375823142694, "f2_0.1": 0.9812459454677702, "f2_0.2": 0.9825349006635558, "greedy_threshold": 0.27, "greedy_f2": 0.9831881430091846}, "ensemble_val3_label3.xgb": {"eta": 0.05, "max_depth": 5, "best_iteration": 23, "best_ntree_limit": 24, "smooth_f2": 0.04220328428635039, "f2_0.1": 0.019718562337545934, "f2_0.2": 0.45454545454545464, "greedy_threshold": 0.39, "greedy_f2": 0.5605381165919283}, "ensemble_val3_label4.xgb": {"eta": 0.2, "max_depth": 3, "best_iteration": 28, "best_ntree_limit": 29, "smooth_f2": 0.6095200275676206, "f2_0.1": 0.8302040446998146, "f2_0.2": 0.8367317905918058, "greedy_threshold": 0.18, "greedy_f2": 0.840116689408554}, "ensemble_val3_label5.xgb": {"eta": 0.1,