{
  "xgb_model2055_avg[cnn].txt": {
    "avg": 0.6559595599662005,
    "0": 0.3225806451612903,
    "1": 0.6841600766834413,
    "2": 0.9846140622313908,
    "3": 0.45000000000000007,
    "4": 0.8356838812246782,
    "5": 0.7760103181427344,
    "6": 0.3611111111111111,
    "7": 0.4693013408609739,
    "8": 0.9823655727393013,
    "9": 0.6678836711569935,
    "10": 0.7933630786391522,
    "11": 0.5327868852459017,
    "12": 0.6676136363636362
  },
  "xgb_model2055_avg[xgb].txt": {
    "avg": 0.6411548786008022,
    "0": 0.21551724137931036,
    "1": 0.6831003188619085,
    "2": 0.9845244492208489,
    "3": 0.4298642533936652,
    "4": 0.8359491586476612,
    "5": 0.776377268282082,
    "6": 0.29069767441860467,
    "7": 0.4817987152034261,
    "8": 0.9824740255514826,
    "9": 0.6697739752266633,
    "10": 0.7906521130702492,
    "11": 0.5245022970903522,
    "12": 0.6697819314641744
  },
  "xgb_model2055.txt": {
    "avg": 0.630990086672694,
    "0": 0.13636363636363635,
    "1": 0.6793412448534755,
    "2": 0.9841088938585927,
    "3": 0.4265402843601896,
    "4": 0.8332044739961858,
    "5": 0.7763157894736842,
    "6": 0.3142857142857143,
    "7": 0.4575892857142857,
    "8": 0.9808539735602493,
    "9": 0.6694991631260461,
    "10": 0.7781550650820601,
    "11": 0.5062362435803375,
    "12": 0.660377358490566
  },
  "xgb_model2105_avg[cnn].txt": {
    "avg": 0.656408491452878,
    "0": 0.34615384615384615,
    "1": 0.6861124232404344,
    "2": 0.9848924419229366,
    "3": 0.45000000000000007,
    "4": 0.8349589322381931,
    "5": 0.7764477515367194,
    "6": 0.335195530726257,
    "7": 0.46586059743954483,
    "8": 0.982346179704613,
    "9": 0.6688102893890676,
    "10": 0.7921067259588661,
    "11": 0.5272861356932154,
    "12": 0.683139534883721
  },
  "xgb_model2105_avg[xgb].txt": {
    "avg": 0.6438742118612281,
    "0": 0.2608695652173913,
    "1": 0.6833740831295844,
    "2": 0.9847361066322691,
    "3": 0.4477611940298507,
    "4": 0.8370214079868259,
    "5": 0.778178243774574,
    "6": 0.3179190751445087,
    "7": 0.47235829251224637,
    "8": 0.9824740255514826,
    "9": 0.6753042795445623,
    "10": 0.7932288752098489,
    "11": 0.5121396054628224,
    "12": 0.6249999999999999
  },
  "xgb_model2105.txt": {
    "avg": 0.6298538207125355,
    "0": 0.13513513513513514,
    "1": 0.6791171477079795,
    "2": 0.9840402649918266,
    "3": 0.4455445544554455,
    "4": 0.8340661045880102,
    "5": 0.7780584230177905,
    "6": 0.30726256983240224,
    "7": 0.44389204545454547,
    "8": 0.98116033251579,
    "9": 0.666797539589059,
    "10": 0.7791654839625319,
    "11": 0.5166051660516605,
    "12": 0.6372549019607843
  },
  "xgb_model2155_avg[cnn].txt": {
    "avg": 0.6625027275609205,
    "0": 0.35714285714285715,
    "1": 0.6915776986951364,
    "2": 0.9846335697399526,
    "3": 0.4639175257731959,
    "4": 0.8361221232559337,
    "5": 0.7778017009365916,
    "6": 0.36516853932584264,
    "7": 0.48285514345696284,
    "8": 0.9820808746962859,
    "9": 0.6728804902962207,
    "10": 0.7937829586455731,
    "11": 0.5101275318829707,
    "12": 0.6944444444444444
  },
  "xgb_model2155_avg[xgb].txt": {
    "avg": 0.6456061510278694,
    "0": 0.2608695652173913,
    "1": 0.6812055868659642,
    "2": 0.9845651145793026,
    "3": 0.4455445544554455,
    "4": 0.8356969728224434,
    "5": 0.7807562384221424,
    "6": 0.3055555555555555,
    "7": 0.47602501737317576,
    "8": 0.9821912756773171,
    "9": 0.6700896919277266,
    "10": 0.7892538975501114,
    "11": 0.5155420773313116,
    "12": 0.6655844155844157
  },
  "xgb_model2155.txt": {
    "avg": 0.6388597411348967,
    "0": 0.1388888888888889,
    "1": 0.6781720952843947,
    "2": 0.9838057550862401,
    "3": 0.46153846153846156,
    "4": 0.833203993998655,
    "5": 0.7784726793943383,
    "6": 0.35135135135135137,
    "7": 0.46029515108924807,
    "8": 0.9814199822013848,
    "9": 0.6706680584551149,
    "10": 0.7782155924570786,
    "11": 0.5235602094240838,
    "12": 0.6655844155844157
  },
  "xgb_model2205_avg[cnn].txt": {
    "avg": 0.6560196066052585,
    "0": 0.3149606299212598,
    "1": 0.6826877092300334,
    "2": 0.9845522516328635,
    "3": 0.48780487804878053,
    "4": 0.8347472877782921,
    "5": 0.7749731471535983,
    "6": 0.3488372093023256,
    "7": 0.4617036506800286,
    "8": 0.9823926101003967,
    "9": 0.6685499058380414,
    "10": 0.7932960893854749,
    "11": 0.5189028910303929,
    "12": 0.6748466257668712
  },
  "xgb_model2205_avg[xgb].txt": {
    "avg": 0.6391598497034686,
    "0": 0.21367521367521364,
    "1": 0.6825358270585379,
    "2": 0.9847866259830678,
    "3": 0.4326923076923077,
    "4": 0.8360343674435355,
    "5": 0.7776440993109484,
    "6": 0.28248587570621475,
    "7": 0.4734982332155477,
    "8": 0.9826714958034223,
    "9": 0.6708178200025678,
    "10": 0.7933370976849238,
    "11": 0.5122324159021406,
    "12": 0.6666666666666667
  },
  "xgb_model2205.txt": {
    "avg": 0.6313128317565494,
    "0": 0.17857142857142855,
    "1": 0.6763636363636363,
    "2": 0.9843518259785482,
    "3": 0.42857142857142855,
    "4": 0.8333333333333334,
    "5": 0.777060304257415,
    "6": 0.30726256983240224,
    "7": 0.46197583511016344,
    "8": 0.9817941150941758,
    "9": 0.6674003107198342,
    "10": 0.7797381900967557,
    "11": 0.511751326762699,
    "12": 0.6188925081433224
  }
}