{
  "xgb_model35": {
    "avg": 0.6930331203502719,
    "0": 0.5455778942218973,
    "1": 0.7035369973830469,
    "2": 0.9829636302978964,
    "3": 0.5152977846324176,
    "4": 0.8360393866293203,
    "5": 0.7716943338793678,
    "6": 0.47509070258948416,
    "7": 0.5377360230087611,
    "8": 0.9814687458215865,
    "9": 0.6604573576604318,
    "10": 0.8038606523438251,
    "11": 0.575747654223971,
    "12": 0.6199594018615284
  },
  "xgb_model55": {
    "avg": 0.696425643056194,
    "0": 0.5587004648432934,
    "1": 0.7059237875190477,
    "2": 0.9830807723649008,
    "3": 0.5101660023085388,
    "4": 0.8364977988825751,
    "5": 0.7722292237837814,
    "6": 0.4981196416220303,
    "7": 0.5413177517881911,
    "8": 0.9814298343450079,
    "9": 0.6612762154785594,
    "10": 0.8050200722256701,
    "11": 0.5772615857620592,
    "12": 0.6225102088068681
  },
  "xgb_model75": {
    "avg": 0.6964728636350462,
    "0": 0.5556950731445903,
    "1": 0.7056291564691843,
    "2": 0.983101822767361,
    "3": 0.5138246331153656,
    "4": 0.836035418835009,
    "5": 0.7726794372935292,
    "6": 0.49052126465709095,
    "7": 0.5380415598873587,
    "8": 0.9814260478279401,
    "9": 0.6617808203640904,
    "10": 0.8038080477710471,
    "11": 0.5824476055131964,
    "12": 0.629156339609839
  },
  "xgb_model105": {
    "avg": 0.7001463170935452,
    "0": 0.5901376407058128,
    "1": 0.7059949478968905,
    "2": 0.98308008298887,
    "3": 0.5220239108396779,
    "4": 0.8362943773868047,
    "5": 0.7730616624649725,
    "6": 0.49830928562156496,
    "7": 0.5388608745198745,
    "8": 0.9813261355469631,
    "9": 0.6615553805225207,
    "10": 0.8039766556900677,
    "11": 0.5798198929400696,
    "12": 0.6274612750919993
  },
  "xgb_model205": {
    "avg": 0.6993839236213516,
    "0": 0.5627876473949405,
    "1": 0.709566566246673,
    "2": 0.9830691680360495,
    "3": 0.5175362604007399,
    "4": 0.8369163337795256,
    "5": 0.7733419681903753,
    "6": 0.5037539424049206,
    "7": 0.5438687719716115,
    "8": 0.9814154525930805,
    "9": 0.6626040547750031,
    "10": 0.8117208943781421,
    "11": 0.5809513094880002,
    "12": 0.6244586374185072
  },
  "xgb_model255": {
    "avg": 0.7007851271346435,
    "0": 0.5802234944357167,
    "1": 0.7121679569191872,
    "2": 0.9829756771045967,
    "3": 0.5303741807119964,
    "4": 0.8370430662776636,
    "5": 0.774495942447736,
    "6": 0.49443238543380563,
    "7": 0.5460122990905175,
    "8": 0.981358001224657,
    "9": 0.6631396468952842,
    "10": 0.8105604790020433,
    "11": 0.5816975541985034,
    "12": 0.6157259690086573
  },
  "xgb_model1155": {
    "avg": 0.7003864073574187,
    "0": 0.5754281132087058,
    "1": 0.7110054245644075,
    "2": 0.9830604143710946,
    "3": 0.5264606907514763,
    "4": 0.8369873403545236,
    "5": 0.7738199457495821,
    "6": 0.49531332599816363,
    "7": 0.5457627577958059,
    "8": 0.9814275392114936,
    "9": 0.6627637129492449,
    "10": 0.8116455349011746,
    "11": 0.5821329971255341,
    "12": 0.6192154986652372
  },
  "xgb_model1205": {
    "avg": 0.6998606935660981,
    "0": 0.5748687605923315,
    "1": 0.7128369395590125,
    "2": 0.9830473588890489,
    "3": 0.5274350858773384,
    "4": 0.8368481540164474,
    "5": 0.7746164320383562,
    "6": 0.4875204114334549,
    "7": 0.5454137954237442,
    "8": 0.9813907631969603,
    "9": 0.6632946825763536,
    "10": 0.8109077123804778,
    "11": 0.5812669575326341,
    "12": 0.6187419628431161
  },
  "xgb_model2055": {
    "avg": 0.7006513653077087,
    "0": 0.5768204834182997,
    "1": 0.7091138413973738,
    "2": 0.9830085396378992,
    "3": 0.5315114918000675,
    "4": 0.8375618330735367,
    "5": 0.773202574674565,
    "6": 0.4914809218169059,
    "7": 0.5427794751484869,
    "8": 0.9814623588699105,
    "9": 0.6627049628986784,
    "10": 0.8113701973022589,
    "11": 0.5820734346610041,
    "12": 0.6253776343012246
  },
  "xgb_model2105": {
    "avg": 0.7012760943437357,
    "0": 0.5778513367933426,
    "1": 0.7093056350924375,
    "2": 0.9830966341243943,
    "3": 0.5322844292070232,
    "4": 0.837352393393255,
    "5": 0.7739584248023058,
    "6": 0.488424799988724,
    "7": 0.5424644026410009,
    "8": 0.9814751718796524,
    "9": 0.6627271664638452,
    "10": 0.8127264860169809,
    "11": 0.583841569781905,
    "12": 0.6310807762836976
  },
  "xgb_model2155": {
    "avg": 0.700677888889963,
    "0": 0.5783081404685618,
    "1": 0.7096370271418704,
    "2": 0.9830127864864252,
    "3": 0.5290283857137938,
    "4": 0.8372069682255857,
    "5": 0.7746015332884635,
    "6": 0.4871613798739457,
    "7": 0.5455975907173019,
    "8": 0.981536530089889,
    "9": 0.6633129420156239,
    "10": 0.8122575427854303,
    "11": 0.5819887721241713,
    "12": 0.6251629566384558
  },
  "xgb_model2205": {
    "avg": 0.7002478858940189,
    "0": 0.5706967842874305,
    "1": 0.7084236976427679,
    "2": 0.9830177999650607,
    "3": 0.5259270628260295,
    "4": 0.8371785502169555,
    "5": 0.7740735020635863,
    "6": 0.49151785805734793,
    "7": 0.5432341305374442,
    "8": 0.98145779891916,
    "9": 0.6638676595240753,
    "10": 0.8122525296700356,
    "11": 0.5835252832813504,
    "12": 0.6280498596310022
  },
  "xgb_model2005": {
    "avg": 0.6798059045315702,
    "0": 0.5245870329879093,
    "1": 0.6996696049958151,
    "2": 0.982770449103428,
    "3": 0.5068714329164037,
    "4": 0.8325916624550146,
    "5": 0.7665667846066473,
    "6": 0.4309021712617631,
    "7": 0.5215010770660524,
    "8": 0.9811334890501293,
    "9": 0.651807055844511,
    "10": 0.8038218923915238,
    "11": 0.5667728574156935,
    "12": 0.568481248815522
  },
  "cnn_model2005.txt": {
    "avg": 0.6752143067905656,
    "0": 0.515841052295402,
    "1": 0.6881560412085288,
    "2": 0.9825498714089875,
    "3": 0.5005218538525298,
    "4": 0.8314496050167474,
    "5": 0.7646785181810097,
    "6": 0.4324089431906691,
    "7": 0.5129310681176706,
    "8": 0.9807829301205706,
    "9": 0.6493750003845336,
    "10": 0.8022434184300804,
    "11": 0.5510873863595094,
    "12": 0.5657602997111144
  },
  "cnn_model2055.txt": {
    "avg": 0.6890444584650552,
    "0": 0.5496869335068936,
    "1": 0.7026744506784908,
    "2": 0.9826698071991586,
    "3": 0.49666414653039703,
    "4": 0.8365172876610586,
    "5": 0.7715374630030836,
    "6": 0.4464974773291317,
    "7": 0.5305409776669441,
    "8": 0.9810191641582247,
    "9": 0.6603664604218136,
    "10": 0.8057695531781937,
    "11": 0.575478485833148,
    "12": 0.6181557528791817
  },
  "cnn_model2105.txt": {
    "avg": 0.6838662482173827,
    "0": 0.5352805580238489,
    "1": 0.7031086613548255,
    "2": 0.982650864360741,
    "3": 0.4858920653202379,
    "4": 0.8361101232043803,
    "5": 0.7716424619363522,
    "6": 0.4226304191165182,
    "7": 0.5315754347169983,
    "8": 0.9810684233052234,
    "9": 0.6618177613562066,
    "10": 0.8043262648696048,
    "11": 0.5702730068053958,
    "12": 0.6038851824556414
  },
  "cnn_model2155.txt": {
    "avg": 0.6826983040249743,
    "0": 0.531188961805071,
    "1": 0.7063843723014548,
    "2": 0.9825652132539352,
    "3": 0.4927046193952669,
    "4": 0.8354066120178398,
    "5": 0.7717111867668103,
    "6": 0.4101811020984029,
    "7": 0.5337953527895801,
    "8": 0.9809979581266909,
    "9": 0.6614514329745049,
    "10": 0.80109278140744,
    "11": 0.573768322238064,
    "12": 0.5938300371496055
  },
  "cnn_model2205.txt": {
    "avg": 0.6754718188117426,
    "0": 0.48286174865456727,
    "1": 0.704621120191225,
    "2": 0.9825891871480881,
    "3": 0.4844821359413894,
    "4": 0.8351981994457762,
    "5": 0.771715923736714,
    "6": 0.4030773143725118,
    "7": 0.532559560316248,
    "8": 0.9809099311107754,