{
  "xgb_model35": {
    "avg": 0.6930331203502719,
    "0": 0.5455778942218973,
    "1": 0.7035369973830469,
    "2": 0.9829636302978964,
    "3": 0.5152977846324176,
    "4": 0.8360393866293203,
    "5": 0.7716943338793678,
    "6": 0.47509070258948416,
    "7": 0.5377360230087611,
    "8": 0.9814687458215865,
    "9": 0.6604573576604318,
    "10": 0.8038606523438251,
    "11": 0.575747654223971,
    "12": 0.6199594018615284
  },
  "xgb_model55": {
    "avg": 0.696425643056194,
    "0": 0.5587004648432934,
    "1": 0.7059237875190477,
    "2": 0.9830807723649008,
    "3": 0.5101660023085388,
    "4": 0.8364977988825751,
    "5": 0.7722292237837814,
    "6": 0.4981196416220303,
    "7": 0.5413177517881911,
    "8": 0.9814298343450079,
    "9": 0.6612762154785594,
    "10": 0.8050200722256701,
    "11": 0.5772615857620592,
    "12": 0.6225102088068681
  },
  "xgb_model75": {
    "avg": 0.6964728636350462,
    "0": 0.5556950731445903,
    "1": 0.7056291564691843,
    "2": 0.983101822767361,
    "3": 0.5138246331153656,
    "4": 0.836035418835009,
    "5": 0.7726794372935292,
    "6": 0.49052126465709095,
    "7": 0.5380415598873587,
    "8": 0.9814260478279401,
    "9": 0.6617808203640904,
    "10": 0.8038080477710471,
    "11": 0.5824476055131964,
    "12": 0.629156339609839
  },
  "xgb_model105": {
    "avg": 0.7001463170935452,
    "0": 0.5901376407058128,
    "1": 0.7059949478968905,
    "2": 0.98308008298887,
    "3": 0.5220239108396779,
    "4": 0.8362943773868047,
    "5": 0.7730616624649725,
    "6": 0.49830928562156496,
    "7": 0.5388608745198745,
    "8": 0.9813261355469631,
    "9": 0.6615553805225207,
    "10": 0.8039766556900677,
    "11": 0.5798198929400696,
    "12": 0.6274612750919993
  },
  "xgb_model205": {
    "avg": 0.6993839236213516,
    "0": 0.5627876473949405,
    "1": 0.709566566246673,
    "2": 0.9830691680360495,
    "3": 0.5175362604007399,
    "4": 0.8369163337795256,
    "5": 0.7733419681903753,
    "6": 0.5037539424049206,
    "7": 0.5438687719716115,
    "8": 0.9814154525930805,
    "9": 0.6626040547750031,
    "10": 0.8117208943781421,
    "11": 0.5809513094880002,
    "12": 0.6244586374185072
  },
  "xgb_model255": {
    "avg": 0.7007851271346435,
    "0": 0.5802234944357167,
    "1": 0.7121679569191872,
    "2": 0.9829756771045967,
    "3": 0.5303741807119964,
    "4": 0.8370430662776636,
    "5": 0.774495942447736,
    "6": 0.49443238543380563,
    "7": 0.5460122990905175,
    "8": 0.981358001224657,
    "9": 0.6631396468952842,
    "10": 0.8105604790020433,
    "11": 0.5816975541985034,
    "12": 0.6157259690086573
  },
  "xgb_model1155": {
    "avg": 0.7003864073574187,
    "0": 0.5754281132087058,
    "1": 0.7110054245644075,
    "2": 0.9830604143710946,
    "3": 0.5264606907514763,
    "4": 0.8369873403545236,
    "5": 0.7738199457495821,
    "6": 0.49531332599816363,
    "7": 0.5457627577958059,
    "8": 0.9814275392114936,
    "9": 0.6627637129492449,
    "10": 0.8116455349011746,
    "11": 0.5821329971255341,
    "12": 0.6192154986652372
  },
  "xgb_model1205": {
    "avg": 0.6998606935660981,
    "0": 0.5748687605923315,
    "1": 0.7128369395590125,
    "2": 0.9830473588890489,
    "3": 0.5274350858773384,
    "4": 0.8368481540164474,
    "5": 0.7746164320383562,
    "6": 0.4875204114334549,
    "7": 0.5454137954237442,
    "8": 0.9813907631969603,
    "9": 0.6632946825763536,
    "10": 0.8109077123804778,
    "11": 0.5812669575326341,
    "12": 0.6187419628431161
  },
  "xgb_model2055": {
    "avg": 0.7006513653077087,
    "0": 0.5768204834182997,
    "1": 0.7091138413973738,
    "2": 0.9830085396378992,
    "3": 0.5315114918000675,
    "4": 0.8375618330735367,
    "5": 0.773202574674565,
    "6": 0.4914809218169059,
    "7": 0.5427794751484869,
    "8": 0.9814623588699105,
    "9": 0.6627049628986784,
    "10": 0.8113701973022589,
    "11": 0.5820734346610041,
    "12": 0.6253776343012246
  },
  "xgb_model2105": {
    "avg": 0.7012760943437357,
    "0": 0.5778513367933426,
    "1": 0.7093056350924375,
    "2": 0.9830966341243943,
    "3": 0.5322844292070232,
    "4": 0.837352393393255,
    "5": 0.7739584248023058,
    "6": 0.488424799988724,
    "7": 0.5424644026410009,
    "8": 0.9814751718796524,
    "9": 0.6627271664638452,
    "10": 0.8127264860169809,
    "11": 0.583841569781905,
    "12": 0.6310807762836976
  },
  "xgb_model2155": {
    "avg": 0.700677888889963,
    "0": 0.5783081404685618,
    "1": 0.7096370271418704,
    "2": 0.9830127864864252,
    "3": 0.5290283857137938,
    "4": 0.8372069682255857,
    "5": 0.7746015332884635,
    "6": 0.4871613798739457,
    "7": 0.5455975907173019,
    "8": 0.981536530089889,
    "9": 0.6633129420156239,
    "10": 0.8122575427854303,
    "11": 0.5819887721241713,
    "12": 0.6251629566384558
  },
  "xgb_model2205": {
    "avg": 0.7002478858940189,
    "0": 0.5706967842874305,
    "1": 0.7084236976427679,
    "2": 0.9830177999650607,
    "3": 0.5259270628260295,
    "4": 0.8371785502169555,
    "5": 0.7740735020635863,
    "6": 0.49151785805734793,
    "7": 0.5432341305374442,
    "8": 0.98145779891916,
    "9": 0.6638676595240753,
    "10": 0.8122525296700356,
    "11": 0.5835252832813504,
    "12": 0.6280498596310022
  },
  "xgb_model2005": {
    "avg": 0.6798059045315702,
    "0": 0.5245870329879093,
    "1": 0.6996696049958151,
    "2": 0.982770449103428,
    "3": 0.5068714329164037,
    "4": 0.8325916624550146,
    "5": 0.7665667846066473,
    "6": 0.4309021712617631,
    "7": 0.5215010770660524,
    "8": 0.9811334890501293,
    "9": 0.651807055844511,
    "10": 0.8038218923915238,
    "11": 0.5667728574156935,
    "12": 0.568481248815522
  },
  "cnn_model2005.txt": {
    "avg": 0.6430846259061429,
    "0": 0.3890243611361897,
    "1": 0.6697391654024788,
    "2": 0.9845295462035558,
    "3": 0.4545987788865348,
    "4": 0.8339554984699872,
    "5": 0.7755338311907493,
    "6": 0.2866743364405221,
    "7": 0.47375300588744074,
    "8": 0.9825515838915436,
    "9": 0.6659280412600346,
    "10": 0.7755168025002843,
    "11": 0.5202514176156852,
    "12": 0.5480437678948513
  },
  "cnn_model2055.txt": {
    "avg": 0.643776882580952,
    "0": 0.3693395602991593,
    "1": 0.6735092632452366,
    "2": 0.9844636602076676,
    "3": 0.46333424977478616,
    "4": 0.8341950803578271,
    "5": 0.7758795232508043,
    "6": 0.2917103229366037,
    "7": 0.4671160833262874,
    "8": 0.9824834166996597,
    "9": 0.6673609348087935,
    "10": 0.7773466829746041,
    "11": 0.5206380292091175,
    "12": 0.5617226664618278
  },
  "cnn_model2105.txt": {
    "avg": 0.644325142368565,
    "0": 0.3690820482771466,
    "1": 0.6766427946192224,
    "2": 0.9843862855424781,
    "3": 0.46326784243762553,
    "4": 0.8338802535521612,
    "5": 0.775737885372721,
    "6": 0.3037679945113325,
    "7": 0.46289508802946083,
    "8": 0.982496176106198,
    "9": 0.6672406553079763,
    "10": 0.7778342200866357,
    "11": 0.5201909845532132,
    "12": 0.5588046223951715
  },
  "cnn_model2155.txt": {
    "avg": 0.6442888530714751,
    "0": 0.3764219295764096,
    "1": 0.6750284832040079,
    "2": 0.9844253049512556,
    "3": 0.46287733199386727,
    "4": 0.8338199319093016,
    "5": 0.7766531269714013,
    "6": 0.3026522780099572,
    "7": 0.4625187921766349,
    "8": 0.9824277510404578,
    "9": 0.6666804536197939,
    "10": 0.7773002785621917,
    "11": 0.5202390752794908,
    "12": 0.5547103526344094
  },
  "cnn_model2205.txt": {
    "avg": 0.6445053667133779,
    "0": 0.37997597550686796,
    "1": 0.674292813625077,
    "2": 0.9844045178280014,
    "3": 0.46241586452732364,
    "4": 0.8337433628113675,
    "5": 0.7761924080822695,
    "6": 0.3091803855244715,
    "7": 0.4587122331811093,