{"F:\\Projects\\competition\\model\\xception\\record\\model100\\val2\\['0', '1', '2', '3', '4', '5', '6', '7', '8', '9', '10', '11', '12']weights.001.hdf5": {"avg": 0.505949634449485, "0": 0.07731958762886598, "1": 0.5435020819636205, "2": 0.9827741354929939, "3": 0.14705882352941174, "4": 0.8139127825565113, "5": 0.7207629768605378, "6": 0.06756756756756757, "7": 0.3670276774969916, "8": 0.9809196594494144, "9": 0.611426456071076, "10": 0.7084800866973721, "11": 0.3897280966767372, "12": 0.16686531585220502}, "F:\\Projects\\competition\\model\\xception\\record\\model100\\val2\\['0', '1', '2', '3', '4', '5', '6', '7', '8', '9', '10', '11', '12']weights.002.hdf5": {"avg": 0.5541718372766113, "0": 0.196078431372549, "1": 0.5985517085313419, "2": 0.9836469630074156, "3": 0.4347826086956522, "4": 0.8129575220357551, "5": 0.7264648134752505, "6": 0.12755102040816327, "7": 0.3999999999999999, "8": 0.9815751913844556, "9": 0.6177227601421743, "10": 0.7150900900900901, "11": 0.41350792556857346, "12": 0.19630484988452654}, "F:\\Projects\\competition\\model\\xception\\record\\model100\\val2\\['0', '1', '2', '3', '4', '5', '6', '7', '8', '9', '10', '11', '12']weights.003.hdf5": {"avg": 0.564415617629884, "0": 0.1836734693877551, "1": 0.600723763570567, "2": 0.9838263369012636, "3": 0.3488372093023256, "4": 0.8225634787897218, "5": 0.7455385938507848, "6": 0.1794871794871795, "7": 0.40277777777777773, "8": 0.981585788561525, "9": 0.622984111814598, "10": 0.7447093490490222, "11": 0.4322344322344322, "12": 0.28846153846153844}, "F:\\Projects\\competition\\model\\xception\\record\\model100\\val2\\['0', '1', '2', '3', '4', '5', '6', '7', '8', '9', '10', '11', '12']weights.004.hdf5": {"avg": 0.568689573326332, "0": 0.23474178403755872, "1": 0.5932800751879699, "2": 0.9837928225356944, "3": 0.4189944134078213, "4": 0.8134006834051405, "5": 0.7305569493226292, "6": 0.16129032258064518, "7": 0.38401861908456164, "8": 0.9816654761131676, "9": 0.6213747994569914, "10": 0.7344556068422482, "11": 0.43878273177636234, "12": 0.2966101694915254}, "F:\\Projects\\competition\\model\\xception\\record\\model100\\val2\\['0', '1', '2', '3', '4', '5', '6', '7', '8', '9', '10', '11', '12']weights.005.hdf5": {"avg": 0.5723332050584595, "0": 0.2710843373493976, "1": 0.578088578088578, "2": 0.9835433273335047, "3": 0.41436464088397784, "4": 0.8091092420441689, "5": 0.7338734808351512, "6": 0.2, "7": 0.39823008849557523, "8": 0.9816926705762696, "9": 0.6043705895743229, "10": 0.7168597168597168, "11": 0.4316546762589928, "12": 0.31746031746031744}, "F:\\Projects\\competition\\model\\xception\\record\\model100\\val2\\['0', '1', '2', '3', '4', '5', '6', '7', '8', '9', '10', '11', '12']weights.006.hdf5": {"avg": 0.5674714393564424, "0": 0.25345622119815664, "1": 0.575514062869298, "2": 0.9837771721636873, "3": 0.40816326530612246, "4": 0.8093319405063922, "5": 0.7284424613468922, "6": 0.182648401826484, "7": 0.4016212232866618, "8": 0.9815539649244209, "9": 0.5960999532928537, "10": 0.7152335456475584, "11": 0.4354354354354354, "12": 0.3058510638297873}, "F:\\Projects\\competition\\model\\xception\\record\\model101\\val2\\['0', '1', '2', '3', '4', '5', '6', '7', '8', '9', '10', '11', '12']weights.001.hdf5": {"avg": 0.5214328138271571, "0": 0.0373134328358209, "1": 0.5977187979820137, "2": 0.9830780764699582, "3": 0.12578616352201258, "4": 0.8168652888821843, "5": 0.7194516407599308, "6": 0.08620689655172414, "7": 0.4120498614958448, "8": 0.9809299613415976, "9": 0.612545690366702, "10": 0.7225130890052356, "11": 0.4194018964259664, "12": 0.26476578411405294}, "F:\\Projects\\competition\\model\\xception\\record\\model101\\val2\\['0', '1', '2', '3', '4', '5', '6', '7', '8', '9', '10', '11', '12']weights.002.hdf5": {"avg": 0.55248830521956, "0": 0.1388888888888889, "1": 0.5798209215986023, "2": 0.9829883875391009, "3": 0.3273809523809524, "4": 0.8180385378005999, "5": 0.7373909342413281, "6": 0.1141552511415525, "7": 0.41903409090909094, "8": 0.981263927651933, "9": 0.6159886714727085, "10": 0.7173620457604306, "11": 0.41834002677376175, "12": 0.3316953316953317}, "F:\\Projects\\competition\\model\\xception\\record\\model101\\val2\\['0', '1', '2', '3', '4', '5', '6', '7', '8', '9', '10', '11', '12']weights.003.hdf5": {"avg": 0.5630473564265522, "0": 0.20710059171597636, "1": 0.6061288868859848, "2": 0.9836645443436877, "3": 0.31976744186046513, "4": 0.8164348925410871, "5": 0.7408962115646971, "6": 0.1724137931034483, "7": 0.41476407914764074, "8": 0.9822007872312816, "9": 0.6137743094264834, "10": 0.7181889149102263, "11": 0.42458808618504434, "12": 0.31969309462915596}, "F:\\Projects\\competition\\model\\xception\\record\\model101\\val2\\['0', '1', '2', '3', '4', '5', '6', '7', '8', '9', '10', '11', '12']weights.004.hdf5": {"avg": 0.5604459981880731, "0": 0.18248175182481752, "1": 0.5863402061855671, "2": 0.9839034636488341, "3": 0.3216374269005848, "4": 0.8124783190445513, "5": 0.7318186428643879, "6": 0.18324607329842932, "7": 0.41471571906354515, "8": 0.9817780948057844, "9": 0.601336302895323, "10": 0.7158322056833559, "11": 0.41958041958041964, "12": 0.3506493506493506}, "F:\\Projects\\competition\\model\\xception\\record\\model101\\val2\\['0', '1', '2', '3', '4', '5', '6', '7', '8', '9', '10', '11', '12']weights.005.hdf5": {"avg": 0.5627566051202173, "0": 0.27472527472527475, "1": 0.5896916497861804, "2": 0.9836504671295107, "3": 0.3273809523809524, "4": 0.8070624108591944, "5": 0.7235037089726655, "6": 0.17857142857142858, "7": 0.39748953974895396, "8": 0.9815771833848682, "9": 0.5875792439539799, "10": 0.7156593406593407, "11": 0.42196918955123913, "12": 0.32697547683923706}, "F:\\Projects\\competition\\model\\xception\\record\\model101\\val2\\['0', '1', '2', '3', '4', '5', '6', '7', '8', '9', '10', '11', '12']weights.006.hdf5": {"avg": 0.5581689272805609, "0": 0.1966292134831461, "1": 0.5820721769499417, "2": 0.9838543676830053, "3": 0.39325842696629215, "4": 0.8046118901836856, "5": 0.7184514831573655, "6": 0.16216216216216217, "7": 0.3998609179415855, "8": 0.9807816886201683, "9": 0.5849034104459814, "10": 0.7101295953451467, "11": 0.4294032023289665, "12": 0.31007751937984507}, "F:\\Projects\\competition\\model\\xception\\record\\model102\\val2\\['0', '1', '2', '3', '4', '5', '6', '7', '8', '9', '10', '11', '12']weights.001.hdf5": {"avg": 0.5420904200678904, "0": 0.2849740932642487, "1": 0.5774741018294026, "2": 0.9829636772741883, "3": 0.26737967914438504, "4": 0.8133129303749043, "5": 0.7209680699613586, "6": 0.06410256410256411, "7": 0.3836398224476855, "8": 0.9810728963876271, "9": 0.6128307538691962, "10": 0.7371202113606342, "11": 0.4574022346368715, "12": 0.16393442622950818}, "F:\\Projects\\competition\\model\\xception\\record\\model102\\val2\\['0', '1', '2', '3', '4', '5', '6', '7', '8', '9', '10', '11', '12']weights.002.hdf5": {"avg": 0.5568897762765233, "0": 0.25862068965517243, "1": 0.5850355239786856, "2": 0.9835749206621494, "3": 0.32432432432432434, "4": 0.816545111439792, "5": 0.7239912872108704, "6": 0.14534883720930233, "7": 0.400943396226415, "8": 0.9816468146739014, "9": 0.6208369988689204, "10": 0.725231175693527, "11": 0.45231416549789616, "12": 0.22115384615384615}, "F:\\Projects\\competition\\model\\xception\\record\\model102\\val2\\['0', '1', '2', '3', '4', '5', '6', '7', '8', '9', '10', '11', '12']weights.003.hdf5": {"avg": 0.5560117881814551, "0": 0.17948717948717946, "1": 0.6107511399088074, "2": 0.9836223713262878, "3": 0.24242424242424246, "4": 0.8213263846311059, "5": 0.7446808510638298, "6": 0.17543859649122806, "7": 0.4109116022099447, "8": 0.981772184743124, "9": 0.6168108776266996, "10": 0.739541160593792, "11": 0.44226044226044225, "12": 0.27912621359223294}, "F:\\Projects\\competition\\model\\xception\\record\\model102\\val2\\['0', '1', '2', '3', '4', '5', '6', '7', '8', '9', '10', '11', '12']weights.004.hdf5": {"avg": 0.5546419236526469, "0": 0.1879699248120301, "1": 0.5987055016181229, "2": 0.9837506431143885, "3": 0.1875,