{
  "avg": 0.6260016403652842,
  "0": 0.3007518796992481,
  "1": 0.6403548680618745,
  "2": 0.9842063475032725,
  "3": 0.4090909090909091,
  "4": 0.8307794463172951,
  "5": 0.7685195257260959,
  "6": 0.3179190751445087,
  "7": 0.43762246897452645,
  "8": 0.9816416325292064,
  "9": 0.6394269036879807,
  "10": 0.7718214987370194,
  "11": 0.4971475142624287,
  "12": 0.5587392550143266
}