{"ensemble_val1_label0.xgb": {"eta": 0.2, "max_depth": 4, "min_child_weight": 3, "best_iteration": 12, "best_ntree_limit": 13, "smooth_f2": 0.05280821123550256, "f2_0.1": 0.5241935483870968, "f2_0.2": 0.5670103092783505, "greedy_threshold": 0.18, "greedy_f2": 0.6060606060606062}, "ensemble_val1_label1.xgb": {"eta": 0.2, "max_depth": 6, "min_child_weight": 1, "best_iteration": 9, "best_ntree_limit": 10, "smooth_f2": 0.4163898567156844, "f2_0.1": 0.6523125996810208, "f2_0.2": 0.7239819004524887, "greedy_threshold": 0.21, "greedy_f2": 0.7264787614132593}, "ensemble_val1_label2.xgb": {"eta": 0.2, "max_depth": 10, "min_child_weight": 4, "best_iteration": 22, "best_ntree_limit": 23, "smooth_f2": 0.9426931221851156, "f2_0.1": 0.9818713219321458, "f2_0.2": 0.9825383641828824, "greedy_threshold": 0.21, "greedy_f2": 0.9825772258038997}, "ensemble_val1_label3.xgb": {"eta": 0.2, "max_depth": 8, "min_child_weight": 4, "best_iteration": 33, "best_ntree_limit": 34, "smooth_f2": 0.16836877519956878, "f2_0.1": 0.3903345724907063, "f2_0.2": 0.3125, "greedy_threshold": 0.06, "greedy_f2": 0.41522491349480967}, "ensemble_val1_label4.xgb": {"eta": 0.2, "max_depth": 6, "min_child_weight": 5, "best_iteration": 5, "best_ntree_limit": 6, "smooth_f2": 0.5797451994302102, "f2_0.1": 0.7242713240644988, "f2_0.2": 0.8235904843587776, "greedy_threshold": 0.24, "greedy_f2": 0.831695216699429}, "ensemble_val1_label5.xgb": {"eta": 0.2, "max_depth": 6, "min_child_weight": 2, "best_iteration": 7, "best_ntree_limit": 8, "smooth_f2": 0.47661203088127574, "f2_0.1": 0.5961920416409835, "f2_0.2": 0.7690821256038648, "greedy_threshold": 0.21, "greedy_f2": 0.7738095238095238}, "ensemble_val1_label6.xgb": {"eta": 0.2, "max_depth": 9, "min_child_weight": 5, "best_iteration": 23, "best_ntree_limit": 24, "smooth_f2": 0.14174936375417885, "f2_0.1": 0.41666666666666663, "f2_0.2": 0.3012048192771084, "greedy_threshold": 0.06, "greedy_f2": 0.48672566371681414}, "ensemble_val1_label7.xgb": {"eta": 0.2, "max_depth": 7, "min_child_weight": 5, "best_iteration": 9, "best_ntree_limit": 10, "smooth_f2": 0.19507735920198602, "f2_0.1": 0.45713035870516183, "f2_0.2": 0.5055087491898898, "greedy_threshold": 0.18, "greedy_f2": 0.5336212214682295}, "ensemble_val1_label8.xgb": {"eta": 0.2, "max_depth": 7, "min_child_weight": 5, "best_iteration": 32, "best_ntree_limit": 33, "smooth_f2": 0.939727145127241, "f2_0.1": 0.9797351046058389, "f2_0.2": 0.9806599541421595, "greedy_threshold": 0.15, "greedy_f2": 0.9810618129679783}, "ensemble_val1_label9.xgb": {"eta": 0.2, "max_depth": 5, "min_child_weight": 5, "best_iteration": 15, "best_ntree_limit": 16, "smooth_f2": 0.3755640418616844, "f2_0.1": 0.6389526392655958, "f2_0.2": 0.6335790543975596, "greedy_threshold": 0.15, "greedy_f2": 0.6549652491459536}, "ensemble_val1_label10.xgb": {"eta": 0.2, "max_depth": 2, "min_child_weight": 1, "best_iteration": 10, "best_ntree_limit": 11, "smooth_f2": 0.5144982890344334, "f2_0.1": 0.7733571747876621, "f2_0.2": 0.7985942801745033, "greedy_threshold": 0.18, "greedy_f2": 0.8039356851451883}, "ensemble_val1_label11.xgb": {"eta": 0.2, "max_depth": 2, "min_child_weight": 1, "best_iteration": 11, "best_ntree_limit": 12, "smooth_f2": 0.20925838609366115, "f2_0.1": 0.5700836820083682, "f2_0.2": 0.5437756497948016, "greedy_threshold": 0.15, "greedy_f2": 0.6003638568829595}, "ensemble_val1_label12.xgb": {"eta": 0.2, "max_depth": 4, "min_child_weight": 2, "best_iteration": 36, "best_ntree_limit": 37, "smooth_f2": 0.2737741882914486, "f2_0.1": 0.5271084337349398, "f2_0.2": 0.4193548387096773, "greedy_threshold": 0.08, "greedy_f2": 0.5377906976744186}, "ensemble_val2_label0.xgb": {"eta": 0.2, "max_depth": 8, "min_child_weight": 2, "best_iteration": 23, "best_ntree_limit": 24, "smooth_f2": 0.14888556505570788, "f2_0.1": 0.5281690140845071, "f2_0.2": 0.31496062992125984, "greedy_threshold": 0.06, "greedy_f2": 0.5960264900662251}, "ensemble_val2_label1.xgb": {"eta": 0.2, "max_depth": 2, "min_child_weight": 1, "best_iteration": 11, "best_ntree_limit": 12, "smooth_f2": 0.4403872937181581, "f2_0.1": 0.6554212823094998, "f2_0.2": 0.7107942973523421, "greedy_threshold": 0.21, "greedy_f2": 0.7126720065721914}, "ensemble_val2_label2.xgb": {"eta": 0.2, "max_depth": 5, "min_child_weight": 2, "best_iteration": 19, "best_ntree_limit": 20, "smooth_f2": 0.9365534770966413, "f2_0.1": 0.9819631369143939, "f2_0.2": 0.9824325393685209, "greedy_threshold": 0.18, "greedy_f2": 0.9827749871455128}, "ensemble_val2_label3.xgb": {"eta": 0.2, "max_depth": 10, "min_child_weight": 4, "best_iteration": 35, "best_ntree_limit": 36, "smooth_f2": 0.23552810774720775, "f2_0.1": 0.42910447761194026, "f2_0.2": 0.3974895397489539, "greedy_threshold": 0.13, "greedy_f2": 0.45275590551181105}, "ensemble_val2_label4.xgb": {"eta": 0.2, "max_depth": 2, "min_child_weight": 1, "best_iteration": 21, "best_ntree_limit": 22, "smooth_f2": 0.6274254185467367, "f2_0.1": 0.8314922213016661, "f2_0.2": 0.8316088358438809, "greedy_threshold": 0.15, "greedy_f2": 0.8365988385817479}, "ensemble_val2_label5.xgb": {"eta": 0.2, "max_depth": 7, "min_child_weight": 2, "best_iteration": 51, "best_ntree_limit": 52, "smooth_f2": 0.5521611916099781, "f2_0.1": 0.7552205262665044, "f2_0.2": 0.753493515632854, "greedy_threshold": 0.15, "greedy_f2": 0.7669817756553943}, "ensemble_val2_label6.xgb": {"eta": 0.2, "max_depth": 10, "min_child_weight": 4, "best_iteration": 21, "best_ntree_limit": 22, "smooth_f2": 0.11791210838251605, "f2_0.1": 0.30150753768844224, "f2_0.2": 0.2571428571428571, "greedy_threshold": 0.06, "greedy_f2": 0.4054054054054054}, "ensemble_val2_label7.xgb": {"eta": 0.2, "max_depth": 2, "min_child_weight": 1, "best_iteration": 9, "best_ntree_limit": 10, "smooth_f2": 0.1798044568027179, "f2_0.1": 0.5288007554296505, "f2_0.2": 0.5283757338551859, "greedy_threshold": 0.15, "greedy_f2": 0.5696576151121606}, "ensemble_val2_label8.xgb": {"eta": 0.2, "max_depth": 6, "min_child_weight": 2, "best_iteration": 16, "best_ntree_limit": 17, "smooth_f2": 0.9299591994627345, "f2_0.1": 0.9798860274407799, "f2_0.2": 0.9812590866543186, "greedy_threshold": 0.24, "greedy_f2": 0.9816586921850078}, "ensemble_val2_label9.xgb": {"eta": 0.2, "max_depth": 6, "min_child_weight": 4, "best_iteration": 33, "best_ntree_limit": 34, "smooth_f2": 0.4198226661648128, "f2_0.1": 0.6454773048873408, "f2_0.2": 0.6436542953542694, "greedy_threshold": 0.15, "greedy_f2": 0.660982099661345}, "ensemble_val2_label10.xgb": {"eta": 0.2, "max_depth": 2, "min_child_weight": 1, "best_iteration": 9, "best_ntree_limit": 10, "smooth_f2": 0.4974091782838007, "f2_0.1": 0.7752928647497337, "f2_0.2": 0.8082925692988586, "greedy_threshold": 0.21, "greedy_f2": 0.8113163432312368}}