{"ensemble_val1_label0.xgb": {"eta": 0.2, "max_depth": 5, "min_child_weight": 5, "best_iteration": 7, "best_ntree_limit": 8, "smooth_f2": 0.02440059145296504, "f2_0.1": 0.38116591928251115, "f2_0.2": 0.6060606060606062, "greedy_threshold": 0.18, "greedy_f2": 0.6666666666666666}, "ensemble_val1_label1.xgb": {"eta": 0.2, "max_depth": 5, "min_child_weight": 5, "best_iteration": 6, "best_ntree_limit": 7, "smooth_f2": 0.3896312065009352, "f2_0.1": 0.30732779342078154, "f2_0.2": 0.7126760563380282, "greedy_threshold": 0.23, "greedy_f2": 0.7256324769562661}, "ensemble_val1_label2.xgb": {"eta": 0.2, "max_depth": 9, "min_child_weight": 2, "best_iteration": 21, "best_ntree_limit": 22, "smooth_f2": 0.9423161043873248, "f2_0.1": 0.9819506704318807, "f2_0.2": 0.9819591707548663, "greedy_threshold": 0.18, "greedy_f2": 0.9824800775147812}, "ensemble_val1_label3.xgb": {"eta": 0.2, "max_depth": 9, "min_child_weight": 3, "best_iteration": 13, "best_ntree_limit": 14, "smooth_f2": 0.10630058010243554, "f2_0.1": 0.3776978417266187, "f2_0.2": 0.3435114503816794, "greedy_threshold": 0.06, "greedy_f2": 0.4231974921630094}, "ensemble_val1_label4.xgb": {"eta": 0.2, "max_depth": 4, "min_child_weight": 3, "best_iteration": 35, "best_ntree_limit": 36, "smooth_f2": 0.6293209062521956, "f2_0.1": 0.8280778722237455, "f2_0.2": 0.8293544690603514, "greedy_threshold": 0.18, "greedy_f2": 0.8330174374526158}, "ensemble_val1_label5.xgb": {"eta": 0.2, "max_depth": 4, "min_child_weight": 2, "best_iteration": 13, "best_ntree_limit": 14, "smooth_f2": 0.5175649370250918, "f2_0.1": 0.7565000921998893, "f2_0.2": 0.7659251769464105, "greedy_threshold": 0.15, "greedy_f2": 0.7764521807158224}, "ensemble_val1_label6.xgb": {"eta": 0.2, "max_depth": 3, "min_child_weight": 5, "best_iteration": 3, "best_ntree_limit": 4, "smooth_f2": 0.022951630356140677, "f2_0.1": 0.015291895295493388, "f2_0.2": 0.015291895295493388, "greedy_threshold": 0.28, "greedy_f2": 0.5048076923076924}, "ensemble_val1_label7.xgb": {"eta": 0.2, "max_depth": 2, "min_child_weight": 1, "best_iteration": 4, "best_ntree_limit": 5, "smooth_f2": 0.13639403139144904, "f2_0.1": 0.10738366769333223, "f2_0.2": 0.47344110854503463, "greedy_threshold": 0.24, "greedy_f2": 0.5213414634146342}, "ensemble_val1_label8.xgb": {"eta": 0.2, "max_depth": 4, "min_child_weight": 4, "best_iteration": 31, "best_ntree_limit": 32, "smooth_f2": 0.9389857181107428, "f2_0.1": 0.9799649834865304, "f2_0.2": 0.9807420107254642, "greedy_threshold": 0.26, "greedy_f2": 0.9811927246590931}, "ensemble_val1_label9.xgb": {"eta": 0.2, "max_depth": 2, "min_child_weight": 1, "best_iteration": 9, "best_ntree_limit": 10, "smooth_f2": 0.3587219156522431, "f2_0.1": 0.59094942324756, "f2_0.2": 0.6403152321142717, "greedy_threshold": 0.16, "greedy_f2": 0.6560063283986892}, "ensemble_val1_label10.xgb": {"eta": 0.2, "max_depth": 2, "min_child_weight": 1, "best_iteration": 10, "best_ntree_limit": 11, "smooth_f2": 0.49980687400896684, "f2_0.1": 0.7608458687595379, "f2_0.2": 0.8001448225923243, "greedy_threshold": 0.21, "greedy_f2": 0.8030082484230956}, "ensemble_val1_label11.xgb": {"eta": 0.2, "max_depth": 4, "min_child_weight": 5, "best_iteration": 10, "best_ntree_limit": 11, "smooth_f2": 0.21426564463259345, "f2_0.1": 0.5627490039840638, "f2_0.2": 0.5752508361204013, "greedy_threshold": 0.18, "greedy_f2": 0.5997434252726107}, "ensemble_val1_label12.xgb": {"eta": 0.2, "max_depth": 10, "min_child_weight": 4, "best_iteration": 21, "best_ntree_limit": 22, "smooth_f2": 0.26247911107450306, "f2_0.1": 0.5263157894736842, "f2_0.2": 0.42721518987341767, "greedy_threshold": 0.06, "greedy_f2": 0.5675675675675677}, "ensemble_val2_label0.xgb": {"eta": 0.2, "max_depth": 3, "min_child_weight": 1, "best_iteration": 47, "best_ntree_limit": 48, "smooth_f2": 0.13614817406014726, "f2_0.1": 0.352112676056338, "f2_0.2": 0.27777777777777773, "greedy_threshold": 0.03, "greedy_f2": 0.5523255813953488}, "ensemble_val2_label1.xgb": {"eta": 0.2, "max_depth": 4, "min_child_weight": 5, "best_iteration": 12, "best_ntree_limit": 13, "smooth_f2": 0.462288633771888, "f2_0.1": 0.6815751960085531, "f2_0.2": 0.6951371571072319, "greedy_threshold": 0.15, "greedy_f2": 0.7090801654520387}, "ensemble_val2_label2.xgb": {"eta": 0.2, "max_depth": 10, "min_child_weight": 2, "best_iteration": 35, "best_ntree_limit": 36, "smooth_f2": 0.9491809394730669, "f2_0.1": 0.9825875563285634, "f2_0.2": 0.9811668250950573, "greedy_threshold": 0.09, "greedy_f2": 0.9828080229226362}, "ensemble_val2_label3.xgb": {"eta": 0.2, "max_depth": 9, "min_child_weight": 1, "best_iteration": 16, "best_ntree_limit": 17, "smooth_f2": 0.16248979915479142, "f2_0.1": 0.41666666666666663, "f2_0.2": 0.37499999999999994, "greedy_threshold": 0.09, "greedy_f2": 0.4595588235294118}, "ensemble_val2_label4.xgb": {"eta": 0.2, "max_depth": 5, "min_child_weight": 5, "best_iteration": 9, "best_ntree_limit": 10, "smooth_f2": 0.6088427243257153, "f2_0.1": 0.8006265773213821, "f2_0.2": 0.8349980974124811, "greedy_threshold": 0.18, "greedy_f2": 0.837224659214188}, "ensemble_val2_label5.xgb": {"eta": 0.2, "max_depth": 6, "min_child_weight": 1, "best_iteration": 26, "best_ntree_limit": 27, "smooth_f2": 0.5295555318784132, "f2_0.1": 0.7606670393143283, "f2_0.2": 0.7618760064412238, "greedy_threshold": 0.18, "greedy_f2": 0.7668223834608886}, "ensemble_val2_label6.xgb": {"eta": 0.2, "max_depth": 4, "min_child_weight": 5, "best_iteration": 25, "best_ntree_limit": 26, "smooth_f2": 0.13487998944824414, "f2_0.1": 0.31088082901554404, "f2_0.2": 0.3005464480874317, "greedy_threshold": 0.09, "greedy_f2": 0.45000000000000007}, "ensemble_val2_label7.xgb": {"eta": 0.2, "max_depth": 2, "min_child_weight": 1, "best_iteration": 14, "best_ntree_limit": 15, "smooth_f2": 0.21082512016343616, "f2_0.1": 0.5675984027381632, "f2_0.2": 0.49528301886792453, "greedy_threshold": 0.09, "greedy_f2": 0.569620253164557}, "ensemble_val2_label8.xgb": {"eta": 0.2, "max_depth": 5, "min_child_weight": 3, "best_iteration": 22, "best_ntree_limit": 23, "smooth_f2": 0.938415452646676, "f2_0.1": 0.9803317770934737, "f2_0.2": 0.9810681546432841, "greedy_threshold": 0.18, "greedy_f2": 0.9816983311427092}, "ensemble_val2_label9.xgb": {"eta": 0.2, "max_depth": 5, "min_child_weight": 1, "best_iteration": 16, "best_ntree_limit": 17, "smooth_f2": 0.4035233539477773, "f2_0.1": 0.6332982086406743, "f2_0.2": 0.6458543983822043, "greedy_threshold": 0.18, "greedy_f2": 0.6570197044334976}, "ensemble_val2_label10.xgb": {"eta": 0.2, "max_depth": 10, "min_child_weight": 5, "best_iteration": 11, "best_ntree_limit": 12, "smooth_f2": 0.5513943387535167, "f2_0.1": 0.7829373650107991, "f2_0.2": 0.8045977011494253, "greedy_threshold": 0.22, "greedy_f2": 0.8100094876660342}, "ensemble_val2_label11.xgb": {"eta": 0.2, "max_depth": 9, "min_child_weight": 4, "best_iteration": 15, "best_ntree_limit": 16, "smooth_f2": 0.2518249743373012, "f2_0.1": 0.5680507497116494, "f2_0.2": 0.47602256699576867, "greedy_threshold": 0.1, "greedy_f2": 0.5680507497116494}, "ensemble_val2_label12.xgb": {"eta": 0.2, "max_depth": 2, "min_child_weight": 1, "best_iteration": 16, "best_ntree_limit": 17, "smooth_f2": 0.2808953405111007, "f2_0.1": 0.6818181818181817, "f2_0.2": 0.6025641025641025, "greedy_threshold": 0.11, "greedy_f2": 0.6850961538461537}, "ensemble_val3_label0.xgb": {"eta": 0.2, "max_depth": 3, "min_child_weight": 4, "best_iteration": 21, "best_ntree_limit": 22, "smooth_f2": 0.13522090021688418, "f2_0.1": 0.39130434782608703, "f2_0.2": 0.45454545454545453, "greedy_threshold": 0.3, "greedy_f2": 0.5172413793103448}, "ensemble_val3_label1.xgb": {"eta": 0.2, "max_depth": 5, "min_child_weight": 5, "best_iteration": 7, "best_ntree_limit": 8, "smooth_f2": 0.3773993856408552, "f2_0.1": 0.43848580441640383, "f2_0.2": 0.6930986751038164, "greedy_threshold": 0.22, "greedy_f2": 0.7041540020263425}, "ensemble_val3_label2.xgb": {"eta": 0.2, "max_depth": 4, "min_child_weight": 1, "best_iteration": 3, "best_ntree_limit": 4, "smooth_f2": 0.7811598485872556,