{"ensemble_val1_label0.xgb": {"eta": 0.15, "max_depth": 2, "min_child_weight": 5, "best_iteration": 10, "best_ntree_limit": 11, "smooth_f2": 0.024154029371854496, "f2_0.1": 0.375, "f2_0.2": 0.5504587155963303, "greedy_threshold": 0.19, "greedy_f2": 0.6578947368421053}, "ensemble_val1_label1.xgb": {"eta": 0.15, "max_depth": 4, "min_child_weight": 2, "best_iteration": 9, "best_ntree_limit": 10, "smooth_f2": 0.3927891123077364, "f2_0.1": 0.30732779342078154, "f2_0.2": 0.7142857142857143, "greedy_threshold": 0.24, "greedy_f2": 0.7245222929936306}, "ensemble_val1_label2.xgb": {"eta": 0.15, "max_depth": 7, "min_child_weight": 2, "best_iteration": 14, "best_ntree_limit": 15, "smooth_f2": 0.9100284533373385, "f2_0.1": 0.9813434307577011, "f2_0.2": 0.981999960482899, "greedy_threshold": 0.3, "greedy_f2": 0.9824873849807065}, "ensemble_val1_label3.xgb": {"eta": 0.15, "max_depth": 3, "min_child_weight": 5, "best_iteration": 17, "best_ntree_limit": 18, "smooth_f2": 0.09222549647832193, "f2_0.1": 0.33210332103321033, "f2_0.2": 0.326923076923077, "greedy_threshold": 0.06, "greedy_f2": 0.41666666666666663}, "ensemble_val1_label4.xgb": {"eta": 0.15, "max_depth": 5, "min_child_weight": 2, "best_iteration": 6, "best_ntree_limit": 7, "smooth_f2": 0.5686719978311895, "f2_0.1": 0.7242713240644988, "f2_0.2": 0.8061850289243618, "greedy_threshold": 0.27, "greedy_f2": 0.8323159278737792}, "ensemble_val1_label5.xgb": {"eta": 0.15, "max_depth": 3, "min_child_weight": 1, "best_iteration": 14, "best_ntree_limit": 15, "smooth_f2": 0.4908131485872785, "f2_0.1": 0.7450301739439119, "f2_0.2": 0.771311229089452, "greedy_threshold": 0.18, "greedy_f2": 0.777733912356889}, "ensemble_val1_label6.xgb": {"eta": 0.15, "max_depth": 8, "min_child_weight": 2, "best_iteration": 31, "best_ntree_limit": 32, "smooth_f2": 0.1299763124846325, "f2_0.1": 0.38461538461538464, "f2_0.2": 0.2147239263803681, "greedy_threshold": 0.06, "greedy_f2": 0.5154639175257731}, "ensemble_val1_label7.xgb": {"eta": 0.15, "max_depth": 7, "min_child_weight": 3, "best_iteration": 11, "best_ntree_limit": 12, "smooth_f2": 0.1876125435183058, "f2_0.1": 0.37680660701995866, "f2_0.2": 0.5234070221066319, "greedy_threshold": 0.18, "greedy_f2": 0.5415384615384616}, "ensemble_val1_label8.xgb": {"eta": 0.15, "max_depth": 7, "min_child_weight": 4, "best_iteration": 25, "best_ntree_limit": 26, "smooth_f2": 0.9360520050685943, "f2_0.1": 0.9802439169965981, "f2_0.2": 0.9805583250249252, "greedy_threshold": 0.24, "greedy_f2": 0.9811964788310676}, "ensemble_val1_label9.xgb": {"eta": 0.15, "max_depth": 2, "min_child_weight": 1, "best_iteration": 15, "best_ntree_limit": 16, "smooth_f2": 0.3628881198544659, "f2_0.1": 0.6228155339805824, "f2_0.2": 0.6390078065978343, "greedy_threshold": 0.15, "greedy_f2": 0.6570421734682277}, "ensemble_val1_label10.xgb": {"eta": 0.15, "max_depth": 2, "min_child_weight": 1, "best_iteration": 25, "best_ntree_limit": 26, "smooth_f2": 0.5884789632267318, "f2_0.1": 0.7908754052802225, "f2_0.2": 0.7956510995799356, "greedy_threshold": 0.15, "greedy_f2": 0.8016826923076924}, "ensemble_val1_label11.xgb": {"eta": 0.15, "max_depth": 3, "min_child_weight": 4, "best_iteration": 20, "best_ntree_limit": 21, "smooth_f2": 0.24216345048392507, "f2_0.1": 0.5853119823302043, "f2_0.2": 0.5471956224350205, "greedy_threshold": 0.12, "greedy_f2": 0.599078341013825}, "ensemble_val1_label12.xgb": {"eta": 0.15, "max_depth": 7, "min_child_weight": 4, "best_iteration": 8, "best_ntree_limit": 9, "smooth_f2": 0.06501298273016298, "f2_0.1": 0.02934637616718542, "f2_0.2": 0.5181347150259067, "greedy_threshold": 0.21, "greedy_f2": 0.5277044854881268}, "ensemble_val2_label0.xgb": {"eta": 0.15, "max_depth": 2, "min_child_weight": 1, "best_iteration": 16, "best_ntree_limit": 17, "smooth_f2": 0.040623750767123074, "f2_0.1": 0.5379746835443038, "f2_0.2": 0.31496062992125984, "greedy_threshold": 0.09, "greedy_f2": 0.5625}, "ensemble_val2_label1.xgb": {"eta": 0.15, "max_depth": 4, "min_child_weight": 4, "best_iteration": 21, "best_ntree_limit": 22, "smooth_f2": 0.4753552344441741, "f2_0.1": 0.6917388167388169, "f2_0.2": 0.7094105480868667, "greedy_threshold": 0.18, "greedy_f2": 0.7171717171717172}, "ensemble_val2_label2.xgb": {"eta": 0.15, "max_depth": 6, "min_child_weight": 3, "best_iteration": 21, "best_ntree_limit": 22, "smooth_f2": 0.9326338398057467, "f2_0.1": 0.981370133070478, "f2_0.2": 0.9827817973352309, "greedy_threshold": 0.22, "greedy_f2": 0.9828738678163191}, "ensemble_val2_label3.xgb": {"eta": 0.15, "max_depth": 4, "min_child_weight": 2, "best_iteration": 18, "best_ntree_limit": 19, "smooth_f2": 0.10879071400582367, "f2_0.1": 0.4363636363636364, "f2_0.2": 0.3673469387755102, "greedy_threshold": 0.12, "greedy_f2": 0.45283018867924524}, "ensemble_val2_label4.xgb": {"eta": 0.15, "max_depth": 4, "min_child_weight": 5, "best_iteration": 9, "best_ntree_limit": 10, "smooth_f2": 0.586245723582958, "f2_0.1": 0.7215720994687813, "f2_0.2": 0.8347773146630451, "greedy_threshold": 0.21, "greedy_f2": 0.8364356062391028}, "ensemble_val2_label5.xgb": {"eta": 0.15, "max_depth": 4, "min_child_weight": 2, "best_iteration": 21, "best_ntree_limit": 22, "smooth_f2": 0.5184698096061595, "f2_0.1": 0.7562253055223743, "f2_0.2": 0.7630763076307631, "greedy_threshold": 0.18, "greedy_f2": 0.7683587974371612}, "ensemble_val2_label6.xgb": {"eta": 0.15, "max_depth": 4, "min_child_weight": 4, "best_iteration": 21, "best_ntree_limit": 22, "smooth_f2": 0.08598557342586952, "f2_0.1": 0.3787878787878788, "f2_0.2": 0.25862068965517243, "greedy_threshold": 0.09, "greedy_f2": 0.41463414634146345}, "ensemble_val2_label7.xgb": {"eta": 0.15, "max_depth": 2, "min_child_weight": 1, "best_iteration": 6, "best_ntree_limit": 7, "smooth_f2": 0.13828016387824893, "f2_0.1": 0.11418169783220256, "f2_0.2": 0.5273250239693192, "greedy_threshold": 0.24, "greedy_f2": 0.5719237435008666}, "ensemble_val2_label8.xgb": {"eta": 0.15, "max_depth": 7, "min_child_weight": 2, "best_iteration": 50, "best_ntree_limit": 51, "smooth_f2": 0.9426280644003141, "f2_0.1": 0.9806962088228862, "f2_0.2": 0.9814416138420444, "greedy_threshold": 0.18, "greedy_f2": 0.9818084004144417}, "ensemble_val2_label9.xgb": {"eta": 0.15, "max_depth": 4, "min_child_weight": 2, "best_iteration": 22, "best_ntree_limit": 23, "smooth_f2": 0.41061728109780427, "f2_0.1": 0.6300728407908429, "f2_0.2": 0.6490445859872611, "greedy_threshold": 0.18, "greedy_f2": 0.658641975308642}, "ensemble_val2_label10.xgb": {"eta": 0.15, "max_depth": 2, "min_child_weight": 1, "best_iteration": 14, "best_ntree_limit": 15, "smooth_f2": 0.5262464277676314, "f2_0.1": 0.7850346020761246, "f2_0.2": 0.8100300439103304, "greedy_threshold": 0.21, "greedy_f2": 0.8126017205301094}, "ensemble_val2_label11.xgb": {"eta": 0.15, "max_depth": 4, "min_child_weight": 1, "best_iteration": 11, "best_ntree_limit": 12, "smooth_f2": 0.19055016032394834, "f2_0.1": 0.47302737520128824, "f2_0.2": 0.5412844036697247, "greedy_threshold": 0.16, "greedy_f2": 0.5793871866295265}, "ensemble_val2_label12.xgb": {"eta": 0.15, "max_depth": 3, "min_child_weight": 5, "best_iteration": 9, "best_ntree_limit": 10, "smooth_f2": 0.10368427811983538, "f2_0.1": 0.03496194016640113, "f2_0.2": 0.6367924528301887, "greedy_threshold": 0.18, "greedy_f2": 0.6651376146788991}, "ensemble_val3_label0.xgb": {"eta": 0.15, "max_depth": 4, "min_child_weight": 1, "best_iteration": 14, "best_ntree_limit": 15, "smooth_f2": 0.04255300822404558, "f2_0.1": 0.2459016393442623, "f2_0.2": 0.34883720930232553, "greedy_threshold": 0.46, "greedy_f2": 0.46874999999999994}, "ensemble_val3_label1.xgb": {"eta": 0.15, "max_depth": 2, "min_child_weight": 1, "best_iteration": 8, "best_ntree_limit": 9, "smooth_f2": 0.3466662260340842, "f2_0.1": 0.2955288227522425, "f2_0.2": 0.6976967370441459, "greedy_threshold": 0.24, "greedy_f2": 0.7144311011601873}, "ensemble_val3_label2.xgb": {"eta": 0.15, "max_depth": 4, "min_child_weight": 5, "best_iteration": 18, "best_ntree_limit": 19, "smooth_f2": 0.9206506574513591,