{"ensemble_val1_label0.xgb": {"eta": 0.15, "max_depth": 7, "min_child_weight": 3, "best_iteration": 10, "best_ntree_limit": 11, "smooth_f2": 0.025014945676809508, "f2_0.1": 0.45454545454545453, "f2_0.2": 0.603448275862069, "greedy_threshold": 0.18, "greedy_f2": 0.6198347107438016}, "ensemble_val1_label1.xgb": {"eta": 0.15, "max_depth": 5, "min_child_weight": 1, "best_iteration": 12, "best_ntree_limit": 13, "smooth_f2": 0.42771262093759155, "f2_0.1": 0.6336511842509998, "f2_0.2": 0.7206055839559575, "greedy_threshold": 0.18, "greedy_f2": 0.7234695835732106}, "ensemble_val1_label2.xgb": {"eta": 0.2, "max_depth": 7, "min_child_weight": 3, "best_iteration": 33, "best_ntree_limit": 34, "smooth_f2": 0.9409386615139805, "f2_0.1": 0.9820600367088359, "f2_0.2": 0.9820722643896266, "greedy_threshold": 0.15, "greedy_f2": 0.9824620306914463}, "ensemble_val1_label3.xgb": {"eta": 0.2, "max_depth": 5, "min_child_weight": 1, "best_iteration": 5, "best_ntree_limit": 6, "smooth_f2": 0.04292349963563625, "f2_0.1": 0.024988844265952694, "f2_0.2": 0.40350877192982454, "greedy_threshold": 0.17, "greedy_f2": 0.4098360655737705}, "ensemble_val1_label4.xgb": {"eta": 0.2, "max_depth": 5, "min_child_weight": 3, "best_iteration": 21, "best_ntree_limit": 22, "smooth_f2": 0.6304909272167537, "f2_0.1": 0.8254975351469784, "f2_0.2": 0.8330946242719373, "greedy_threshold": 0.19, "greedy_f2": 0.8331748145330036}, "ensemble_val1_label5.xgb": {"eta": 0.15, "max_depth": 5, "min_child_weight": 2, "best_iteration": 12, "best_ntree_limit": 13, "smooth_f2": 0.5170163650246731, "f2_0.1": 0.7217948717948718, "f2_0.2": 0.7783367860313704, "greedy_threshold": 0.2, "greedy_f2": 0.7783367860313704}, "ensemble_val1_label6.xgb": {"eta": 0.2, "max_depth": 8, "min_child_weight": 2, "best_iteration": 7, "best_ntree_limit": 8, "smooth_f2": 0.03901669759531739, "f2_0.1": 0.31456953642384106, "f2_0.2": 0.45454545454545453, "greedy_threshold": 0.18, "greedy_f2": 0.4702970297029703}, "ensemble_val1_label7.xgb": {"eta": 0.2, "max_depth": 4, "min_child_weight": 3, "best_iteration": 7, "best_ntree_limit": 8, "smooth_f2": 0.175563347946219, "f2_0.1": 0.3509571558796718, "f2_0.2": 0.5230263157894737, "greedy_threshold": 0.2, "greedy_f2": 0.5230263157894737}, "ensemble_val1_label8.xgb": {"eta": 0.1, "max_depth": 10, "min_child_weight": 3, "best_iteration": 50, "best_ntree_limit": 51, "smooth_f2": 0.9396821299343917, "f2_0.1": 0.9802458820720935, "f2_0.2": 0.9816868815831471, "greedy_threshold": 0.2, "greedy_f2": 0.9816868815831471}, "ensemble_val1_label9.xgb": {"eta": 0.15, "max_depth": 4, "min_child_weight": 3, "best_iteration": 9, "best_ntree_limit": 10, "smooth_f2": 0.37235904975829276, "f2_0.1": 0.4219701996742475, "f2_0.2": 0.6532867946480512, "greedy_threshold": 0.2, "greedy_f2": 0.6532867946480512}, "ensemble_val1_label10.xgb": {"eta": 0.1, "max_depth": 4, "min_child_weight": 2, "best_iteration": 19, "best_ntree_limit": 20, "smooth_f2": 0.5018153333353281, "f2_0.1": 0.7607267950963221, "f2_0.2": 0.8049014896684286, "greedy_threshold": 0.2, "greedy_f2": 0.8049014896684286}, "ensemble_val1_label11.xgb": {"eta": 0.1, "max_depth": 4, "min_child_weight": 3, "best_iteration": 12, "best_ntree_limit": 13, "smooth_f2": 0.16650802232252798, "f2_0.1": 0.10738366769333223, "f2_0.2": 0.5968096809680967, "greedy_threshold": 0.2, "greedy_f2": 0.5968096809680967}, "ensemble_val1_label12.xgb": {"eta": 0.15, "max_depth": 3, "min_child_weight": 3, "best_iteration": 7, "best_ntree_limit": 8, "smooth_f2": 0.05979237172585988, "f2_0.1": 0.02934637616718542, "f2_0.2": 0.5145118733509234, "greedy_threshold": 0.22, "greedy_f2": 0.5300859598853869}, "ensemble_val2_label0.xgb": {"eta": 0.2, "max_depth": 4, "min_child_weight": 2, "best_iteration": 4, "best_ntree_limit": 5, "smooth_f2": 0.020745435192882855, "f2_0.1": 0.012173128944995492, "f2_0.2": 0.5588235294117647, "greedy_threshold": 0.2, "greedy_f2": 0.5588235294117647}, "ensemble_val2_label1.xgb": {"eta": 0.2, "max_depth": 3, "min_child_weight": 1, "best_iteration": 18, "best_ntree_limit": 19, "smooth_f2": 0.48885619214749704, "f2_0.1": 0.6943430656934306, "f2_0.2": 0.705313014827018, "greedy_threshold": 0.18, "greedy_f2": 0.7079467527228721}, "ensemble_val2_label2.xgb": {"eta": 0.2, "max_depth": 4, "min_child_weight": 2, "best_iteration": 41, "best_ntree_limit": 42, "smooth_f2": 0.9470185516047628, "f2_0.1": 0.9822802794111843, "f2_0.2": 0.9829372454426825, "greedy_threshold": 0.19, "greedy_f2": 0.9830200241159145}, "ensemble_val2_label3.xgb": {"eta": 0.2, "max_depth": 4, "min_child_weight": 1, "best_iteration": 7, "best_ntree_limit": 8, "smooth_f2": 0.06395092697622508, "f2_0.1": 0.36989795918367346, "f2_0.2": 0.4659498207885304, "greedy_threshold": 0.2, "greedy_f2": 0.4659498207885304}, "ensemble_val2_label4.xgb": {"eta": 0.1, "max_depth": 3, "min_child_weight": 1, "best_iteration": 15, "best_ntree_limit": 16, "smooth_f2": 0.5937234400667369, "f2_0.1": 0.7215720994687813, "f2_0.2": 0.8342746869999059, "greedy_threshold": 0.19, "greedy_f2": 0.8352825598802396}, "ensemble_val2_label5.xgb": {"eta": 0.2, "max_depth": 7, "min_child_weight": 2, "best_iteration": 9, "best_ntree_limit": 10, "smooth_f2": 0.4989060279013148, "f2_0.1": 0.7268534335497095, "f2_0.2": 0.7671206035073969, "greedy_threshold": 0.2, "greedy_f2": 0.7671206035073969}, "ensemble_val2_label6.xgb": {"eta": 0.2, "max_depth": 6, "min_child_weight": 3, "best_iteration": 7, "best_ntree_limit": 8, "smooth_f2": 0.03886856256606512, "f2_0.1": 0.3254437869822486, "f2_0.2": 0.43147208121827413, "greedy_threshold": 0.17, "greedy_f2": 0.43478260869565216}, "ensemble_val2_label7.xgb": {"eta": 0.2, "max_depth": 4, "min_child_weight": 2, "best_iteration": 5, "best_ntree_limit": 6, "smooth_f2": 0.156270867284628, "f2_0.1": 0.11418169783220256, "f2_0.2": 0.5742857142857143, "greedy_threshold": 0.2, "greedy_f2": 0.5742857142857143}, "ensemble_val2_label8.xgb": {"eta": 0.2, "max_depth": 7, "min_child_weight": 2, "best_iteration": 29, "best_ntree_limit": 30, "smooth_f2": 0.9403754865524447, "f2_0.1": 0.9805674773485932, "f2_0.2": 0.9814276035231757, "greedy_threshold": 0.24, "greedy_f2": 0.9817724952137843}, "ensemble_val2_label9.xgb": {"eta": 0.15, "max_depth": 6, "min_child_weight": 2, "best_iteration": 18, "best_ntree_limit": 19, "smooth_f2": 0.3832139928747908, "f2_0.1": 0.625389569914814, "f2_0.2": 0.6530089628681177, "greedy_threshold": 0.2, "greedy_f2": 0.6530089628681177}, "ensemble_val2_label10.xgb": {"eta": 0.15, "max_depth": 4, "min_child_weight": 1, "best_iteration": 13, "best_ntree_limit": 14, "smooth_f2": 0.514152519389117, "f2_0.1": 0.7713498622589532, "f2_0.2": 0.8062999529854256, "greedy_threshold": 0.2, "greedy_f2": 0.8062999529854256}, "ensemble_val2_label11.xgb": {"eta": 0.15, "max_depth": 6, "min_child_weight": 2, "best_iteration": 9, "best_ntree_limit": 10, "smooth_f2": 0.17228278444835818, "f2_0.1": 0.10508757297748124, "f2_0.2": 0.5613818630475015, "greedy_threshold": 0.19, "greedy_f2": 0.5629139072847683}, "ensemble_val2_label12.xgb": {"eta": 0.15, "max_depth": 5, "min_child_weight": 1, "best_iteration": 13, "best_ntree_limit": 14, "smooth_f2": 0.16825455237174997, "f2_0.1": 0.546594982078853, "f2_0.2": 0.6279620853080569, "greedy_threshold": 0.24, "greedy_f2": 0.6372549019607843}, "ensemble_val3_label0.xgb": {"eta": 0.15, "max_depth": 5, "min_child_weight": 2, "best_iteration": 14, "best_ntree_limit": 15, "smooth_f2": 0.029403827110055247, "f2_0.1": 0.29761904761904756, "f2_0.2": 0.42016806722689076, "greedy_threshold": 0.21, "greedy_f2": 0.43859649122807015}, "ensemble_val3_label1.xgb": {"eta": 0.15, "max_depth": 5, "min_child_weight": 1, "best_iteration": 14, "best_ntree_limit": 15, "smooth_f2": 0.40540059142617946, "f2_0.1": 0.6642386403052376, "f2_0.2": 0.7057466442953019, "greedy_threshold": 0.19, "greedy_f2": 0.7087923508626065}, "ensemble_val3_label2.xgb": {"eta": 0.2, "max_depth": 5, "min_child_weight": 2, "best_iteration": 12, "best_ntree_limit": 13, "smooth_f2": 0.9152574502710548,