{"ensemble_val1_label0.xgb": {"eta": 0.1, "max_depth": 4, "min_child_weight": 3, "best_iteration": 26, "best_ntree_limit": 27, "smooth_f2": 0.04887406560743375, "f2_0.1": 0.5833333333333333, "f2_0.2": 0.43478260869565216, "greedy_threshold": 0.14, "greedy_f2": 0.660377358490566}, "ensemble_val1_label1.xgb": {"eta": 0.1, "max_depth": 4, "min_child_weight": 3, "best_iteration": 17, "best_ntree_limit": 18, "smooth_f2": 0.41546045998416054, "f2_0.1": 0.5670650730411687, "f2_0.2": 0.7196243771559984, "greedy_threshold": 0.22, "greedy_f2": 0.7277363672028246}, "ensemble_val1_label2.xgb": {"eta": 0.25, "max_depth": 9, "min_child_weight": 3, "best_iteration": 11, "best_ntree_limit": 12, "smooth_f2": 0.9256379807983296, "f2_0.1": 0.9820688020853905, "f2_0.2": 0.982360037178397, "greedy_threshold": 0.18, "greedy_f2": 0.9826212459716485}, "ensemble_val1_label3.xgb": {"eta": 0.2, "max_depth": 4, "min_child_weight": 1, "best_iteration": 35, "best_ntree_limit": 36, "smooth_f2": 0.18379301486371571, "f2_0.1": 0.3703703703703704, "f2_0.2": 0.31007751937984496, "greedy_threshold": 0.03, "greedy_f2": 0.42397660818713456}, "ensemble_val1_label4.xgb": {"eta": 0.2, "max_depth": 3, "min_child_weight": 1, "best_iteration": 23, "best_ntree_limit": 24, "smooth_f2": 0.6314574754794636, "f2_0.1": 0.8292226180688772, "f2_0.2": 0.831109416698437, "greedy_threshold": 0.18, "greedy_f2": 0.8335700757575756}, "ensemble_val1_label5.xgb": {"eta": 0.15, "max_depth": 5, "min_child_weight": 4, "best_iteration": 15, "best_ntree_limit": 16, "smooth_f2": 0.5153001747235916, "f2_0.1": 0.7459821428571429, "f2_0.2": 0.7744510978043911, "greedy_threshold": 0.18, "greedy_f2": 0.7775473933649288}, "ensemble_val1_label6.xgb": {"eta": 0.2, "max_depth": 6, "min_child_weight": 1, "best_iteration": 16, "best_ntree_limit": 17, "smooth_f2": 0.09015546434706712, "f2_0.1": 0.4846938775510204, "f2_0.2": 0.3801169590643275, "greedy_threshold": 0.12, "greedy_f2": 0.5053191489361702}}