{"ensemble_val1_label0.xgb": {"eta": 0.2, "max_depth": 2, "min_child_weight": 1, "best_iteration": 10, "best_ntree_limit": 11, "smooth_f2": 0.03789130009570399, "f2_0.1": 0.4966887417218543, "f2_0.2": 0.5555555555555555, "greedy_threshold": 0.18, "greedy_f2": 0.625}, "ensemble_val1_label1.xgb": {"eta": 0.2, "max_depth": 4, "min_child_weight": 4, "best_iteration": 14, "best_ntree_limit": 15, "smooth_f2": 0.46376081860803925, "f2_0.1": 0.6986666666666665, "f2_0.2": 0.7237237237237237, "greedy_threshold": 0.2, "greedy_f2": 0.7237237237237237}, "ensemble_val1_label2.xgb": {"eta": 0.2, "max_depth": 9, "min_child_weight": 1, "best_iteration": 49, "best_ntree_limit": 50, "smooth_f2": 0.9548518583227729, "f2_0.1": 0.9817108095830616, "f2_0.2": 0.9822240677027722, "greedy_threshold": 0.3, "greedy_f2": 0.9825777073846762}, "ensemble_val1_label3.xgb": {"eta": 0.2, "max_depth": 9, "min_child_weight": 2, "best_iteration": 37, "best_ntree_limit": 38, "smooth_f2": 0.24763171632191414, "f2_0.1": 0.44483985765124556, "f2_0.2": 0.3065134099616858, "greedy_threshold": 0.09, "greedy_f2": 0.4736842105263158}, "ensemble_val1_label4.xgb": {"eta": 0.2, "max_depth": 4, "min_child_weight": 5, "best_iteration": 4, "best_ntree_limit": 5, "smooth_f2": 0.5662306155406078, "f2_0.1": 0.7242713240644988, "f2_0.2": 0.8004470810764337, "greedy_threshold": 0.28, "greedy_f2": 0.8321925890960585}, "ensemble_val1_label5.xgb": {"eta": 0.2, "max_depth": 3, "min_child_weight": 1, "best_iteration": 11, "best_ntree_limit": 12, "smooth_f2": 0.5000766634731424, "f2_0.1": 0.7521645021645021, "f2_0.2": 0.7686116700201209, "greedy_threshold": 0.18, "greedy_f2": 0.776067527308838}, "ensemble_val1_label6.xgb": {"eta": 0.2, "max_depth": 2, "min_child_weight": 1, "best_iteration": 9, "best_ntree_limit": 10, "smooth_f2": 0.0505481064185688, "f2_0.1": 0.17142857142857143, "f2_0.2": 0.49504950495049505, "greedy_threshold": 0.19, "greedy_f2": 0.5097087378640777}, "ensemble_val1_label7.xgb": {"eta": 0.2, "max_depth": 8, "min_child_weight": 5, "best_iteration": 4, "best_ntree_limit": 5, "smooth_f2": 0.15126636811164978, "f2_0.1": 0.10738366769333223, "f2_0.2": 0.4749403341288783, "greedy_threshold": 0.29, "greedy_f2": 0.5458656330749355}, "ensemble_val1_label8.xgb": {"eta": 0.2, "max_depth": 8, "min_child_weight": 2, "best_iteration": 20, "best_ntree_limit": 21, "smooth_f2": 0.933720355011962, "f2_0.1": 0.9797042102333718, "f2_0.2": 0.9805738194859532, "greedy_threshold": 0.3, "greedy_f2": 0.9813531913194513}, "ensemble_val1_label9.xgb": {"eta": 0.2, "max_depth": 3, "min_child_weight": 1, "best_iteration": 8, "best_ntree_limit": 9, "smooth_f2": 0.3685806655076558, "f2_0.1": 0.5543796808857049, "f2_0.2": 0.6508911368015414, "greedy_threshold": 0.18, "greedy_f2": 0.6561452191004741}, "ensemble_val1_label10.xgb": {"eta": 0.2, "max_depth": 3, "min_child_weight": 2, "best_iteration": 11, "best_ntree_limit": 12, "smooth_f2": 0.5418676271604195, "f2_0.1": 0.7748702909993231, "f2_0.2": 0.7935531496062993, "greedy_threshold": 0.15, "greedy_f2": 0.8049535603715172}, "ensemble_val1_label11.xgb": {"eta": 0.2, "max_depth": 3, "min_child_weight": 1, "best_iteration": 12, "best_ntree_limit": 13, "smooth_f2": 0.2340352984230661, "f2_0.1": 0.5685358255451715, "f2_0.2": 0.5694070080862533, "greedy_threshold": 0.15, "greedy_f2": 0.6019358741681792}, "ensemble_val1_label12.xgb": {"eta": 0.2, "max_depth": 2, "min_child_weight": 5, "best_iteration": 18, "best_ntree_limit": 19, "smooth_f2": 0.23524003370122912, "f2_0.1": 0.4182509505703422, "f2_0.2": 0.5223880597014926, "greedy_threshold": 0.28, "greedy_f2": 0.5714285714285715}, "ensemble_val2_label0.xgb": {"eta": 0.2, "max_depth": 6, "min_child_weight": 2, "best_iteration": 16, "best_ntree_limit": 17, "smooth_f2": 0.12875073778239124, "f2_0.1": 0.5555555555555555, "f2_0.2": 0.5072463768115942, "greedy_threshold": 0.15, "greedy_f2": 0.6206896551724137}, "ensemble_val2_label1.xgb": {"eta": 0.2, "max_depth": 2, "min_child_weight": 1, "best_iteration": 23, "best_ntree_limit": 24, "smooth_f2": 0.4757428869621168, "f2_0.1": 0.6935572184705239, "f2_0.2": 0.7000828500414251, "greedy_threshold": 0.15, "greedy_f2": 0.7152736613317526}, "ensemble_val2_label2.xgb": {"eta": 0.2, "max_depth": 7, "min_child_weight": 5, "best_iteration": 32, "best_ntree_limit": 33, "smooth_f2": 0.9398904036925426, "f2_0.1": 0.9817185004042833, "f2_0.2": 0.9823000098882628, "greedy_threshold": 0.16, "greedy_f2": 0.9827937022184468}, "ensemble_val2_label3.xgb": {"eta": 0.2, "max_depth": 8, "min_child_weight": 5, "best_iteration": 12, "best_ntree_limit": 13, "smooth_f2": 0.07504569381051492, "f2_0.1": 0.3692307692307692, "f2_0.2": 0.3861788617886179, "greedy_threshold": 0.18, "greedy_f2": 0.44}, "ensemble_val2_label4.xgb": {"eta": 0.2, "max_depth": 2, "min_child_weight": 1, "best_iteration": 24, "best_ntree_limit": 25, "smooth_f2": 0.6233419007263092, "f2_0.1": 0.8329482439926064, "f2_0.2": 0.8310843373493976, "greedy_threshold": 0.12, "greedy_f2": 0.836446852232393}, "ensemble_val2_label5.xgb": {"eta": 0.2, "max_depth": 5, "min_child_weight": 5, "best_iteration": 2, "best_ntree_limit": 3, "smooth_f2": 0.41320070560028244, "f2_0.1": 0.49216075963343275, "f2_0.2": 0.49216075963343275, "greedy_threshold": 0.35, "greedy_f2": 0.771848490826593}, "ensemble_val2_label6.xgb": {"eta": 0.2, "max_depth": 2, "min_child_weight": 5, "best_iteration": 21, "best_ntree_limit": 22, "smooth_f2": 0.1069340678682755, "f2_0.1": 0.32432432432432434, "f2_0.2": 0.2678571428571429, "greedy_threshold": 0.05, "greedy_f2": 0.412621359223301}, "ensemble_val2_label7.xgb": {"eta": 0.2, "max_depth": 5, "min_child_weight": 1, "best_iteration": 18, "best_ntree_limit": 19, "smooth_f2": 0.2377724504406139, "f2_0.1": 0.5631868131868132, "f2_0.2": 0.5110677083333334, "greedy_threshold": 0.11, "greedy_f2": 0.5731225296442688}, "ensemble_val2_label8.xgb": {"eta": 0.2, "max_depth": 2, "min_child_weight": 4, "best_iteration": 37, "best_ntree_limit": 38, "smooth_f2": 0.93414160964634, "f2_0.1": 0.9805362462760675, "f2_0.2": 0.9812451470324726, "greedy_threshold": 0.27, "greedy_f2": 0.9818935949589214}, "ensemble_val2_label9.xgb": {"eta": 0.2, "max_depth": 4, "min_child_weight": 5, "best_iteration": 7, "best_ntree_limit": 8, "smooth_f2": 0.35696855643779957, "f2_0.1": 0.4367076511435306, "f2_0.2": 0.653629948570745, "greedy_threshold": 0.21, "greedy_f2": 0.6552984165651644}, "ensemble_val2_label10.xgb": {"eta": 0.2, "max_depth": 7, "min_child_weight": 4, "best_iteration": 8, "best_ntree_limit": 9, "smooth_f2": 0.4798817398721916, "f2_0.1": 0.7247796278158668, "f2_0.2": 0.8053461274845785, "greedy_threshold": 0.24, "greedy_f2": 0.8158017765310894}, "ensemble_val2_label11.xgb": {"eta": 0.2, "max_depth": 3, "min_child_weight": 4, "best_iteration": 23, "best_ntree_limit": 24, "smooth_f2": 0.2758539498250007, "f2_0.1": 0.5481357818586533, "f2_0.2": 0.5433287482806052, "greedy_threshold": 0.12, "greedy_f2": 0.5695830886670583}, "ensemble_val2_label12.xgb": {"eta": 0.2, "max_depth": 4, "min_child_weight": 1, "best_iteration": 4, "best_ntree_limit": 5, "smooth_f2": 0.07430948202726488, "f2_0.1": 0.03496194016640113, "f2_0.2": 0.6396588486140725, "greedy_threshold": 0.24, "greedy_f2": 0.6627906976744186}, "ensemble_val3_label0.xgb": {"eta": 0.2, "max_depth": 2, "min_child_weight": 1, "best_iteration": 16, "best_ntree_limit": 17, "smooth_f2": 0.07630852234129802, "f2_0.1": 0.3543307086614173, "f2_0.2": 0.40909090909090906, "greedy_threshold": 0.28, "greedy_f2": 0.44999999999999996}, "ensemble_val3_label1.xgb": {"eta": 0.2, "max_depth": 2, "min_child_weight": 4, "best_iteration": 52, "best_ntree_limit": 53, "smooth_f2": 0.4826853517393273, "f2_0.1": 0.6913674560733385, "f2_0.2": 0.7029598308668076, "greedy_threshold": 0.18, "greedy_f2": 0.717544587308171}, "ensemble_val3_label2.xgb": {"eta": 0.2, "max_depth": 6, "min_child_weight": 4, "best_iteration": 10, "best_ntree_limit": 11, "smooth_f2": 0.9049998406187906, "f2_0.1": 0.9806347709953649,