{"ensemble_val1_label0.xgb": {"eta": 0.15, "max_depth": 2, "min_child_weight": 5, "best_iteration": 8, "best_ntree_limit": 9, "smooth_f2": 0.018572565234925995, "f2_0.1": 0.008591842271863976, "f2_0.2": 0.5555555555555556, "greedy_threshold": 0.21, "greedy_f2": 0.648148148148148}, "ensemble_val1_label1.xgb": {"eta": 0.05, "max_depth": 4, "min_child_weight": 1, "best_iteration": 38, "best_ntree_limit": 39, "smooth_f2": 0.41605487237426814, "f2_0.1": 0.6296352353564401, "f2_0.2": 0.7191250483933411, "greedy_threshold": 0.21, "greedy_f2": 0.7253176930596286}, "ensemble_val1_label2.xgb": {"eta": 0.15, "max_depth": 10, "min_child_weight": 5, "best_iteration": 22, "best_ntree_limit": 23, "smooth_f2": 0.9355403426025789, "f2_0.1": 0.9819401954011643, "f2_0.2": 0.9817739735505168, "greedy_threshold": 0.15, "greedy_f2": 0.9824991111286691}, "ensemble_val1_label3.xgb": {"eta": 0.2, "max_depth": 5, "min_child_weight": 1, "best_iteration": 10, "best_ntree_limit": 11, "smooth_f2": 0.06468935791317378, "f2_0.1": 0.40849673202614384, "f2_0.2": 0.3195488721804511, "greedy_threshold": 0.09, "greedy_f2": 0.4420731707317074}, "ensemble_val1_label4.xgb": {"eta": 0.1, "max_depth": 6, "min_child_weight": 3, "best_iteration": 34, "best_ntree_limit": 35, "smooth_f2": 0.6263240843237154, "f2_0.1": 0.8244319724812167, "f2_0.2": 0.8323055028463, "greedy_threshold": 0.22, "greedy_f2": 0.8326563769293257}, "ensemble_val1_label5.xgb": {"eta": 0.05, "max_depth": 2, "min_child_weight": 1, "best_iteration": 23, "best_ntree_limit": 24, "smooth_f2": 0.4454068632454982, "f2_0.1": 0.486964255934182, "f2_0.2": 0.7567667096299024, "greedy_threshold": 0.24, "greedy_f2": 0.776331130975515}, "ensemble_val1_label6.xgb": {"eta": 0.2, "max_depth": 7, "min_child_weight": 1, "best_iteration": 45, "best_ntree_limit": 46, "smooth_f2": 0.2572073286125539, "f2_0.1": 0.41899441340782123, "f2_0.2": 0.3254437869822485, "greedy_threshold": 0.06, "greedy_f2": 0.5208333333333334}, "ensemble_val1_label7.xgb": {"eta": 0.05, "max_depth": 5, "min_child_weight": 5, "best_iteration": 24, "best_ntree_limit": 25, "smooth_f2": 0.15815647895532642, "f2_0.1": 0.10738366769333223, "f2_0.2": 0.479836651352731, "greedy_threshold": 0.24, "greedy_f2": 0.5356017643352237}, "ensemble_val1_label8.xgb": {"eta": 0.15, "max_depth": 5, "min_child_weight": 1, "best_iteration": 52, "best_ntree_limit": 53, "smooth_f2": 0.938145116746191, "f2_0.1": 0.9803199745293908, "f2_0.2": 0.9804214765635902, "greedy_threshold": 0.27, "greedy_f2": 0.9812514974842265}, "ensemble_val1_label9.xgb": {"eta": 0.2, "max_depth": 5, "min_child_weight": 5, "best_iteration": 12, "best_ntree_limit": 13, "smooth_f2": 0.37317732589248764, "f2_0.1": 0.6304016268429079, "f2_0.2": 0.6348600508905852, "greedy_threshold": 0.15, "greedy_f2": 0.6578641228478361}, "ensemble_val1_label10.xgb": {"eta": 0.1, "max_depth": 3, "min_child_weight": 3, "best_iteration": 23, "best_ntree_limit": 24, "smooth_f2": 0.5309407233160799, "f2_0.1": 0.7801177536231885, "f2_0.2": 0.7954545454545455, "greedy_threshold": 0.15, "greedy_f2": 0.8027632205812292}, "ensemble_val1_label11.xgb": {"eta": 0.1, "max_depth": 2, "min_child_weight": 3, "best_iteration": 31, "best_ntree_limit": 32, "smooth_f2": 0.23798544324457868, "f2_0.1": 0.5814576634512326, "f2_0.2": 0.5574555403556771, "greedy_threshold": 0.15, "greedy_f2": 0.6015960712093309}, "ensemble_val1_label12.xgb": {"eta": 0.15, "max_depth": 7, "min_child_weight": 3, "best_iteration": 15, "best_ntree_limit": 16, "smooth_f2": 0.12444365767609523, "f2_0.1": 0.49738219895287955, "f2_0.2": 0.4658385093167702, "greedy_threshold": 0.12, "greedy_f2": 0.5352112676056339}, "ensemble_val2_label0.xgb": {"eta": 0.1, "max_depth": 5, "min_child_weight": 2, "best_iteration": 29, "best_ntree_limit": 30, "smooth_f2": 0.056133240883421684, "f2_0.1": 0.5555555555555555, "f2_0.2": 0.31249999999999994, "greedy_threshold": 0.12, "greedy_f2": 0.5806451612903225}, "ensemble_val2_label1.xgb": {"eta": 0.1, "max_depth": 4, "min_child_weight": 5, "best_iteration": 32, "best_ntree_limit": 33, "smooth_f2": 0.4725408554166583, "f2_0.1": 0.689811457577955, "f2_0.2": 0.6958333333333333, "greedy_threshold": 0.15, "greedy_f2": 0.7147087857847977}, "ensemble_val2_label2.xgb": {"eta": 0.2, "max_depth": 3, "min_child_weight": 5, "best_iteration": 51, "best_ntree_limit": 52, "smooth_f2": 0.9452904399771672, "f2_0.1": 0.9823824179292929, "f2_0.2": 0.9825789484091674, "greedy_threshold": 0.18, "greedy_f2": 0.9830005930025697}, "ensemble_val2_label3.xgb": {"eta": 0.2, "max_depth": 6, "min_child_weight": 2, "best_iteration": 3, "best_ntree_limit": 4, "smooth_f2": 0.03393951166144522, "f2_0.1": 0.0219180533190195, "f2_0.2": 0.0219180533190195, "greedy_threshold": 0.26, "greedy_f2": 0.43887147335423204}, "ensemble_val2_label4.xgb": {"eta": 0.05, "max_depth": 6, "min_child_weight": 1, "best_iteration": 45, "best_ntree_limit": 46, "smooth_f2": 0.5968611628533261, "f2_0.1": 0.8124778132765355, "f2_0.2": 0.8321778627779105, "greedy_threshold": 0.18, "greedy_f2": 0.8364488192702665}, "ensemble_val2_label5.xgb": {"eta": 0.15, "max_depth": 6, "min_child_weight": 4, "best_iteration": 18, "best_ntree_limit": 19, "smooth_f2": 0.5098551879282264, "f2_0.1": 0.7505825416741351, "f2_0.2": 0.7631318136769077, "greedy_threshold": 0.19, "greedy_f2": 0.7682099675611913}, "ensemble_val2_label6.xgb": {"eta": 0.1, "max_depth": 2, "min_child_weight": 1, "best_iteration": 32, "best_ntree_limit": 33, "smooth_f2": 0.07315691633461714, "f2_0.1": 0.3826530612244898, "f2_0.2": 0.20710059171597633, "greedy_threshold": 0.09, "greedy_f2": 0.45000000000000007}, "ensemble_val2_label7.xgb": {"eta": 0.05, "max_depth": 3, "min_child_weight": 3, "best_iteration": 16, "best_ntree_limit": 17, "smooth_f2": 0.13679212053943537, "f2_0.1": 0.11418169783220256, "f2_0.2": 0.11418169783220256, "greedy_threshold": 0.27, "greedy_f2": 0.5755813953488372}, "ensemble_val2_label8.xgb": {"eta": 0.2, "max_depth": 4, "min_child_weight": 4, "best_iteration": 30, "best_ntree_limit": 31, "smooth_f2": 0.9423399859656935, "f2_0.1": 0.9803629280702801, "f2_0.2": 0.9817478978201092, "greedy_threshold": 0.21, "greedy_f2": 0.9818439094387756}, "ensemble_val2_label9.xgb": {"eta": 0.1, "max_depth": 3, "min_child_weight": 1, "best_iteration": 18, "best_ntree_limit": 19, "smooth_f2": 0.3810474703373131, "f2_0.1": 0.5573248407643312, "f2_0.2": 0.6545432280186138, "greedy_threshold": 0.21, "greedy_f2": 0.6572389733366558}, "ensemble_val2_label10.xgb": {"eta": 0.2, "max_depth": 5, "min_child_weight": 2, "best_iteration": 6, "best_ntree_limit": 7, "smooth_f2": 0.44740460261948295, "f2_0.1": 0.27350974534073125, "f2_0.2": 0.8046892783974504, "greedy_threshold": 0.25, "greedy_f2": 0.8133521391631406}, "ensemble_val2_label11.xgb": {"eta": 0.05, "max_depth": 4, "min_child_weight": 4, "best_iteration": 22, "best_ntree_limit": 23, "smooth_f2": 0.1516313220878847, "f2_0.1": 0.10508757297748124, "f2_0.2": 0.5314585319351762, "greedy_threshold": 0.24, "greedy_f2": 0.5769230769230769}, "ensemble_val2_label12.xgb": {"eta": 0.15, "max_depth": 9, "min_child_weight": 3, "best_iteration": 20, "best_ntree_limit": 21, "smooth_f2": 0.2297044799623697, "f2_0.1": 0.6502242152466368, "f2_0.2": 0.5597964376590331, "greedy_threshold": 0.12, "greedy_f2": 0.6791569086651055}, "ensemble_val3_label0.xgb": {"eta": 0.15, "max_depth": 2, "min_child_weight": 3, "best_iteration": 14, "best_ntree_limit": 15, "smooth_f2": 0.029939264738088386, "f2_0.1": 0.21951219512195122, "f2_0.2": 0.4017857142857143, "greedy_threshold": 0.31, "greedy_f2": 0.46874999999999994}, "ensemble_val3_label1.xgb": {"eta": 0.1, "max_depth": 6, "min_child_weight": 4, "best_iteration": 26, "best_ntree_limit": 27, "smooth_f2": 0.4311157972196876, "f2_0.1": 0.6790571169537625, "f2_0.2": 0.7053941908713693, "greedy_threshold": 0.18, "greedy_f2": 0.7123956849175656}, "ensemble_val3_label2.xgb": {"eta": 0.1, "max_depth": 4, "min_child_weight": 4, "best_iteration": 12, "best_ntree_limit": 13,