{"ensemble_val1_label0.xgb": {"eta": 0.15, "max_depth": 2, "min_child_weight": 5, "best_iteration": 6, "best_ntree_limit": 7, "smooth_f2": 0.016149989235258976, "f2_0.1": 0.008591842271863976, "f2_0.2": 0.46012269938650313, "greedy_threshold": 0.27, "greedy_f2": 0.6422018348623852}, "ensemble_val1_label1.xgb": {"eta": 0.15, "max_depth": 3, "min_child_weight": 4, "best_iteration": 28, "best_ntree_limit": 29, "smooth_f2": 0.47589191171112444, "f2_0.1": 0.7025995273586619, "f2_0.2": 0.7184485530546623, "greedy_threshold": 0.18, "greedy_f2": 0.7223431624777359}, "ensemble_val1_label2.xgb": {"eta": 0.15, "max_depth": 8, "min_child_weight": 2, "best_iteration": 36, "best_ntree_limit": 37, "smooth_f2": 0.9435275899766475, "f2_0.1": 0.9815351837604308, "f2_0.2": 0.982026466521825, "greedy_threshold": 0.29, "greedy_f2": 0.9823246802032465}, "ensemble_val1_label3.xgb": {"eta": 0.15, "max_depth": 7, "min_child_weight": 4, "best_iteration": 32, "best_ntree_limit": 33, "smooth_f2": 0.19079314001285821, "f2_0.1": 0.3818181818181818, "f2_0.2": 0.3448275862068966, "greedy_threshold": 0.06, "greedy_f2": 0.4498269896193771}, "ensemble_val1_label4.xgb": {"eta": 0.15, "max_depth": 10, "min_child_weight": 3, "best_iteration": 20, "best_ntree_limit": 21, "smooth_f2": 0.6091650353466342, "f2_0.1": 0.8218838686427317, "f2_0.2": 0.8305979734551163, "greedy_threshold": 0.18, "greedy_f2": 0.832467164320136}, "ensemble_val1_label5.xgb": {"eta": 0.15, "max_depth": 2, "min_child_weight": 1, "best_iteration": 9, "best_ntree_limit": 10, "smooth_f2": 0.46120231032378733, "f2_0.1": 0.486964255934182, "f2_0.2": 0.773659763886201, "greedy_threshold": 0.21, "greedy_f2": 0.77715904650254}, "ensemble_val1_label6.xgb": {"eta": 0.15, "max_depth": 2, "min_child_weight": 1, "best_iteration": 11, "best_ntree_limit": 12, "smooth_f2": 0.0436315079115833, "f2_0.1": 0.12500000000000003, "f2_0.2": 0.48837209302325585, "greedy_threshold": 0.22, "greedy_f2": 0.5072463768115942}, "ensemble_val1_label7.xgb": {"eta": 0.15, "max_depth": 8, "min_child_weight": 5, "best_iteration": 5, "best_ntree_limit": 6, "smooth_f2": 0.14216338548036278, "f2_0.1": 0.10738366769333223, "f2_0.2": 0.29002876318312554, "greedy_threshold": 0.29, "greedy_f2": 0.5372670807453416}, "ensemble_val1_label8.xgb": {"eta": 0.15, "max_depth": 7, "min_child_weight": 4, "best_iteration": 27, "best_ntree_limit": 28, "smooth_f2": 0.9362880458484517, "f2_0.1": 0.9798190675017396, "f2_0.2": 0.9806382215847975, "greedy_threshold": 0.35, "greedy_f2": 0.981584676533445}, "ensemble_val1_label9.xgb": {"eta": 0.15, "max_depth": 2, "min_child_weight": 1, "best_iteration": 17, "best_ntree_limit": 18, "smooth_f2": 0.3740642089426958, "f2_0.1": 0.6284592935493609, "f2_0.2": 0.6413810483870968, "greedy_threshold": 0.15, "greedy_f2": 0.6580473098330241}, "ensemble_val1_label10.xgb": {"eta": 0.15, "max_depth": 3, "min_child_weight": 2, "best_iteration": 13, "best_ntree_limit": 14, "smooth_f2": 0.5203272127186127, "f2_0.1": 0.7696579298089739, "f2_0.2": 0.797366495976591, "greedy_threshold": 0.18, "greedy_f2": 0.8040442946557536}, "ensemble_val1_label11.xgb": {"eta": 0.15, "max_depth": 3, "min_child_weight": 2, "best_iteration": 17, "best_ntree_limit": 18, "smooth_f2": 0.23847683465103658, "f2_0.1": 0.5690841715193223, "f2_0.2": 0.5570560432140447, "greedy_threshold": 0.15, "greedy_f2": 0.5990220048899756}, "ensemble_val1_label12.xgb": {"eta": 0.15, "max_depth": 3, "min_child_weight": 1, "best_iteration": 21, "best_ntree_limit": 22, "smooth_f2": 0.2216278740545015, "f2_0.1": 0.4035087719298246, "f2_0.2": 0.5119047619047619, "greedy_threshold": 0.27, "greedy_f2": 0.5706521739130436}, "ensemble_val2_label0.xgb": {"eta": 0.15, "max_depth": 6, "min_child_weight": 2, "best_iteration": 4, "best_ntree_limit": 5, "smooth_f2": 0.019333345037116634, "f2_0.1": 0.012173128944995492, "f2_0.2": 0.012173128944995492, "greedy_threshold": 0.35, "greedy_f2": 0.6293706293706294}, "ensemble_val2_label1.xgb": {"eta": 0.15, "max_depth": 2, "min_child_weight": 1, "best_iteration": 21, "best_ntree_limit": 22, "smooth_f2": 0.4609336628034713, "f2_0.1": 0.6820594479830149, "f2_0.2": 0.7068543451652387, "greedy_threshold": 0.15, "greedy_f2": 0.7126281183523497}, "ensemble_val2_label2.xgb": {"eta": 0.15, "max_depth": 5, "min_child_weight": 3, "best_iteration": 12, "best_ntree_limit": 13, "smooth_f2": 0.886627340655064, "f2_0.1": 0.9805387748676675, "f2_0.2": 0.9819560153196193, "greedy_threshold": 0.3, "greedy_f2": 0.9827487289057708}, "ensemble_val2_label3.xgb": {"eta": 0.15, "max_depth": 2, "min_child_weight": 4, "best_iteration": 27, "best_ntree_limit": 28, "smooth_f2": 0.15728018212684555, "f2_0.1": 0.3643724696356275, "f2_0.2": 0.36016949152542377, "greedy_threshold": 0.06, "greedy_f2": 0.43478260869565216}, "ensemble_val2_label4.xgb": {"eta": 0.15, "max_depth": 5, "min_child_weight": 5, "best_iteration": 15, "best_ntree_limit": 16, "smooth_f2": 0.6137039426872485, "f2_0.1": 0.8181208053691276, "f2_0.2": 0.8322562114031308, "greedy_threshold": 0.15, "greedy_f2": 0.8360594448079262}, "ensemble_val2_label5.xgb": {"eta": 0.15, "max_depth": 5, "min_child_weight": 4, "best_iteration": 8, "best_ntree_limit": 9, "smooth_f2": 0.4561700561971436, "f2_0.1": 0.49216075963343275, "f2_0.2": 0.7499772043402937, "greedy_threshold": 0.26, "greedy_f2": 0.7708251085669167}, "ensemble_val2_label6.xgb": {"eta": 0.15, "max_depth": 4, "min_child_weight": 3, "best_iteration": 10, "best_ntree_limit": 11, "smooth_f2": 0.03322130078190721, "f2_0.1": 0.3310104529616725, "f2_0.2": 0.3278688524590165, "greedy_threshold": 0.12, "greedy_f2": 0.4260089686098655}, "ensemble_val2_label7.xgb": {"eta": 0.15, "max_depth": 2, "min_child_weight": 1, "best_iteration": 17, "best_ntree_limit": 18, "smooth_f2": 0.1991470236366509, "f2_0.1": 0.5567226890756304, "f2_0.2": 0.5137434554973822, "greedy_threshold": 0.12, "greedy_f2": 0.5772495755517826}, "ensemble_val2_label8.xgb": {"eta": 0.15, "max_depth": 3, "min_child_weight": 1, "best_iteration": 32, "best_ntree_limit": 33, "smooth_f2": 0.9205631909507545, "f2_0.1": 0.980499235458824, "f2_0.2": 0.9811512280562079, "greedy_threshold": 0.27, "greedy_f2": 0.9819203859110571}, "ensemble_val2_label9.xgb": {"eta": 0.15, "max_depth": 4, "min_child_weight": 2, "best_iteration": 7, "best_ntree_limit": 8, "smooth_f2": 0.34252648399776586, "f2_0.1": 0.41631240131179403, "f2_0.2": 0.6285015788937558, "greedy_threshold": 0.24, "greedy_f2": 0.6546194351364288}, "ensemble_val2_label10.xgb": {"eta": 0.15, "max_depth": 6, "min_child_weight": 3, "best_iteration": 18, "best_ntree_limit": 19, "smooth_f2": 0.5678300013711622, "f2_0.1": 0.7933538732394366, "f2_0.2": 0.8118858212447356, "greedy_threshold": 0.21, "greedy_f2": 0.81512802443035}, "ensemble_val2_label11.xgb": {"eta": 0.15, "max_depth": 4, "min_child_weight": 5, "best_iteration": 16, "best_ntree_limit": 17, "smooth_f2": 0.21983365520956238, "f2_0.1": 0.5307262569832402, "f2_0.2": 0.5465037338764426, "greedy_threshold": 0.15, "greedy_f2": 0.5710814094775212}, "ensemble_val2_label12.xgb": {"eta": 0.15, "max_depth": 2, "min_child_weight": 1, "best_iteration": 10, "best_ntree_limit": 11, "smooth_f2": 0.10462210924656075, "f2_0.1": 0.43316831683168316, "f2_0.2": 0.6112469437652812, "greedy_threshold": 0.15, "greedy_f2": 0.6621004566210046}, "ensemble_val3_label0.xgb": {"eta": 0.15, "max_depth": 6, "min_child_weight": 3, "best_iteration": 18, "best_ntree_limit": 19, "smooth_f2": 0.0584844309358316, "f2_0.1": 0.35156250000000006, "f2_0.2": 0.43269230769230765, "greedy_threshold": 0.27, "greedy_f2": 0.45454545454545453}, "ensemble_val3_label1.xgb": {"eta": 0.15, "max_depth": 3, "min_child_weight": 1, "best_iteration": 11, "best_ntree_limit": 12, "smooth_f2": 0.3963044862430262, "f2_0.1": 0.5990679494888754, "f2_0.2": 0.7105102663142916, "greedy_threshold": 0.21, "greedy_f2": 0.7123766447368421}, "ensemble_val3_label2.xgb": {"eta": 0.15, "max_depth": 2, "min_child_weight": 1, "best_iteration": 8, "best_ntree_limit": 9,