{"ensemble_val1_label0.xgb": {"eta": 0.1, "max_depth": 4, "min_child_weight": 5, "best_iteration": 6, "best_ntree_limit": 7, "smooth_f2": 0.012332257938719768, "f2_0.1": 0.008591842271863976, "f2_0.2": 0.008591842271863976, "greedy_threshold": 0.35, "greedy_f2": 0.6018518518518519}, "ensemble_val1_label1.xgb": {"eta": 0.1, "max_depth": 4, "min_child_weight": 2, "best_iteration": 20, "best_ntree_limit": 21, "smooth_f2": 0.40069964786876594, "f2_0.1": 0.667388768538577, "f2_0.2": 0.7034719418651595, "greedy_threshold": 0.18, "greedy_f2": 0.7076405384006335}, "ensemble_val1_label2.xgb": {"eta": 0.1, "max_depth": 9, "min_child_weight": 4, "best_iteration": 2, "best_ntree_limit": 3, "smooth_f2": 0.6609567464625252, "f2_0.1": 0.9798035471742681, "f2_0.2": 0.9798035471742681, "greedy_threshold": 0.45, "greedy_f2": 0.9823353707989634}, "ensemble_val1_label3.xgb": {"eta": 0.1, "max_depth": 3, "min_child_weight": 1, "best_iteration": 7, "best_ntree_limit": 8, "smooth_f2": 0.031688208301842935, "f2_0.1": 0.024988844265952694, "f2_0.2": 0.024988844265952694, "greedy_threshold": 0.27, "greedy_f2": 0.40209790209790214}, "ensemble_val1_label4.xgb": {"eta": 0.1, "max_depth": 5, "min_child_weight": 5, "best_iteration": 26, "best_ntree_limit": 27, "smooth_f2": 0.6144073084598802, "f2_0.1": 0.8190851311431384, "f2_0.2": 0.8299595141700404, "greedy_threshold": 0.18, "greedy_f2": 0.8314195997562919}, "ensemble_val1_label5.xgb": {"eta": 0.1, "max_depth": 5, "min_child_weight": 1, "best_iteration": 44, "best_ntree_limit": 45, "smooth_f2": 0.5418601347041195, "f2_0.1": 0.7617793661243298, "f2_0.2": 0.7668986083499005, "greedy_threshold": 0.18, "greedy_f2": 0.769610261470153}, "ensemble_val1_label6.xgb": {"eta": 0.1, "max_depth": 6, "min_child_weight": 5, "best_iteration": 23, "best_ntree_limit": 24, "smooth_f2": 0.03798401377374326, "f2_0.1": 0.42553191489361697, "f2_0.2": 0.16339869281045752, "greedy_threshold": 0.12, "greedy_f2": 0.44943820224719094}, "ensemble_val1_label7.xgb": {"eta": 0.1, "max_depth": 9, "min_child_weight": 3, "best_iteration": 6, "best_ntree_limit": 7, "smooth_f2": 0.13167609053506293, "f2_0.1": 0.10738366769333223, "f2_0.2": 0.10738366769333223, "greedy_threshold": 0.3, "greedy_f2": 0.5271270036991369}, "ensemble_val1_label8.xgb": {"eta": 0.1, "max_depth": 5, "min_child_weight": 4, "best_iteration": 62, "best_ntree_limit": 63, "smooth_f2": 0.9437220757566184, "f2_0.1": 0.9798345398138573, "f2_0.2": 0.9803570005578135, "greedy_threshold": 0.35, "greedy_f2": 0.9809955836214305}, "ensemble_val1_label9.xgb": {"eta": 0.1, "max_depth": 4, "min_child_weight": 2, "best_iteration": 25, "best_ntree_limit": 26, "smooth_f2": 0.3603163057239434, "f2_0.1": 0.6274040960598816, "f2_0.2": 0.6132561132561133, "greedy_threshold": 0.15, "greedy_f2": 0.6473525313516025}, "ensemble_val1_label10.xgb": {"eta": 0.1, "max_depth": 8, "min_child_weight": 3, "best_iteration": 10, "best_ntree_limit": 11, "smooth_f2": 0.40739716011151467, "f2_0.1": 0.2645559623806447, "f2_0.2": 0.7727797001153401, "greedy_threshold": 0.25, "greedy_f2": 0.7944038929440389}, "ensemble_val1_label11.xgb": {"eta": 0.1, "max_depth": 3, "min_child_weight": 4, "best_iteration": 22, "best_ntree_limit": 23, "smooth_f2": 0.20322135150672, "f2_0.1": 0.5633802816901408, "f2_0.2": 0.5413196668802049, "greedy_threshold": 0.12, "greedy_f2": 0.5872093023255814}, "ensemble_val1_label12.xgb": {"eta": 0.1, "max_depth": 2, "min_child_weight": 1, "best_iteration": 10, "best_ntree_limit": 11, "smooth_f2": 0.04904601975105682, "f2_0.1": 0.02934637616718542, "f2_0.2": 0.2541630148992112, "greedy_threshold": 0.27, "greedy_f2": 0.486284289276808}, "ensemble_val2_label0.xgb": {"eta": 0.1, "max_depth": 8, "min_child_weight": 4, "best_iteration": 41, "best_ntree_limit": 42, "smooth_f2": 0.06700212774279925, "f2_0.1": 0.5161290322580645, "f2_0.2": 0.08130081300813008, "greedy_threshold": 0.12, "greedy_f2": 0.5298013245033112}, "ensemble_val2_label1.xgb": {"eta": 0.1, "max_depth": 5, "min_child_weight": 4, "best_iteration": 41, "best_ntree_limit": 42, "smooth_f2": 0.4655545855930663, "f2_0.1": 0.6548326821810769, "f2_0.2": 0.6985442782046097, "greedy_threshold": 0.21, "greedy_f2": 0.7021668029435815}, "ensemble_val2_label2.xgb": {"eta": 0.1, "max_depth": 3, "min_child_weight": 1, "best_iteration": 2, "best_ntree_limit": 3, "smooth_f2": 0.6624863477072405, "f2_0.1": 0.9800180938520239, "f2_0.2": 0.9800180938520239, "greedy_threshold": 0.39, "greedy_f2": 0.9823087566712789}, "ensemble_val2_label3.xgb": {"eta": 0.1, "max_depth": 3, "min_child_weight": 1, "best_iteration": 12, "best_ntree_limit": 13, "smooth_f2": 0.044605435914189424, "f2_0.1": 0.0219180533190195, "f2_0.2": 0.4207119741100324, "greedy_threshold": 0.28, "greedy_f2": 0.45627376425855515}, "ensemble_val2_label4.xgb": {"eta": 0.1, "max_depth": 10, "min_child_weight": 2, "best_iteration": 14, "best_ntree_limit": 15, "smooth_f2": 0.5834461628423229, "f2_0.1": 0.7215720994687813, "f2_0.2": 0.8284464302336405, "greedy_threshold": 0.24, "greedy_f2": 0.8322663252240717}, "ensemble_val2_label5.xgb": {"eta": 0.1, "max_depth": 5, "min_child_weight": 3, "best_iteration": 6, "best_ntree_limit": 7, "smooth_f2": 0.42908804556454233, "f2_0.1": 0.49216075963343275, "f2_0.2": 0.49216075963343275, "greedy_threshold": 0.35, "greedy_f2": 0.7624445539674718}, "ensemble_val2_label6.xgb": {"eta": 0.1, "max_depth": 7, "min_child_weight": 3, "best_iteration": 12, "best_ntree_limit": 13, "smooth_f2": 0.024507769671533244, "f2_0.1": 0.016621743036837378, "f2_0.2": 0.2777777777777778, "greedy_threshold": 0.15, "greedy_f2": 0.3431372549019608}, "ensemble_val2_label7.xgb": {"eta": 0.1, "max_depth": 8, "min_child_weight": 5, "best_iteration": 29, "best_ntree_limit": 30, "smooth_f2": 0.20621757200644986, "f2_0.1": 0.5339028296849972, "f2_0.2": 0.47306176084099866, "greedy_threshold": 0.12, "greedy_f2": 0.5491990846681922}, "ensemble_val2_label8.xgb": {"eta": 0.1, "max_depth": 3, "min_child_weight": 1, "best_iteration": 4, "best_ntree_limit": 5, "smooth_f2": 0.7095952766836893, "f2_0.1": 0.9781575507940907, "f2_0.2": 0.9781575507940907, "greedy_threshold": 0.4, "greedy_f2": 0.981237676021272}, "ensemble_val2_label9.xgb": {"eta": 0.1, "max_depth": 5, "min_child_weight": 1, "best_iteration": 7, "best_ntree_limit": 8, "smooth_f2": 0.3336126125305857, "f2_0.1": 0.41631240131179403, "f2_0.2": 0.41631240131179403, "greedy_threshold": 0.3, "greedy_f2": 0.6465622706141423}, "ensemble_val2_label10.xgb": {"eta": 0.1, "max_depth": 3, "min_child_weight": 1, "best_iteration": 8, "best_ntree_limit": 9, "smooth_f2": 0.37174482992422175, "f2_0.1": 0.27350974534073125, "f2_0.2": 0.27350974534073125, "greedy_threshold": 0.35, "greedy_f2": 0.812206572769953}, "ensemble_val2_label11.xgb": {"eta": 0.1, "max_depth": 6, "min_child_weight": 1, "best_iteration": 41, "best_ntree_limit": 42, "smooth_f2": 0.28614102485236387, "f2_0.1": 0.5286839145106862, "f2_0.2": 0.5388634879163945, "greedy_threshold": 0.15, "greedy_f2": 0.562039312039312}, "ensemble_val2_label12.xgb": {"eta": 0.1, "max_depth": 5, "min_child_weight": 2, "best_iteration": 10, "best_ntree_limit": 11, "smooth_f2": 0.07059637131422644, "f2_0.1": 0.03496194016640113, "f2_0.2": 0.5679513184584178, "greedy_threshold": 0.24, "greedy_f2": 0.6459330143540669}, "ensemble_val3_label0.xgb": {"eta": 0.1, "max_depth": 7, "min_child_weight": 2, "best_iteration": 26, "best_ntree_limit": 27, "smooth_f2": 0.04983823180225679, "f2_0.1": 0.3284671532846715, "f2_0.2": 0.38461538461538464, "greedy_threshold": 0.36, "greedy_f2": 0.4455445544554455}, "ensemble_val3_label1.xgb": {"eta": 0.1, "max_depth": 4, "min_child_weight": 1, "best_iteration": 10, "best_ntree_limit": 11, "smooth_f2": 0.34581011799481, "f2_0.1": 0.2955288227522425, "f2_0.2": 0.6180400890868596, "greedy_threshold": 0.27, "greedy_f2": 0.6980227681246255}, "ensemble_val3_label2.xgb": {"eta": 0.1, "max_depth": 5, "min_child_weight": 1, "best_iteration": 2, "best_ntree_limit": 3, "smooth_f2": 0.65968160299916,