{"ensemble_val1_label0.xgb": {"eta": 0.1, "max_depth": 4, "min_child_weight": 5, "best_iteration": 6, "best_ntree_limit": 7, "smooth_f2": 0.012332257938719768, "f2_0.1": 0.008591842271863976, "f2_0.2": 0.008591842271863976, "greedy_threshold": 0.35, "greedy_f2": 0.6018518518518519}, "ensemble_val1_label1.xgb": {"eta": 0.1, "max_depth": 4, "min_child_weight": 2, "best_iteration": 20, "best_ntree_limit": 21, "smooth_f2": 0.40069964786876594, "f2_0.1": 0.667388768538577, "f2_0.2": 0.7034719418651595, "greedy_threshold": 0.18, "greedy_f2": 0.7076405384006335}, "ensemble_val1_label2.xgb": {"eta": 0.1, "max_depth": 9, "min_child_weight": 4, "best_iteration": 2, "best_ntree_limit": 3, "smooth_f2": 0.6609567464625252, "f2_0.1": 0.9798035471742681, "f2_0.2": 0.9798035471742681, "greedy_threshold": 0.45, "greedy_f2": 0.9823353707989634}, "ensemble_val1_label3.xgb": {"eta": 0.1, "max_depth": 3, "min_child_weight": 1, "best_iteration": 7, "best_ntree_limit": 8, "smooth_f2": 0.031688208301842935, "f2_0.1": 0.024988844265952694, "f2_0.2": 0.024988844265952694, "greedy_threshold": 0.27, "greedy_f2": 0.40209790209790214}, "ensemble_val1_label4.xgb": {"eta": 0.1, "max_depth": 5, "min_child_weight": 5, "best_iteration": 26, "best_ntree_limit": 27, "smooth_f2": 0.6144073084598802, "f2_0.1": 0.8190851311431384, "f2_0.2": 0.8299595141700404, "greedy_threshold": 0.18, "greedy_f2": 0.8314195997562919}, "ensemble_val1_label5.xgb": {"eta": 0.1, "max_depth": 5, "min_child_weight": 1, "best_iteration": 44, "best_ntree_limit": 45, "smooth_f2": 0.5418601347041195, "f2_0.1": 0.7617793661243298, "f2_0.2": 0.7668986083499005, "greedy_threshold": 0.18, "greedy_f2": 0.769610261470153}, "ensemble_val1_label6.xgb": {"eta": 0.1, "max_depth": 6, "min_child_weight": 5, "best_iteration": 23, "best_ntree_limit": 24, "smooth_f2": 0.03798401377374326, "f2_0.1": 0.42553191489361697, "f2_0.2": 0.16339869281045752, "greedy_threshold": 0.12, "greedy_f2": 0.44943820224719094}}