{"ensemble_val1_label0.xgb": {"eta": 0.05, "max_depth": 3, "min_child_weight": 5, "best_iteration": 38, "best_ntree_limit": 39, "smooth_f2": 0.02966112092799291, "f2_0.1": 0.46012269938650313, "f2_0.2": 0.518867924528302, "greedy_threshold": 0.28, "greedy_f2": 0.6043956043956044}, "ensemble_val1_label1.xgb": {"eta": 0.05, "max_depth": 5, "min_child_weight": 4, "best_iteration": 22, "best_ntree_limit": 23, "smooth_f2": 0.3592997109928846, "f2_0.1": 0.30732779342078154, "f2_0.2": 0.6844305120167189, "greedy_threshold": 0.27, "greedy_f2": 0.7270935960591133}, "ensemble_val1_label2.xgb": {"eta": 0.05, "max_depth": 10, "min_child_weight": 3, "best_iteration": 10, "best_ntree_limit": 11, "smooth_f2": 0.7276677353654647, "f2_0.1": 0.9798035471742681, "f2_0.2": 0.9798035471742681, "greedy_threshold": 0.35, "greedy_f2": 0.982144620671947}, "ensemble_val1_label3.xgb": {"eta": 0.05, "max_depth": 10, "min_child_weight": 2, "best_iteration": 38, "best_ntree_limit": 39, "smooth_f2": 0.05643244177857054, "f2_0.1": 0.34739454094292804, "f2_0.2": 0.31481481481481477, "greedy_threshold": 0.15, "greedy_f2": 0.4210526315789474}, "ensemble_val1_label4.xgb": {"eta": 0.05, "max_depth": 5, "min_child_weight": 3, "best_iteration": 10, "best_ntree_limit": 11, "smooth_f2": 0.5306168356434916, "f2_0.1": 0.7242713240644988, "f2_0.2": 0.7242713240644988, "greedy_threshold": 0.35, "greedy_f2": 0.8320056232427367}, "ensemble_val1_label5.xgb": {"eta": 0.05, "max_depth": 2, "min_child_weight": 1, "best_iteration": 18, "best_ntree_limit": 19, "smooth_f2": 0.4340357176474189, "f2_0.1": 0.486964255934182, "f2_0.2": 0.486964255934182, "greedy_threshold": 0.27, "greedy_f2": 0.7739189319918738}, "ensemble_val1_label6.xgb": {"eta": 0.05, "max_depth": 6, "min_child_weight": 3, "best_iteration": 40, "best_ntree_limit": 41, "smooth_f2": 0.055316276952058326, "f2_0.1": 0.4107142857142857, "f2_0.2": 0.45454545454545453, "greedy_threshold": 0.15, "greedy_f2": 0.4888888888888888}}