{"ensemble_val1_label0.xgb": {"eta": 0.05, "max_depth": 3, "min_child_weight": 5, "best_iteration": 38, "best_ntree_limit": 39, "smooth_f2": 0.02966112092799291, "f2_0.1": 0.46012269938650313, "f2_0.2": 0.518867924528302, "greedy_threshold": 0.28, "greedy_f2": 0.6043956043956044}, "ensemble_val1_label1.xgb": {"eta": 0.05, "max_depth": 5, "min_child_weight": 4, "best_iteration": 22, "best_ntree_limit": 23, "smooth_f2": 0.3592997109928846, "f2_0.1": 0.30732779342078154, "f2_0.2": 0.6844305120167189, "greedy_threshold": 0.27, "greedy_f2": 0.7270935960591133}, "ensemble_val1_label2.xgb": {"eta": 0.05, "max_depth": 10, "min_child_weight": 3, "best_iteration": 10, "best_ntree_limit": 11, "smooth_f2": 0.7276677353654647, "f2_0.1": 0.9798035471742681, "f2_0.2": 0.9798035471742681, "greedy_threshold": 0.35, "greedy_f2": 0.982144620671947}, "ensemble_val1_label3.xgb": {"eta": 0.05, "max_depth": 10, "min_child_weight": 2, "best_iteration": 38, "best_ntree_limit": 39, "smooth_f2": 0.05643244177857054, "f2_0.1": 0.34739454094292804, "f2_0.2": 0.31481481481481477, "greedy_threshold": 0.15, "greedy_f2": 0.4210526315789474}, "ensemble_val1_label4.xgb": {"eta": 0.05, "max_depth": 5, "min_child_weight": 3, "best_iteration": 10, "best_ntree_limit": 11, "smooth_f2": 0.5306168356434916, "f2_0.1": 0.7242713240644988, "f2_0.2": 0.7242713240644988, "greedy_threshold": 0.35, "greedy_f2": 0.8320056232427367}, "ensemble_val1_label5.xgb": {"eta": 0.05, "max_depth": 2, "min_child_weight": 1, "best_iteration": 18, "best_ntree_limit": 19, "smooth_f2": 0.4340357176474189, "f2_0.1": 0.486964255934182, "f2_0.2": 0.486964255934182, "greedy_threshold": 0.27, "greedy_f2": 0.7739189319918738}, "ensemble_val1_label6.xgb": {"eta": 0.05, "max_depth": 6, "min_child_weight": 3, "best_iteration": 40, "best_ntree_limit": 41, "smooth_f2": 0.055316276952058326, "f2_0.1": 0.4107142857142857, "f2_0.2": 0.45454545454545453, "greedy_threshold": 0.15, "greedy_f2": 0.4888888888888888}, "ensemble_val1_label7.xgb": {"eta": 0.05, "max_depth": 9, "min_child_weight": 3, "best_iteration": 26, "best_ntree_limit": 27, "smooth_f2": 0.159742052678888, "f2_0.1": 0.10738366769333223, "f2_0.2": 0.5068337129840548, "greedy_threshold": 0.24, "greedy_f2": 0.5310300703774792}, "ensemble_val1_label8.xgb": {"eta": 0.05, "max_depth": 6, "min_child_weight": 5, "best_iteration": 13, "best_ntree_limit": 14, "smooth_f2": 0.7589689528763258, "f2_0.1": 0.9777456016819724, "f2_0.2": 0.9777456016819724, "greedy_threshold": 0.35, "greedy_f2": 0.9807849468795471}, "ensemble_val1_label9.xgb": {"eta": 0.05, "max_depth": 5, "min_child_weight": 1, "best_iteration": 43, "best_ntree_limit": 44, "smooth_f2": 0.3664898880292409, "f2_0.1": 0.6130446953438461, "f2_0.2": 0.6431406598858844, "greedy_threshold": 0.17, "greedy_f2": 0.6569556569556569}, "ensemble_val1_label10.xgb": {"eta": 0.05, "max_depth": 4, "min_child_weight": 2, "best_iteration": 37, "best_ntree_limit": 38, "smooth_f2": 0.49451863556566417, "f2_0.1": 0.7354784788967823, "f2_0.2": 0.801151355241065, "greedy_threshold": 0.21, "greedy_f2": 0.8041535860903163}, "ensemble_val1_label11.xgb": {"eta": 0.05, "max_depth": 3, "min_child_weight": 1, "best_iteration": 40, "best_ntree_limit": 41, "smooth_f2": 0.19482047502721328, "f2_0.1": 0.5495283018867925, "f2_0.2": 0.5853499018966646, "greedy_threshold": 0.18, "greedy_f2": 0.5998763141620284}, "ensemble_val1_label12.xgb": {"eta": 0.05, "max_depth": 7, "min_child_weight": 4, "best_iteration": 9, "best_ntree_limit": 10, "smooth_f2": 0.03674510680171157, "f2_0.1": 0.02934637616718542, "f2_0.2": 0.02934637616718542, "greedy_threshold": 0.35, "greedy_f2": 0.5135135135135135}, "ensemble_val2_label0.xgb": {"eta": 0.05, "max_depth": 6, "min_child_weight": 3, "best_iteration": 18, "best_ntree_limit": 19, "smooth_f2": 0.019637365408938203, "f2_0.1": 0.012173128944995492, "f2_0.2": 0.4567307692307692, "greedy_threshold": 0.24, "greedy_f2": 0.5828220858895706}, "ensemble_val2_label1.xgb": {"eta": 0.05, "max_depth": 6, "min_child_weight": 3, "best_iteration": 35, "best_ntree_limit": 36, "smooth_f2": 0.41487784171180736, "f2_0.1": 0.5403288958496476, "f2_0.2": 0.7056175376786065, "greedy_threshold": 0.21, "greedy_f2": 0.709741550695825}, "ensemble_val2_label2.xgb": {"eta": 0.05, "max_depth": 7, "min_child_weight": 2, "best_iteration": 3, "best_ntree_limit": 4, "smooth_f2": 0.6281530514846067, "f2_0.1": 0.9800180938520239, "f2_0.2": 0.9800180938520239, "greedy_threshold": 0.45, "greedy_f2": 0.9826652435167615}, "ensemble_val2_label3.xgb": {"eta": 0.05, "max_depth": 6, "min_child_weight": 3, "best_iteration": 4, "best_ntree_limit": 5, "smooth_f2": 0.023360208344416544, "f2_0.1": 0.0219180533190195, "f2_0.2": 0.0219180533190195, "greedy_threshold": 0.4, "greedy_f2": 0.431547619047619}, "ensemble_val2_label4.xgb": {"eta": 0.05, "max_depth": 4, "min_child_weight": 5, "best_iteration": 25, "best_ntree_limit": 26, "smooth_f2": 0.5791706915661147, "f2_0.1": 0.7215720994687813, "f2_0.2": 0.8294023356995649, "greedy_threshold": 0.24, "greedy_f2": 0.8366825854650338}, "ensemble_val2_label5.xgb": {"eta": 0.05, "max_depth": 5, "min_child_weight": 2, "best_iteration": 62, "best_ntree_limit": 63, "smooth_f2": 0.5187077112440093, "f2_0.1": 0.7530393757938668, "f2_0.2": 0.7648174017162243, "greedy_threshold": 0.21, "greedy_f2": 0.766485725774025}, "ensemble_val2_label6.xgb": {"eta": 0.05, "max_depth": 2, "min_child_weight": 1, "best_iteration": 49, "best_ntree_limit": 50, "smooth_f2": 0.050780141674096654, "f2_0.1": 0.3603603603603604, "f2_0.2": 0.28735632183908044, "greedy_threshold": 0.09, "greedy_f2": 0.40598290598290604}, "ensemble_val2_label7.xgb": {"eta": 0.05, "max_depth": 3, "min_child_weight": 3, "best_iteration": 31, "best_ntree_limit": 32, "smooth_f2": 0.16920474764984314, "f2_0.1": 0.11418169783220256, "f2_0.2": 0.5497861942577886, "greedy_threshold": 0.18, "greedy_f2": 0.5635422656699253}, "ensemble_val2_label8.xgb": {"eta": 0.05, "max_depth": 6, "min_child_weight": 2, "best_iteration": 21, "best_ntree_limit": 22, "smooth_f2": 0.8197021021792545, "f2_0.1": 0.9781575507940907, "f2_0.2": 0.9785235963070096, "greedy_threshold": 0.35, "greedy_f2": 0.98158041623475}, "ensemble_val2_label9.xgb": {"eta": 0.05, "max_depth": 2, "min_child_weight": 1, "best_iteration": 28, "best_ntree_limit": 29, "smooth_f2": 0.360428963315374, "f2_0.1": 0.41631240131179403, "f2_0.2": 0.6439266013734098, "greedy_threshold": 0.24, "greedy_f2": 0.656866393747674}, "ensemble_val2_label10.xgb": {"eta": 0.05, "max_depth": 2, "min_child_weight": 1, "best_iteration": 13, "best_ntree_limit": 14, "smooth_f2": 0.33443075160252106, "f2_0.1": 0.27350974534073125, "f2_0.2": 0.27350974534073125, "greedy_threshold": 0.35, "greedy_f2": 0.8095012999290948}, "ensemble_val2_label11.xgb": {"eta": 0.05, "max_depth": 9, "min_child_weight": 4, "best_iteration": 18, "best_ntree_limit": 19, "smooth_f2": 0.13883597553617588, "f2_0.1": 0.10508757297748124, "f2_0.2": 0.441834451901566, "greedy_threshold": 0.27, "greedy_f2": 0.5761067313523348}, "ensemble_val2_label12.xgb": {"eta": 0.05, "max_depth": 5, "min_child_weight": 1, "best_iteration": 41, "best_ntree_limit": 42, "smooth_f2": 0.15577747050542637, "f2_0.1": 0.5594405594405595, "f2_0.2": 0.6682577565632457, "greedy_threshold": 0.17, "greedy_f2": 0.6963470319634704}, "ensemble_val3_label0.xgb": {"eta": 0.05, "max_depth": 2, "min_child_weight": 1, "best_iteration": 9, "best_ntree_limit": 10, "smooth_f2": 0.010061239687902372, "f2_0.1": 0.008591842271863976, "f2_0.2": 0.008591842271863976, "greedy_threshold": 0.4, "greedy_f2": 0.42857142857142855}, "ensemble_val3_label1.xgb": {"eta": 0.05, "max_depth": 6, "min_child_weight": 2, "best_iteration": 32, "best_ntree_limit": 33, "smooth_f2": 0.3807147084054094, "f2_0.1": 0.4337637992084982, "f2_0.2": 0.6971059835745015, "greedy_threshold": 0.24, "greedy_f2": 0.7078467527146077}, "ensemble_val3_label2.xgb": {"eta": 0.05, "max_depth": 5, "min_child_weight": 2, "best_iteration": 37, "best_ntree_limit": 38,