{"ensemble_val1_label0.xgb": {"eta": 0.2, "max_depth": 6, "min_child_weight": 3, "best_iteration": 7, "best_ntree_limit": 8, "smooth_f2": 0.02739792781760939, "f2_0.1": 0.3720930232558139, "f2_0.2": 0.6302521008403361, "greedy_threshold": 0.2, "greedy_f2": 0.6302521008403361}, "ensemble_val1_label1.xgb": {"eta": 0.2, "max_depth": 8, "min_child_weight": 3, "best_iteration": 11, "best_ntree_limit": 12, "smooth_f2": 0.43817695375297444, "f2_0.1": 0.6731259561448242, "f2_0.2": 0.7121181468743677, "greedy_threshold": 0.16, "greedy_f2": 0.7209302325581397}, "ensemble_val1_label2.xgb": {"eta": 0.1, "max_depth": 10, "min_child_weight": 3, "best_iteration": 25, "best_ntree_limit": 26, "smooth_f2": 0.9203174936096434, "f2_0.1": 0.9816180821269379, "f2_0.2": 0.9824585662643462, "greedy_threshold": 0.19, "greedy_f2": 0.9825396511880543}, "ensemble_val1_label3.xgb": {"eta": 0.1, "max_depth": 4, "min_child_weight": 1, "best_iteration": 33, "best_ntree_limit": 34, "smooth_f2": 0.12971024780595056, "f2_0.1": 0.3645833333333333, "f2_0.2": 0.3435114503816794, "greedy_threshold": 0.07, "greedy_f2": 0.4058441558441559}, "ensemble_val1_label4.xgb": {"eta": 0.1, "max_depth": 5, "min_child_weight": 1, "best_iteration": 26, "best_ntree_limit": 27, "smooth_f2": 0.6213576054467449, "f2_0.1": 0.820932428179652, "f2_0.2": 0.8326998004371375, "greedy_threshold": 0.2, "greedy_f2": 0.8326998004371375}, "ensemble_val1_label5.xgb": {"eta": 0.2, "max_depth": 4, "min_child_weight": 2, "best_iteration": 9, "best_ntree_limit": 10, "smooth_f2": 0.49152397421498856, "f2_0.1": 0.7300789040145669, "f2_0.2": 0.7761016276300118, "greedy_threshold": 0.2, "greedy_f2": 0.7761016276300118}, "ensemble_val1_label6.xgb": {"eta": 0.2, "max_depth": 9, "min_child_weight": 3, "best_iteration": 12, "best_ntree_limit": 13, "smooth_f2": 0.07808221340202169, "f2_0.1": 0.4183266932270917, "f2_0.2": 0.41899441340782123, "greedy_threshold": 0.14, "greedy_f2": 0.48717948717948717}, "ensemble_val1_label7.xgb": {"eta": 0.2, "max_depth": 6, "min_child_weight": 1, "best_iteration": 7, "best_ntree_limit": 8, "smooth_f2": 0.17160981928642907, "f2_0.1": 0.2820157189089228, "f2_0.2": 0.5159474671669794, "greedy_threshold": 0.21, "greedy_f2": 0.5210997442455243}, "ensemble_val1_label8.xgb": {"eta": 0.2, "max_depth": 8, "min_child_weight": 3, "best_iteration": 30, "best_ntree_limit": 31, "smooth_f2": 0.9430749688993432, "f2_0.1": 0.9800155257867393, "f2_0.2": 0.9815265530862227, "greedy_threshold": 0.2, "greedy_f2": 0.9815265530862227}, "ensemble_val1_label9.xgb": {"eta": 0.15, "max_depth": 3, "min_child_weight": 1, "best_iteration": 9, "best_ntree_limit": 10, "smooth_f2": 0.36680383858586335, "f2_0.1": 0.4219701996742475, "f2_0.2": 0.6514619883040936, "greedy_threshold": 0.21, "greedy_f2": 0.6551141166525782}, "ensemble_val1_label10.xgb": {"eta": 0.2, "max_depth": 4, "min_child_weight": 2, "best_iteration": 15, "best_ntree_limit": 16, "smooth_f2": 0.5607063231280236, "f2_0.1": 0.7944792391556483, "f2_0.2": 0.8051787916152897, "greedy_threshold": 0.19, "greedy_f2": 0.8053032163024797}, "ensemble_val1_label11.xgb": {"eta": 0.2, "max_depth": 4, "min_child_weight": 2, "best_iteration": 5, "best_ntree_limit": 6, "smooth_f2": 0.15746258439250763, "f2_0.1": 0.10738366769333223, "f2_0.2": 0.5964052287581699, "greedy_threshold": 0.21, "greedy_f2": 0.6064008983717013}, "ensemble_val1_label12.xgb": {"eta": 0.1, "max_depth": 7, "min_child_weight": 2, "best_iteration": 11, "best_ntree_limit": 12, "smooth_f2": 0.06096024737604449, "f2_0.1": 0.02934637616718542, "f2_0.2": 0.5352798053527981, "greedy_threshold": 0.21, "greedy_f2": 0.5398457583547558}, "ensemble_val2_label0.xgb": {"eta": 0.15, "max_depth": 3, "min_child_weight": 3, "best_iteration": 8, "best_ntree_limit": 9, "smooth_f2": 0.02338237951454116, "f2_0.1": 0.012173128944995492, "f2_0.2": 0.5033557046979864, "greedy_threshold": 0.17, "greedy_f2": 0.5214723926380368}, "ensemble_val2_label1.xgb": {"eta": 0.1, "max_depth": 6, "min_child_weight": 2, "best_iteration": 28, "best_ntree_limit": 29, "smooth_f2": 0.47123043872007286, "f2_0.1": 0.6842951581204216, "f2_0.2": 0.711340206185567, "greedy_threshold": 0.2, "greedy_f2": 0.711340206185567}, "ensemble_val2_label2.xgb": {"eta": 0.1, "max_depth": 7, "min_child_weight": 3, "best_iteration": 31, "best_ntree_limit": 32, "smooth_f2": 0.9292416466842423, "f2_0.1": 0.9823453989545321, "f2_0.2": 0.983138293666482, "greedy_threshold": 0.2, "greedy_f2": 0.983138293666482}, "ensemble_val2_label3.xgb": {"eta": 0.2, "max_depth": 6, "min_child_weight": 1, "best_iteration": 7, "best_ntree_limit": 8, "smooth_f2": 0.05992644042141807, "f2_0.1": 0.3033472803347281, "f2_0.2": 0.4545454545454546, "greedy_threshold": 0.21, "greedy_f2": 0.4664179104477612}, "ensemble_val2_label4.xgb": {"eta": 0.1, "max_depth": 8, "min_child_weight": 3, "best_iteration": 19, "best_ntree_limit": 20, "smooth_f2": 0.5833202513144317, "f2_0.1": 0.8012165978709539, "f2_0.2": 0.8346000380011402, "greedy_threshold": 0.2, "greedy_f2": 0.8346000380011402}, "ensemble_val2_label5.xgb": {"eta": 0.2, "max_depth": 5, "min_child_weight": 2, "best_iteration": 8, "best_ntree_limit": 9, "smooth_f2": 0.49651321294191836, "f2_0.1": 0.7087394680323806, "f2_0.2": 0.7655057718646058, "greedy_threshold": 0.2, "greedy_f2": 0.7655057718646058}, "ensemble_val2_label6.xgb": {"eta": 0.1, "max_depth": 5, "min_child_weight": 3, "best_iteration": 17, "best_ntree_limit": 18, "smooth_f2": 0.04011761642500684, "f2_0.1": 0.34482758620689663, "f2_0.2": 0.37634408602150543, "greedy_threshold": 0.13, "greedy_f2": 0.4203539823008849}}